source_rel,target_rel,kind,decision,confidence,length,source_hash,copy_status,target_hash
.$DDD - to finish 1.drawio.bkp,TARGET\[00] Management\[90] Review\[10] Classification Required\[00] Repository Root\$DDD - to finish 1.drawio.bkp,OTHER,REVIEW,LOW,155,48ec7ce8e981e2d2c50adb52a9a20a7c843ab4cc350152755ccafcadc5c1dcd9,,
.$IdP - ERD - Chain.drawio.bkp,TARGET\[00] Management\[90] Review\[10] Classification Required\[00] Repository Root\$IdP - ERD - Chain.drawio.bkp,OTHER,REVIEW,LOW,155,29614b686b56a4f111ae6042d9f3963fdc4361571f5c717f5112b3204f14c3e1,,
.$Untitled Diagram.drawio.dtmp,TARGET\[00] Management\[90] Review\[10] Classification Required\[00] Repository Root\$Untitled Diagram.drawio.dtmp,OTHER,REVIEW,LOW,155,26b68d06c80a3e9936049c0a306c364ceb97d07e377eb32ade88ada987c2700c,,
.gitignore,TARGET\[00] Management\[90] Review\[10] Classification Required\[00] Repository Root\gitignore,OTHER,REVIEW,LOW,135,009c747b58816c4b636800539d7f92aef0df183bf30ca11c29b750583409ab31,,
DDD - to finish 1.drawio,TARGET\[00] Management\[90] Review\[10] Classification Required\[00] Repository Root\_media\DDD - to finish 1.drawio,MEDIA,REVIEW,LOW,157,589f15a03d41fc4a0493461ddf28af9dab2057455223c4fdd3c7d537083c385a,,
DDD - to finish 2.drawio,TARGET\[00] Management\[90] Review\[10] Classification Required\[00] Repository Root\_media\DDD - to finish 2.drawio,MEDIA,REVIEW,LOW,157,3a25156e6c5e8cd68dc05a1af9f353765f465a9443661af149af24f56948578f,,
DDD - to finish 3.drawio,TARGET\[00] Management\[90] Review\[10] Classification Required\[00] Repository Root\_media\DDD - to finish 3.drawio,MEDIA,REVIEW,LOW,157,b616ab3bba6bf081c2830101297f8b90e1bb2b96c907ca71a3dec287f1b3adca,,
DDD Diagram.png,TARGET\[00] Management\[90] Review\[10] Classification Required\[00] Repository Root\_media\DDD Diagram.png,MEDIA,REVIEW,LOW,148,f5d52d31de843354c9df08aa3b2b9f1b030621f8c51ac0bbd3c6f332ec4f944b,,
Guidance Framework for Documenting Application Architecture.drawio,TARGET\[00] Management\[90] Review\[10] Classification Required\[00] Repository Root\_media\Guidance Framework for Documenting Application Architecture.drawio,MEDIA,REVIEW,LOW,199,2872e1c47dacef28172328ed9895cbc9d648cfb03d9fdf5d1fc561a6e66541b5,,
INDEX.md,TARGET\[00] Management\[90] Review\[10] Classification Required\[00] Repository Root\[10] INDEX.md,DOCUMENT,REVIEW,LOW,139,1e9bcb9a4cefb6322fdb83c58b72b245720d95ecc6661779c9eb9a743d281c8c,,
Malware Engines.drawio,TARGET\[00] Management\[90] Review\[10] Classification Required\[00] Repository Root\_media\Malware Engines.drawio,MEDIA,REVIEW,LOW,155,0e62a45e1b031216a3deb738259a78f596e6693b00c7aadf4f9ee8c150831465,,
README.md,TARGET\[00] Management\[90] Review\[10] Classification Required\[00] Repository Root\[20] README.md,DOCUMENT,REVIEW,LOW,140,0d7565a64cbe29b1a3a4ea37e875f2cc099cb7aa87e759a06bdab3bdb5742a72,,
Service Delivery Guidance - The Basics - Contextualising.pptx,TARGET\[00] Management\[90] Review\[10] Classification Required\[00] Repository Root\[40] Service Delivery Guidance - The Basics - Contextualising.pptx,DOCUMENT,REVIEW,LOW,192,5dfac94296c6f8a0e57171f0b9c92fd398b1a68ca3b7cf7c13f37b4597c208a0,,
Unknown - storage.drawio,TARGET\[00] Management\[90] Review\[10] Classification Required\[00] Repository Root\_media\Unknown - storage.drawio,MEDIA,REVIEW,LOW,157,a4cf55f6356a4d4479880fc254380359c28947fe0a295c7e253d8a060d6a09b4,,
_REVIEW_PORTED_REVISIONS.txt,TARGET\[00] Management\[90] Review\[10] Classification Required\[00] Repository Root\[30 - REVIEW] REVIEW_PORTED_REVISIONS.txt,DOCUMENT,REVIEW,LOW,167,31b863f15619b08ae2dec06ef0228d59032be299adf3e80d7001ecc1cdd03de8,,
52.Design\.$Sector Hub Data Schema.drawio.bkp,TARGET\[00] Management\[90] Review\[10] Classification Required\[02] 52.Design\$Sector Hub Data Schema.drawio.bkp,OTHER,REVIEW,LOW,154,f38cdf1820409fe008de3d40a961c119a64c3ebc4ba1bbb2cbdff19058008bc0,,
52.Design\.$Sector Hub Data Schema.drawio.dtmp,TARGET\[00] Management\[90] Review\[10] Classification Required\[02] 52.Design\$Sector Hub Data Schema.drawio.dtmp,OTHER,REVIEW,LOW,155,a8a15fa051339f08e59bbfec5ba75f9fe7224240964756ce3cdc58cbeecd6bd3,,
52.Design\.$Sector Hub Data Schema.drawio_1.dtmp,TARGET\[00] Management\[90] Review\[10] Classification Required\[02] 52.Design\$Sector Hub Data Schema.drawio_1.dtmp,OTHER,REVIEW,LOW,157,5782fd6042c76411cf7735af0e6800758f704b4359f98dd27a2e1ea3d88c995d,,
52.Design\ICT Project - Longitudinal Data Hub Integration API Schema.docx,TARGET\[00] Management\[90] Review\[10] Classification Required\[02] 52.Design\[10] ICT Project - Longitudinal Data Hub Integration API Schema.docx,DOCUMENT,REVIEW,LOW,188,df5b509470cfed68bdb00cfbb83b597d425bb00755786f0a2db7e32fae05d86c,,
52.Design\ICT Project - Longitudinal Data Hub Integration API Schema_hold.docx,TARGET\[00] Management\[90] Review\[10] Classification Required\[02] 52.Design\[20 - SUPERSEDED] ICT Project - Longitudinal Data Hub Integration API Schema_hold.docx,DOCUMENT,REVIEW,LOW,206,df5b509470cfed68bdb00cfbb83b597d425bb00755786f0a2db7e32fae05d86c,,
52.Design\readme.md,TARGET\[50] Design\[10] Architecture\[10] Architecture Direction\[70] readme.md,DOCUMENT,SPLIT,MEDIUM,120,e3b0c44298fc1c149afbf4c8996fb92427ae41e4649b934ca495991b7852b855,,
52.Design\Sector Hub API - Social.drawio,TARGET\[50] Design\[10] Architecture\[10] Architecture Direction\_media\Sector Hub API - Social.drawio,MEDIA,SPLIT,MEDIUM,143,06548c2aa57f6ee44ecfae4641e32fdefa1c0d494a681fd071b681bf462a7fa3,,
52.Design\Sector Hub Data Schema.drawio,TARGET\[00] Management\[90] Review\[10] Classification Required\[02] 52.Design\_media\Sector Hub Data Schema.drawio,MEDIA,REVIEW,LOW,156,535ffee78ba0976c9686f14404524c7e0381961d11ade64101884b7633cefd49,,
52.Design\51.Technical\00.Guidance\ICT Project Guidance - Design - Technical - API Protocols & Extensions[DRAFT].docx,TARGET\[50] Design\[10] Architecture\[10] Architecture Direction\[10 - DRAFT] ICT Project Guidance - Design - Technical - API Protocols & Extensions.docx,DOCUMENT,SPLIT,MEDIUM,194,b60ef4660e56210134e7e3c3c54a4c33de7f4eff37ddf55df2c89ad3a31d7071,,
52.Design\51.Technical\00.Guidance\ICT Project Guidance - Design - Technical - BREAD-based Interface View Organisation.docx,TARGET\[50] Design\[10] Architecture\[10] Architecture Direction\[20] ICT Project Guidance - Design - Technical - BREAD-based Interface View Organisation.docx,DOCUMENT,SPLIT,MEDIUM,199,17083060f97e76bb825a6b7c65a05f0432f3ec30cf93f51b7e61146f9be0b39a,,
52.Design\51.Technical\00.Guidance\ICT Project Guidance - Design - Technical - Data Access using ORMs.docx,TARGET\[00] Management\[90] Review\[10] Classification Required\[03] 00.Guidance\[10] ICT Project Guidance - Design - Technical - Data Access using ORMs.docx,DOCUMENT,REVIEW,LOW,198,bd8128590ba55fab9cb7f2ae4f4a401cb81295db34107cdbf76aa19971fca4f7,,
52.Design\51.Technical\00.Guidance\ICT Project Guidance - Design - Technical - Integrations via ETL.docx,TARGET\[00] Management\[90] Review\[10] Classification Required\[03] 00.Guidance\[20] ICT Project Guidance - Design - Technical - Integrations via ETL.docx,DOCUMENT,REVIEW,LOW,196,ca69e0e3ca0b66a97fda4bd48c45a17348aae81c104cf58b31413985fd8edf7d,,
52.Design\51.Technical\00.Guidance\ICT Project Guidance - Design - Technical - Item Grouping.docx,TARGET\[50] Design\[10] Architecture\[10] Architecture Direction\[30] ICT Project Guidance - Design - Technical - Item Grouping.docx,DOCUMENT,SPLIT,MEDIUM,173,3e4373e318184ca7d016f567086ad3239dd8c52c529198c159843ce75efad17e,,
52.Design\51.Technical\00.Guidance\ICT Project Guidance - Design - Technical - Reference Data and CodeSets Structures.docx,TARGET\[50] Design\[10] Architecture\[10] Architecture Direction\[40] ICT Project Guidance - Design - Technical - Reference Data and CodeSets Structures.docx,DOCUMENT,SPLIT,MEDIUM,198,32a28225050eba2c3e103f7359e083b623b7785404c9360bc6766ba242c45dbc,,
52.Design\51.Technical\00.Guidance\README.md,TARGET\[50] Design\[10] Architecture\[10] Architecture Direction\[60] README.md,DOCUMENT,SPLIT,MEDIUM,120,70135565a1670fea55852da440bf28c409d95d9c6d5e44f5096af7a0df59f789,,
52.Design\51.Technical\00.Guidance\01.Draft\ICT Project Guidance - Design - Technical - Catalogue of Common Views to Consider [DRAFT].docx,TARGET\[00] Management\[90] Review\[10] Classification Required\[04] 01.Draft\[10 - DRAFT] ICT Project Guidance - Design - Technical - Catalogue of Common Views to Consider.docx,DOCUMENT,REVIEW,LOW,218,061aa12c1fc4def61e711dcde1ab3057e19fb700dfd899a577fdd22fce8e17f6,,
52.Design\51.Technical\00.Guidance\01.Draft\ICT Project Guidance - Design - Technical - Data Access using ORMs [DRAFT].docx,TARGET\[60] Delivery\[40] Core Service\[30] Identity Access and Sessions\[10 - DRAFT] ICT Project Guidance - Design - Technical - Data Access using ORMs.docx,DOCUMENT,SPLIT,MEDIUM,198,bd8128590ba55fab9cb7f2ae4f4a401cb81295db34107cdbf76aa19971fca4f7,,
52.Design\51.Technical\00.Guidance\01.Draft\ICT Project Guidance - Design - Technical - Resource Deletion versus Versioning [DRAFT].docx,TARGET\[00] Management\[90] Review\[10] Classification Required\[04] 01.Draft\[20 - DRAFT] ICT Project Guidance - Design - Technical - Resource Deletion versus Versioning.docx,DOCUMENT,REVIEW,LOW,216,776fb20139f91caabfcd7ca6227a2e2e6ab4c310ee1b1ba7c617b986c38421ea,,
52.Design\51.Technical\00.Guidance\01.Draft\ICT Project Guidance - Design - Technical - Search and Navigation [DRAFT].docx,TARGET\[00] Management\[90] Review\[10] Classification Required\[04] 01.Draft\[30 - DRAFT] ICT Project Guidance - Design - Technical - Search and Navigation.docx,DOCUMENT,REVIEW,LOW,202,49ed311c053ede40f680f6ec2e83a2b733a5200ba7a395a95bcb17e37e13eb6f,,
52.Design\51.Technical\00.Guidance\01.Draft\ICT Project Guidance - Design - Technical - User Interface Structuring [DRAFT].docx,TARGET\[60] Delivery\[60] Client Applications\[30] User Interfaces\[05 - DRAFT] ICT Project Guidance - Design - Technical - User Interface Structuring.docx,DOCUMENT,SPLIT,MEDIUM,196,d3ae1492f27b7afadc5d8d202f274899c9dc0f7626690157db81532c24b89dcc,,
99.Archive\readme.md,TARGET\[00] Management\[10] Repository\[10] Indexes and Navigation\[10 - SUPERSEDED] readme.md,DOCUMENT,MERGE,HIGH,135,e3b0c44298fc1c149afbf4c8996fb92427ae41e4649b934ca495991b7852b855,,
99.Archive\01.Legacy\00.Context (Business) View - LEGACY.drawio,TARGET\[90] Closure\[30] Decommissioning\[20] Migration and Retention\_media\Context (Business) View - LEGACY.drawio,MEDIA,MERGE,HIGH,157,36aeaad6e8414331a63f9654841b90e101f41bccc17f71de4ab17585c6f51781,,
99.Archive\01.Legacy\_placeholder.txt,TARGET\[90] Closure\[30] Decommissioning\[20] Migration and Retention\[10 - SUPERSEDED] placeholder.txt,DOCUMENT,MERGE,HIGH,144,e3b0c44298fc1c149afbf4c8996fb92427ae41e4649b934ca495991b7852b855,,
[03] Images\[00].Deployment View\Deployment View - Deliverables - Environments.drawio.png,TARGET\[60] Delivery\[80] Release and Deployment\[20] Deployment\_media\Deployment View - Deliverables - Environments.drawio.png,MEDIA,MERGE,HIGH,169,a518280943c85083c54291bb404f28a18cdd098349dae9c40069cda726f7ab97,,
[03] Images\[00].Deployment View\_placeholder.txt,TARGET\[60] Delivery\[80] Release and Deployment\[20] Deployment\[02 - SUPERSEDED] placeholder.txt,DOCUMENT,MERGE,HIGH,139,e3b0c44298fc1c149afbf4c8996fb92427ae41e4649b934ca495991b7852b855,,
[04.aa] Diagrams\.$Patterns - CQRS.drawio.bkp,TARGET\[50] Design\[10] Architecture\[30] Patterns and Principles\$Patterns - CQRS.drawio.bkp,OTHER,SPLIT,MEDIUM,134,a253131270dcc45c642072ed2ec6fdb16300016ddde688d02d00a407adf78a60,,
"[04.aa] Diagrams\.$[00.00] Sets - Page, Limit, Offset, Cursor.drawio.bkp","TARGET\[00] Management\[90] Review\[10] Classification Required\[05] [04.aa] Diagrams\$[00.00] Sets - Page, Limit, Offset, Cursor.drawio.bkp",OTHER,REVIEW,LOW,181,f38cdf1820409fe008de3d40a961c119a64c3ebc4ba1bbb2cbdff19058008bc0,,
[04.aa] Diagrams\.$[000.00] Migrations - Data & Data Links Internal & External - TODO.drawio.bkp,TARGET\[00] Management\[90] Review\[10] Classification Required\[05] [04.aa] Diagrams\$[000.00] Migrations - Data & Data Links Internal & External - TODO.drawio.bkp,OTHER,REVIEW,LOW,205,f38cdf1820409fe008de3d40a961c119a64c3ebc4ba1bbb2cbdff19058008bc0,,
[04.aa] Diagrams\.$[43.ha] Information - Metadata - TODO.drawio.bkp,TARGET\[50] Design\[20] Information\[30] Quality Metadata and Records\$[43.ha] Information - Metadata - TODO.drawio.bkp,OTHER,SPLIT,MEDIUM,160,f38cdf1820409fe008de3d40a961c119a64c3ebc4ba1bbb2cbdff19058008bc0,,
[04.aa] Diagrams\.$[470.00] Delivery - Constraints - Scheduling - 20250831 - TLS1.1 Retirement from Azure Services.drawio.bkp,TARGET\[60] Delivery\[50] Integrations\[30] External Services\$[470.00] Delivery - Constraints - Scheduling - 20250831 - TLS1.1 Retirement from Azure Services.drawio.bkp,OTHER,SPLIT,MEDIUM,210,f38cdf1820409fe008de3d40a961c119a64c3ebc4ba1bbb2cbdff19058008bc0,,
[04.aa] Diagrams\.$[680.00] Component View - DDD.drawio.bkp,TARGET\[60] Delivery\[70] Verification\[10] Component and System Testing\$[680.00] Component View - DDD.drawio.bkp,OTHER,SPLIT,MEDIUM,155,2c9a7ff9ec9f86c245e09ff6e81d8db038178ae1ff7ab3ce5ab2443e6e90ccb5,,
[04.aa] Diagrams\Functionality View - Analysis - Comparison of different User & Group Management Capabilities Depending on Platform Choices.drawio,TARGET\[50] Design\[30] Functionality\[10] Capabilities and Functions\_media\Functionality View - Analysis - Comparison of different User & Group Management Capab~bfbc5e82.drawio,MEDIA,SPLIT,MEDIUM,219,d0848f6383b46e1fbd7d9996fac46229155497bc6be39fcf00abba9e813de1d1,,
[04.aa] Diagrams\mai.drawio,TARGET\[00] Management\[90] Review\[10] Classification Required\[05] [04.aa] Diagrams\_media\mai.drawio,MEDIA,REVIEW,LOW,144,3a96cb7213168104e1a9b53668ec3eaa0b20f88451768363583539ec997a946b,,
[04.aa] Diagrams\Patterns - CQRS.drawio,TARGET\[50] Design\[10] Architecture\[30] Patterns and Principles\_media\Patterns - CQRS.drawio,MEDIA,SPLIT,MEDIUM,136,372ad9bc51bcb4776d89daa32af9507e33f95a1b435c43d5e9ac68343779221b,,
"[04.aa] Diagrams\[00.00] Sets - Page, Limit, Offset, Cursor.drawio","TARGET\[00] Management\[90] Review\[10] Classification Required\[05] [04.aa] Diagrams\_media\Sets - Page, Limit, Offset, Cursor.drawio",MEDIA,REVIEW,LOW,175,84abe9b144f2c23e629e1836fca3fb8c07a9f5cbca02cc7aae872110ed2f09f9,,
[04.aa] Diagrams\[00.00] TODO.drawio,TARGET\[00] Management\[90] Review\[10] Classification Required\[05] [04.aa] Diagrams\_media\unnamed.drawio,MEDIA,REVIEW,LOW,148,f38cdf1820409fe008de3d40a961c119a64c3ebc4ba1bbb2cbdff19058008bc0,,
[04.aa] Diagrams\[000.00] BLANK.drawio,TARGET\[00] Management\[90] Review\[10] Classification Required\[05] [04.aa] Diagrams\_media\BLANK.drawio,MEDIA,REVIEW,LOW,146,f38cdf1820409fe008de3d40a961c119a64c3ebc4ba1bbb2cbdff19058008bc0,,
[04.aa] Diagrams\[000.00] Migrations - Data & Data Links Internal & External - TODO.drawio,TARGET\[00] Management\[90] Review\[10] Classification Required\[05] [04.aa] Diagrams\_media\Migrations - Data & Data Links Internal & External.drawio,MEDIA,REVIEW,LOW,191,91d45f1e95acb6f0a23f47aa9156f1493c929f3b04eda3bbd36c83249dbae189,,
[04.aa] Diagrams\[012.00] DocumeDiagrams - Togaf to Archimate Relationships.drawio,TARGET\[00] Management\[90] Review\[10] Classification Required\[05] [04.aa] Diagrams\_media\DocumeDiagrams - Togaf to Archimate Relationships.drawio,MEDIA,REVIEW,LOW,190,f1988c75bac3abb482ac8ba3dd833871d966d5a8c0b0b315c793197d3f489f86,,
[04.aa] Diagrams\[012.00] Documenation - Diagrams - ERD.drawio,TARGET\[00] Management\[90] Review\[10] Classification Required\[05] [04.aa] Diagrams\_media\Documenation - Diagrams - ERD.drawio,MEDIA,REVIEW,LOW,170,fde6134e2557344827d55580e1ca67b4fc0d010c09a997a763123f6808a2e279,,
[04.aa] Diagrams\[012.00] DocumenDiagrams - UML - Component & Class Diagram.drawio,TARGET\[60] Delivery\[70] Verification\[10] Component and System Testing\_media\DocumenDiagrams - UML - Component & Class Diagram.drawio,MEDIA,SPLIT,MEDIUM,177,8a93a4fb1327e33438f69028dca307b3625f1295e055e727e34d3e83fdfd2096,,
[04.aa] Diagrams\[10.00].----- -----.drawio,TARGET\[00] Management\[90] Review\[10] Classification Required\[05] [04.aa] Diagrams\_media\unnamed - e4ed371f.drawio,MEDIA,REVIEW,LOW,159,f38cdf1820409fe008de3d40a961c119a64c3ebc4ba1bbb2cbdff19058008bc0,,
[04.aa] Diagrams\[100.00] _____ _____ _____ _____ _____,TARGET\[00] Management\[90] Review\[10] Classification Required\[05] [04.aa] Diagrams\[100.00] _____ _____ _____ _____ _____,OTHER,REVIEW,LOW,165,e3b0c44298fc1c149afbf4c8996fb92427ae41e4649b934ca495991b7852b855,,
[04.aa] Diagrams\[101.aa] Context - Strategic Position Decision Matrix.drawio,TARGET\[00] Management\[90] Review\[10] Classification Required\[05] [04.aa] Diagrams\_media\Context - Strategic Position Decision Matrix.drawio,MEDIA,REVIEW,LOW,185,db7f52fafd8e6db15ac086689871d136fd9bc8dca9c650fe8f896aa0b690f411,,
[04.aa] Diagrams\[110.00] Context - Market - PESTELE.drawio,TARGET\[00] Management\[90] Review\[10] Classification Required\[05] [04.aa] Diagrams\_media\Context - Market - PESTELE.drawio,MEDIA,REVIEW,LOW,167,f38cdf1820409fe008de3d40a961c119a64c3ebc4ba1bbb2cbdff19058008bc0,,
[04.aa] Diagrams\[110.00] _____ _____ _____ _____ _____,TARGET\[00] Management\[90] Review\[10] Classification Required\[05] [04.aa] Diagrams\[110.00] _____ _____ _____ _____ _____,OTHER,REVIEW,LOW,165,e3b0c44298fc1c149afbf4c8996fb92427ae41e4649b934ca495991b7852b855,,
[04.aa] Diagrams\[111.ac] Context - Market - PESTLE (+) (AM).drawio,TARGET\[00] Management\[90] Review\[10] Classification Required\[05] [04.aa] Diagrams\_media\Context - Market - PESTLE (+) (AM).drawio,MEDIA,REVIEW,LOW,175,7478eaf0d5a0146414c6ac8f95bd568004d0c55421c373b6bd341c15c09a9db2,,
[04.aa] Diagrams\[111.ad] Context - Market - PESTLE (HL).drawio,TARGET\[00] Management\[90] Review\[10] Classification Required\[05] [04.aa] Diagrams\_media\Context - Market - PESTLE (HL).drawio,MEDIA,REVIEW,LOW,171,3f4b42cbd548d5b5e9038dee16d306b1b151c137fd190448b5b44d733be9c48a,,
[04.aa] Diagrams\[111.ae] Context - Market - PESTLE (HL+Subtitles).drawio,TARGET\[00] Management\[90] Review\[10] Classification Required\[05] [04.aa] Diagrams\_media\Context - Market - PESTLE (HL+Subtitles).drawio,MEDIA,REVIEW,LOW,181,efda6bff8a0f99456a471a387706fe5a7821dd336d0647efc3dd096488bce512,,
[04.aa] Diagrams\[112.00] Context - Market - PESTELE - Political - TODO.drawio,TARGET\[00] Management\[90] Review\[10] Classification Required\[05] [04.aa] Diagrams\_media\Context - Market - PESTELE - Political.drawio,MEDIA,REVIEW,LOW,179,f38cdf1820409fe008de3d40a961c119a64c3ebc4ba1bbb2cbdff19058008bc0,,
[04.aa] Diagrams\[113.00] Context - Market - PESTELE - Economics - TODO.drawio,TARGET\[00] Management\[90] Review\[10] Classification Required\[05] [04.aa] Diagrams\_media\Context - Market - PESTELE - Economics.drawio,MEDIA,REVIEW,LOW,179,f38cdf1820409fe008de3d40a961c119a64c3ebc4ba1bbb2cbdff19058008bc0,,
[04.aa] Diagrams\[114.00] Context - Market - PESTELE - Social - TODO.drawio,TARGET\[00] Management\[90] Review\[10] Classification Required\[05] [04.aa] Diagrams\_media\Context - Market - PESTELE - Social.drawio,MEDIA,REVIEW,LOW,176,f38cdf1820409fe008de3d40a961c119a64c3ebc4ba1bbb2cbdff19058008bc0,,
[04.aa] Diagrams\[115.00] Context - Market - PESTELE - Technological - TODO.drawio,TARGET\[00] Management\[90] Review\[10] Classification Required\[05] [04.aa] Diagrams\_media\Context - Market - PESTELE - Technological.drawio,MEDIA,REVIEW,LOW,183,f38cdf1820409fe008de3d40a961c119a64c3ebc4ba1bbb2cbdff19058008bc0,,
[04.aa] Diagrams\[116.00] Context - Market - PESTELE - Environmental - TODO.drawio,TARGET\[00] Management\[90] Review\[10] Classification Required\[05] [04.aa] Diagrams\_media\Context - Market - PESTELE - Environmental.drawio,MEDIA,REVIEW,LOW,183,f38cdf1820409fe008de3d40a961c119a64c3ebc4ba1bbb2cbdff19058008bc0,,
[04.aa] Diagrams\[117.00] Context - Market - PESTELE - Legal - TODO.drawio,TARGET\[00] Management\[90] Review\[10] Classification Required\[05] [04.aa] Diagrams\_media\Context - Market - PESTELE - Legal.drawio,MEDIA,REVIEW,LOW,175,f38cdf1820409fe008de3d40a961c119a64c3ebc4ba1bbb2cbdff19058008bc0,,
[04.aa] Diagrams\[118.00] Context - Market - PESTELE - Ethical - TODO.drawio,TARGET\[00] Management\[90] Review\[10] Classification Required\[05] [04.aa] Diagrams\_media\Context - Market - PESTELE - Ethical.drawio,MEDIA,REVIEW,LOW,177,f38cdf1820409fe008de3d40a961c119a64c3ebc4ba1bbb2cbdff19058008bc0,,
[04.aa] Diagrams\[120.00] _____ _____ _____ _____ _____,TARGET\[00] Management\[90] Review\[10] Classification Required\[05] [04.aa] Diagrams\[120.00] _____ _____ _____ _____ _____,OTHER,REVIEW,LOW,165,e3b0c44298fc1c149afbf4c8996fb92427ae41e4649b934ca495991b7852b855,,
[04.aa] Diagrams\[120.aa] Context - Sectors TODO.drawio,TARGET\[00] Management\[90] Review\[10] Classification Required\[05] [04.aa] Diagrams\_media\Context - Sectors TODO.drawio,MEDIA,REVIEW,LOW,163,f38cdf1820409fe008de3d40a961c119a64c3ebc4ba1bbb2cbdff19058008bc0,,
[04.aa] Diagrams\[130.00] _____ _____ _____ _____ _____,TARGET\[00] Management\[90] Review\[10] Classification Required\[05] [04.aa] Diagrams\[130.00] _____ _____ _____ _____ _____,OTHER,REVIEW,LOW,165,e3b0c44298fc1c149afbf4c8996fb92427ae41e4649b934ca495991b7852b855,,
[04.aa] Diagrams\[130.aa] Context - Regions - Types of Places.drawio,TARGET\[00] Management\[90] Review\[10] Classification Required\[05] [04.aa] Diagrams\_media\Context - Regions - Types of Places.drawio,MEDIA,REVIEW,LOW,176,9aed931197f81fabfbb37f3e5b113e3cc6a3c68ae657cbc52e129363b1b4e207,,
[04.aa] Diagrams\[140.00] _____ _____ _____ _____ _____,TARGET\[00] Management\[90] Review\[10] Classification Required\[05] [04.aa] Diagrams\[140.00] _____ _____ _____ _____ _____,OTHER,REVIEW,LOW,165,e3b0c44298fc1c149afbf4c8996fb92427ae41e4649b934ca495991b7852b855,,
[04.aa] Diagrams\[141.00] Context - Market - Trends.drawio,TARGET\[00] Management\[90] Review\[10] Classification Required\[05] [04.aa] Diagrams\_media\Context - Market - Trends.drawio,MEDIA,REVIEW,LOW,166,f38cdf1820409fe008de3d40a961c119a64c3ebc4ba1bbb2cbdff19058008bc0,,
[04.aa] Diagrams\[141.ba] Context - Market - Target - Template.drawio,TARGET\[00] Management\[90] Review\[10] Classification Required\[05] [04.aa] Diagrams\_media\Context - Market - Target - Template.drawio,MEDIA,REVIEW,LOW,177,5089fca9598fb1c7c14cd3265e056b623ffcb55d40a264ee7192425882b0d574,,
[04.aa] Diagrams\[141.bb] Context - Market - Trends - ITC.drawio,TARGET\[00] Management\[90] Review\[10] Classification Required\[05] [04.aa] Diagrams\_media\Context - Market - Trends - ITC.drawio,MEDIA,REVIEW,LOW,172,a5ed51d21f7b61b787db392f4a6d7b2eeb62506a2e1db1b4848f46fbf277ee47,,
[04.aa] Diagrams\[141.bb] Context - Market - Trends - Tech Users.drawio,TARGET\[00] Management\[90] Review\[10] Classification Required\[05] [04.aa] Diagrams\_media\Context - Market - Trends - Tech Users.drawio,MEDIA,REVIEW,LOW,179,5457cbc94d9adf9ec830d29feebb70af05e2b9b5c0e494f76dc00616163f7242,,
[04.aa] Diagrams\[141.bb] Context - Market - Trends - Technology.drawio,TARGET\[00] Management\[90] Review\[10] Classification Required\[05] [04.aa] Diagrams\_media\Context - Market - Trends - Technology.drawio,MEDIA,REVIEW,LOW,179,a75ae3a8b8fe98dc444d4d7fdb7662319dd133ae092eb90b4863e92659a8d101,,
[04.aa] Diagrams\[150.00] _____ _____ _____ _____ _____,TARGET\[00] Management\[90] Review\[10] Classification Required\[05] [04.aa] Diagrams\[150.00] _____ _____ _____ _____ _____,OTHER,REVIEW,LOW,165,e3b0c44298fc1c149afbf4c8996fb92427ae41e4649b934ca495991b7852b855,,
[04.aa] Diagrams\[160.00] _____ _____ _____ _____ _____,TARGET\[00] Management\[90] Review\[10] Classification Required\[05] [04.aa] Diagrams\[160.00] _____ _____ _____ _____ _____,OTHER,REVIEW,LOW,165,e3b0c44298fc1c149afbf4c8996fb92427ae41e4649b934ca495991b7852b855,,
[04.aa] Diagrams\[170.00] _____ _____ _____ _____ _____,TARGET\[00] Management\[90] Review\[10] Classification Required\[05] [04.aa] Diagrams\[170.00] _____ _____ _____ _____ _____,OTHER,REVIEW,LOW,165,e3b0c44298fc1c149afbf4c8996fb92427ae41e4649b934ca495991b7852b855,,
[04.aa] Diagrams\[180.00] _____ _____ _____ _____ _____,TARGET\[00] Management\[90] Review\[10] Classification Required\[05] [04.aa] Diagrams\[180.00] _____ _____ _____ _____ _____,OTHER,REVIEW,LOW,165,e3b0c44298fc1c149afbf4c8996fb92427ae41e4649b934ca495991b7852b855,,
[04.aa] Diagrams\[190.00] _____ _____ _____ _____ _____,TARGET\[00] Management\[90] Review\[10] Classification Required\[05] [04.aa] Diagrams\[190.00] _____ _____ _____ _____ _____,OTHER,REVIEW,LOW,165,e3b0c44298fc1c149afbf4c8996fb92427ae41e4649b934ca495991b7852b855,,
[04.aa] Diagrams\[200.00] _____ _____ _____ _____ _____,TARGET\[00] Management\[90] Review\[10] Classification Required\[05] [04.aa] Diagrams\[200.00] _____ _____ _____ _____ _____,OTHER,REVIEW,LOW,165,e3b0c44298fc1c149afbf4c8996fb92427ae41e4649b934ca495991b7852b855,,
[04.aa] Diagrams\[201.ca] Context - Organisation - Purpose - TODO.drawio,TARGET\[00] Management\[90] Review\[10] Classification Required\[05] [04.aa] Diagrams\_media\Context - Organisation - Purpose.drawio,MEDIA,REVIEW,LOW,173,f38cdf1820409fe008de3d40a961c119a64c3ebc4ba1bbb2cbdff19058008bc0,,
[04.aa] Diagrams\[21.00].----- -----.drawio,TARGET\[00] Management\[90] Review\[10] Classification Required\[05] [04.aa] Diagrams\_media\unnamed - 3d85b001.drawio,MEDIA,REVIEW,LOW,159,f38cdf1820409fe008de3d40a961c119a64c3ebc4ba1bbb2cbdff19058008bc0,,
[04.aa] Diagrams\[21.aa] Context - SDLC.drawio,TARGET\[00] Management\[90] Review\[10] Classification Required\[05] [04.aa] Diagrams\_media\Context - SDLC.drawio,MEDIA,REVIEW,LOW,155,30257a5a5726d776b225d18f4954e572250dfdc2c0237f6e3d26dfee2e385660,,
[04.aa] Diagrams\[21.be] Context - Organisations TODO.drawio,TARGET\[00] Management\[90] Review\[10] Classification Required\[05] [04.aa] Diagrams\_media\Context - Organisations TODO.drawio,MEDIA,REVIEW,LOW,169,f38cdf1820409fe008de3d40a961c119a64c3ebc4ba1bbb2cbdff19058008bc0,,
[04.aa] Diagrams\[21.bh] Context - Analysis - Gap Analysis.drawio,TARGET\[00] Management\[90] Review\[10] Classification Required\[05] [04.aa] Diagrams\_media\Context - Analysis - Gap Analysis.drawio,MEDIA,REVIEW,LOW,174,1dddbf4ae10e7f10245f8c46710b4d7af554900510c2942b93ec4772ebf62bbf,,
[04.aa] Diagrams\[210.00] _____ _____ _____ _____ _____,TARGET\[00] Management\[90] Review\[10] Classification Required\[05] [04.aa] Diagrams\[210.00] _____ _____ _____ _____ _____,OTHER,REVIEW,LOW,165,e3b0c44298fc1c149afbf4c8996fb92427ae41e4649b934ca495991b7852b855,,
[04.aa] Diagrams\[210.cb] Context - Organisation - Values.drawio,TARGET\[00] Management\[90] Review\[10] Classification Required\[05] [04.aa] Diagrams\_media\Context - Organisation - Values.drawio,MEDIA,REVIEW,LOW,172,61741d53957642fa6c62f615c1e648bc726d8030bdec6edd24f4e5b23ac9f72f,,
[04.aa] Diagrams\[22.00].----- -----.drawio,TARGET\[00] Management\[90] Review\[10] Classification Required\[05] [04.aa] Diagrams\_media\unnamed - b982ab8d.drawio,MEDIA,REVIEW,LOW,159,f38cdf1820409fe008de3d40a961c119a64c3ebc4ba1bbb2cbdff19058008bc0,,
[04.aa] Diagrams\[220.00] _____ _____ _____ _____ _____,TARGET\[00] Management\[90] Review\[10] Classification Required\[05] [04.aa] Diagrams\[220.00] _____ _____ _____ _____ _____,OTHER,REVIEW,LOW,165,e3b0c44298fc1c149afbf4c8996fb92427ae41e4649b934ca495991b7852b855,,
[04.aa] Diagrams\[220.cc] Context - Organisation - Principles.drawio,TARGET\[00] Management\[90] Review\[10] Classification Required\[05] [04.aa] Diagrams\_media\Context - Organisation - Principles.drawio,MEDIA,REVIEW,LOW,176,f38cdf1820409fe008de3d40a961c119a64c3ebc4ba1bbb2cbdff19058008bc0,,
[04.aa] Diagrams\[23.00].----- -----.drawio,TARGET\[00] Management\[90] Review\[10] Classification Required\[05] [04.aa] Diagrams\_media\unnamed - e7e48938.drawio,MEDIA,REVIEW,LOW,159,f38cdf1820409fe008de3d40a961c119a64c3ebc4ba1bbb2cbdff19058008bc0,,
[04.aa] Diagrams\[23.ca] Business - Business - Business - Service - Users - User Journey - Template.drawio,TARGET\[00] Management\[90] Review\[10] Classification Required\[05] [04.aa] Diagrams\_media\Business - Business - Business - Service - Users - User Journey - Template.drawio,MEDIA,REVIEW,LOW,215,d734d61e70e2481c07303056964c2b886db5aecba8ec39c895a010a69c8275c9,,
[04.aa] Diagrams\[23.ca] Business - Service - Users - User Journey - Scenarios - Template.drawio,TARGET\[00] Management\[90] Review\[10] Classification Required\[05] [04.aa] Diagrams\_media\Business - Service - Users - User Journey - Scenarios - Template.drawio,MEDIA,REVIEW,LOW,205,caa893c9d7045528cc0e8cdfebc46af1c6f251e7b7a5b7e7277e678c5fe46886,,
[04.aa] Diagrams\[23.ca] Context - Business - Service  - Users - Experience.drawio,TARGET\[30] Discovery\[10] Context\[10] Business Context\_media\Context - Business - Service - Users - Experience.drawio,MEDIA,SPLIT,MEDIUM,161,f4acc1f92cf83d92962053934cbcd41d0405548792d569a05736939a280a0371,,
[04.aa] Diagrams\[23.ca] Context - Business - Service - Users - Categorisation - Default Users.drawio,TARGET\[30] Discovery\[10] Context\[10] Business Context\_media\Context - Business - Service - Users - Categorisation - Default Users.drawio,MEDIA,SPLIT,MEDIUM,181,31fd55ab7dcff5fc7a0ab8829d41810c40e97d6df2d2146a4921f65b834a1fd9,,
[04.aa] Diagrams\[23.ca] Context - Business - Service - Users - Categorisation - Equal Opportunity Environment Users.drawio,TARGET\[30] Discovery\[10] Context\[10] Business Context\_media\Context - Business - Service - Users - Categorisation - Equal Opportunity Environment Users.drawio,MEDIA,SPLIT,MEDIUM,203,555bb3d90a61077422b509e459d7488d229f3db371dc75e8df698229b1267cdb,,
[04.aa] Diagrams\[23.ca] Context - Business - Service - Users - Categorisation - Traditional Groups.drawio,TARGET\[30] Discovery\[10] Context\[10] Business Context\_media\Context - Business - Service - Users - Categorisation - Traditional Groups.drawio,MEDIA,SPLIT,MEDIUM,186,b7dfa7dc57aec36f18d3037305d4aad423456cb7d2e48e109c58731dbd7c9684,,
[04.aa] Diagrams\[23.ca] Context - Business - Service - Users - Categorisation - Usage Context.drawio,TARGET\[30] Discovery\[10] Context\[10] Business Context\_media\Context - Business - Service - Users - Categorisation - Usage Context.drawio,MEDIA,SPLIT,MEDIUM,181,0f1d8f68a302130bad46008b312c2b2b95966d21bf10e56049f13149499dab38,,
[04.aa] Diagrams\[23.ca] Context - Business - Service - Users - Decision Matrix - Access - Blank.drawio,TARGET\[00] Management\[90] Review\[10] Classification Required\[05] [04.aa] Diagrams\_media\Context - Business - Service - Users - Decision Matrix - Access - Blank.drawio,MEDIA,REVIEW,LOW,212,4c9ae4b2517227abf37c79c0e4f97e99be0341eb194049072698626884dcf0c0,,
[04.aa] Diagrams\[23.ca] Context - Business - Service - Users - Decision Matrix - Access - Default.drawio,TARGET\[00] Management\[90] Review\[10] Classification Required\[05] [04.aa] Diagrams\_media\Context - Business - Service - Users - Decision Matrix - Access - Default.drawio,MEDIA,REVIEW,LOW,214,97d08f072522a64cbe45b29a98934b3da1b7a382b7036b512805b777f9dc53a2,,
[04.aa] Diagrams\[23.ca] Context - Business - Service - Users - Decision Matrix - Resources - Blank.drawio,TARGET\[30] Discovery\[10] Context\[10] Business Context\_media\Context - Business - Service - Users - Decision Matrix - Resources - Blank.drawio,MEDIA,SPLIT,MEDIUM,186,78adfdfd6d359da690ed65606199c4f47afd2e41836c77c4aa7bbe9f1fd81992,,
[04.aa] Diagrams\[23.ca] Context - Business - Service - Users - Decision Matrix - Resources - Example.drawio,TARGET\[30] Discovery\[10] Context\[10] Business Context\_media\Context - Business - Service - Users - Decision Matrix - Resources - Example.drawio,MEDIA,SPLIT,MEDIUM,188,53ea1cd14e581c96b483ff7759c4a33331af07b0a010366480c5b7672640a4a8,,
[04.aa] Diagrams\[23.ca] Context - Business - Service - Users - Decision Matrix - Users - Blank.drawio,TARGET\[30] Discovery\[10] Context\[10] Business Context\_media\Context - Business - Service - Users - Decision Matrix - Users - Blank.drawio,MEDIA,SPLIT,MEDIUM,182,e501ff9223b42df439017ac85decdd647a84f0bd2685f25c55577893bb130e0e,,
[04.aa] Diagrams\[23.ca] Context - Business - Service - Users - Decision Matrix - Users - Example.drawio,TARGET\[30] Discovery\[10] Context\[10] Business Context\_media\Context - Business - Service - Users - Decision Matrix - Users - Example.drawio,MEDIA,SPLIT,MEDIUM,184,bf2f4e682985b846da9a90453df8faacb4fdf9ed78dd345c0c66574d57a6d502,,
[04.aa] Diagrams\[23.ca] Context - Business - Service - Users - Demographics Matrix.drawio,TARGET\[30] Discovery\[10] Context\[10] Business Context\_media\Context - Business - Service - Users - Demographics Matrix.drawio,MEDIA,SPLIT,MEDIUM,170,ebb86989f508f445b0883cf6c5e7905e337707a278a9f2b050a5ed60b7070b0b,,
[04.aa] Diagrams\[23.ca] Context - Business - Service - Users - Options - Comparison of User Mapping Methods.drawio,TARGET\[30] Discovery\[10] Context\[10] Business Context\_media\Context - Business - Service - Users - Options - Comparison of User Mapping Methods.drawio,MEDIA,SPLIT,MEDIUM,195,9d8a642c516c36312b3a20bd7f4859d80853c3d5df12d4648e741ba973bc6d6f,,
[04.aa] Diagrams\[23.ca] Context - Business - Service - Users - Processes - TODO.drawio,TARGET\[30] Discovery\[10] Context\[10] Business Context\_media\Context - Business - Service - Users - Processes.drawio,MEDIA,SPLIT,MEDIUM,160,f38cdf1820409fe008de3d40a961c119a64c3ebc4ba1bbb2cbdff19058008bc0,,
[04.aa] Diagrams\[23.ca] Context - Business - Service - Users - Processes - User Journey Map Template.drawio,TARGET\[30] Discovery\[10] Context\[10] Business Context\_media\Context - Business - Service - Users - Processes - User Journey Map Template.drawio,MEDIA,SPLIT,MEDIUM,188,071c2d605ac8278a15db7ee2b720aa2a1d9ef68f826ed887fe587e3aafb88ab6,,
[04.aa] Diagrams\[23.ca] Context - Business - Service - Users - Tools - Persona Template.drawio,TARGET\[30] Discovery\[10] Context\[10] Business Context\_media\Context - Business - Service - Users - Tools - Persona Template.drawio,MEDIA,SPLIT,MEDIUM,175,179b61ad41cadc96e49e68008a06ba5919b8cff2ebc92b9577f24f3c63e4237b,,
[04.aa] Diagrams\[23.fa] Context - Business - Service - Domain Stack - HL.drawio,TARGET\[30] Discovery\[10] Context\[10] Business Context\_media\Context - Business - Service - Domain Stack - HL.drawio,MEDIA,SPLIT,MEDIUM,160,579468b094c2d0a72c54a650cf866d26a1af3457656328c7e957a2c3956d442a,,
[04.aa] Diagrams\[23.fb] Context - Business - Service - Users - Processes - TODO.drawio,TARGET\[30] Discovery\[10] Context\[10] Business Context\_media\Context - Business - Service - Users - Processes - 83f7515d.drawio,MEDIA,SPLIT,MEDIUM,171,f38cdf1820409fe008de3d40a961c119a64c3ebc4ba1bbb2cbdff19058008bc0,,
[04.aa] Diagrams\[23.fe]  Common Organisation Structuring.drawio,TARGET\[00] Management\[90] Review\[10] Classification Required\[05] [04.aa] Diagrams\_media\Common Organisation Structuring.drawio,MEDIA,REVIEW,LOW,172,e27598af95413bc10055b57fa4c089828c95da3d52757f3c80aea4c59e962fbc,,
[04.aa] Diagrams\[23.fe] Context - Business Model Diagrams.drawio,TARGET\[30] Discovery\[10] Context\[10] Business Context\_media\Context - Business Model Diagrams.drawio,MEDIA,SPLIT,MEDIUM,145,8364c954550137e6a68fab9f7434fe1f3cb1df9284c488b6bbdff2d9f5b7820f,,
[04.aa] Diagrams\[23.fe] Context - Information Setsd.drawio,TARGET\[00] Management\[90] Review\[10] Classification Required\[05] [04.aa] Diagrams\_media\Context - Information Setsd.drawio,MEDIA,REVIEW,LOW,168,4ab407b5fd0d4b13c90d572a59e0494e71796b7f9dec60f116977b5ada7f5b1f,,
[04.aa] Diagrams\[23.fe] Context - Life as a System.drawio,TARGET\[30] Discovery\[10] Context\[20] System Context\_media\Context - Life as a System.drawio,MEDIA,SPLIT,MEDIUM,136,76b047210d878257afd3f1ebbde7266ca0f57230ce1a739ebedc532c3cd93569,,
[04.aa] Diagrams\[23.fe] Context - Organisation.drawio,TARGET\[00] Management\[90] Review\[10] Classification Required\[05] [04.aa] Diagrams\_media\Context - Organisation.drawio,MEDIA,REVIEW,LOW,163,eb2af38803f8bd450d319838f9305c9e4850298cfac8467780fa5e143b815186,,
[04.aa] Diagrams\[23.fe] Organisation - Identity Within.drawio,TARGET\[00] Management\[90] Review\[10] Classification Required\[05] [04.aa] Diagrams\_media\Organisation - Identity Within.drawio,MEDIA,REVIEW,LOW,171,4717777ff3cc1bfea88b6a112514baec15a75caaba97e5357fbf02af7d5f4fe4,,
[04.aa] Diagrams\[23.fg] Context - Domain - Events -Types - Examples.drawio,TARGET\[00] Management\[90] Review\[10] Classification Required\[05] [04.aa] Diagrams\_media\Context - Domain - Events -Types - Examples.drawio,MEDIA,REVIEW,LOW,184,d9475c722133fa37c79e23028a181de8393fd1e43f9d3365b2ee1520e53b1806,,
[04.aa] Diagrams\[23.ha] - Context - System - Integrations - Azure - Security - Malware Detection.drawio,TARGET\[30] Discovery\[10] Context\[20] System Context\_media\Context - System - Integrations - Azure - Security - Malware Detection.drawio,MEDIA,SPLIT,MEDIUM,180,3f4acac7d848cd25e69b731518c7bd6687643f8005d45fb14e90e1055e4dc3a0,,
[04.aa] Diagrams\[23.ha] - Context - System - Integrations - Azure - Storage - Blob - Private.drawio,TARGET\[30] Discovery\[10] Context\[20] System Context\_media\Context - System - Integrations - Azure - Storage - Blob - Private.drawio,MEDIA,SPLIT,MEDIUM,176,8ce4be6081493d2ba9aac72469ed2d3cd136e60c1a36156b6c09c0ba186a6482,,
[04.aa] Diagrams\[23.ha] - Context - System - Integrations - Azure - Storage - Blob - Public.drawio,TARGET\[30] Discovery\[10] Context\[20] System Context\_media\Context - System - Integrations - Azure - Storage - Blob - Public.drawio,MEDIA,SPLIT,MEDIUM,175,f24d5b0a49e88b1dd19be13205040f67f68fca196444baf5d40cc6a27f580960,,
[04.aa] Diagrams\[23.ha] - Context - System - Integrations - Azure - Storage - Cache - Shared.drawio,TARGET\[30] Discovery\[10] Context\[20] System Context\_media\Context - System - Integrations - Azure - Storage - Cache - Shared.drawio,MEDIA,SPLIT,MEDIUM,176,a2e217f04a105c7c5215ca8eac705ed7ca95823f9f692f854b313dcae1f72b4b,,
[04.aa] Diagrams\[23.ha] - Context - System - Integrations - Azure - Storage - DocumentDb.drawio,TARGET\[30] Discovery\[10] Context\[20] System Context\_media\Context - System - Integrations - Azure - Storage - DocumentDb.drawio,MEDIA,SPLIT,MEDIUM,172,94af4921a4361faedca60405b6fe136633eeb09e04274db1e6c0d17405bfda38,,
[04.aa] Diagrams\[23.ha] - Context - System - Integrations - Azure - Storage - KeyVault.drawio,TARGET\[30] Discovery\[10] Context\[20] System Context\_media\Context - System - Integrations - Azure - Storage - KeyVault.drawio,MEDIA,SPLIT,MEDIUM,170,2f703e2e5d78bd998391568c3692b6b59bef3c91d94e0f02fcb1f570ad1110a5,,
[04.aa] Diagrams\[23.ha] - Context - System - Integrations - Azure - Storage - Sql Server Services.drawio,TARGET\[00] Management\[90] Review\[10] Classification Required\[05] [04.aa] Diagrams\_media\Context - System - Integrations - Azure - Storage - Sql Server Services.drawio,MEDIA,REVIEW,LOW,212,36a9b7c852c04113dfc7bb27f5e41658e15fa8357de06abb5f6d49e11598ff05,,
[04.aa] Diagrams\[23.ha] - Context - System - Integrations - Protocol Range - Extended.drawio,TARGET\[30] Discovery\[10] Context\[20] System Context\_media\Context - System - Integrations - Protocol Range - Extended.drawio,MEDIA,SPLIT,MEDIUM,169,0852c8f3db5da8788ad0cc20453fba04550569fe59d59b3af2901c3a85fe523e,,
[04.aa] Diagrams\[23.ha] - Context - System - Integrations - Protocol Range.drawio,TARGET\[30] Discovery\[10] Context\[20] System Context\_media\Context - System - Integrations - Protocol Range.drawio,MEDIA,SPLIT,MEDIUM,158,fbb6f02d875d5b3707ea3ef1553500f503674911da53fab3c4d7b73b37e578a3,,
[04.aa] Diagrams\[23.ha] - Context - System - Integrations - System - Integration View - Azure - AAD.drawio,TARGET\[30] Discovery\[10] Context\[20] System Context\_media\Context - System - Integrations - System - Integration View - Azure - AAD.drawio,MEDIA,SPLIT,MEDIUM,183,7b9b51404f76a18f55866dba087fd340b763c18b3af51e5d79f1e03686c2ba7b,,
[04.aa] Diagrams\[23.ia].Context - Business - Service - Artefacts - TODO - Copy.drawio,TARGET\[30] Discovery\[10] Context\[10] Business Context\_media\Context - Business - Service - Artefacts - Copy.drawio,MEDIA,SPLIT,MEDIUM,159,f38cdf1820409fe008de3d40a961c119a64c3ebc4ba1bbb2cbdff19058008bc0,,
[04.aa] Diagrams\[23.ja].Context - Business - Service - Business Processes - TODO.drawio,TARGET\[30] Discovery\[10] Context\[10] Business Context\_media\Context - Business - Service - Business Processes.drawio,MEDIA,SPLIT,MEDIUM,161,f38cdf1820409fe008de3d40a961c119a64c3ebc4ba1bbb2cbdff19058008bc0,,
[04.aa] Diagrams\[230.00] _____ _____ _____ _____ _____,TARGET\[00] Management\[90] Review\[10] Classification Required\[05] [04.aa] Diagrams\[230.00] _____ _____ _____ _____ _____,OTHER,REVIEW,LOW,165,e3b0c44298fc1c149afbf4c8996fb92427ae41e4649b934ca495991b7852b855,,
[04.aa] Diagrams\[230.aa] Context - Organisation - Constraints - Location - TODO.drawio,TARGET\[30] Discovery\[10] Context\[30] Scope Constraints and Dependencies\_media\Context - Organisation - Constraints - Location.drawio,MEDIA,SPLIT,MEDIUM,177,f38cdf1820409fe008de3d40a961c119a64c3ebc4ba1bbb2cbdff19058008bc0,,
[04.aa] Diagrams\[230.aa] Context - Organisation - Constraints - Obligations - Agreements - TODO.drawio,TARGET\[30] Discovery\[10] Context\[30] Scope Constraints and Dependencies\_media\Context - Organisation - Constraints - Obligations - Agreements.drawio,MEDIA,SPLIT,MEDIUM,193,f38cdf1820409fe008de3d40a961c119a64c3ebc4ba1bbb2cbdff19058008bc0,,
[04.aa] Diagrams\[230.aa] Context - Organisation - Constraints - Obligations - Legal - TODO.drawio,TARGET\[30] Discovery\[10] Context\[30] Scope Constraints and Dependencies\_media\Context - Organisation - Constraints - Obligations - Legal.drawio,MEDIA,SPLIT,MEDIUM,188,f38cdf1820409fe008de3d40a961c119a64c3ebc4ba1bbb2cbdff19058008bc0,,
[04.aa] Diagrams\[230.aa] Context - Organisation - Constraints - Proximity - TODO.drawio,TARGET\[30] Discovery\[10] Context\[30] Scope Constraints and Dependencies\_media\Context - Organisation - Constraints - Proximity.drawio,MEDIA,SPLIT,MEDIUM,178,f38cdf1820409fe008de3d40a961c119a64c3ebc4ba1bbb2cbdff19058008bc0,,
[04.aa] Diagrams\[230.aa] Context - Organisation - Constraints - Types - TODO.drawio,TARGET\[30] Discovery\[10] Context\[30] Scope Constraints and Dependencies\_media\Context - Organisation - Constraints - Types.drawio,MEDIA,SPLIT,MEDIUM,174,f38cdf1820409fe008de3d40a961c119a64c3ebc4ba1bbb2cbdff19058008bc0,,
[04.aa] Diagrams\[230.ha] Context - Organisation - Constraints - Obligations - TODO.drawio,TARGET\[30] Discovery\[10] Context\[30] Scope Constraints and Dependencies\_media\Context - Organisation - Constraints - Obligations.drawio,MEDIA,SPLIT,MEDIUM,180,f38cdf1820409fe008de3d40a961c119a64c3ebc4ba1bbb2cbdff19058008bc0,,
[04.aa] Diagrams\[230.hb] Context - Organisation - Constraints - Investments - Systems - TODO.drawio,TARGET\[30] Discovery\[10] Context\[30] Scope Constraints and Dependencies\_media\Context - Organisation - Constraints - Investments - Systems.drawio,MEDIA,SPLIT,MEDIUM,190,f38cdf1820409fe008de3d40a961c119a64c3ebc4ba1bbb2cbdff19058008bc0,,
[04.aa] Diagrams\[230.hc] Context - Organisation - Constraints - Investments - Licenses - TODO.drawio,TARGET\[30] Discovery\[10] Context\[30] Scope Constraints and Dependencies\_media\Context - Organisation - Constraints - Investments - Licenses.drawio,MEDIA,SPLIT,MEDIUM,191,f38cdf1820409fe008de3d40a961c119a64c3ebc4ba1bbb2cbdff19058008bc0,,
[04.aa] Diagrams\[230.hc] Context - Organisation - Constraints - Scheduling.drawio,TARGET\[30] Discovery\[10] Context\[30] Scope Constraints and Dependencies\_media\Context - Organisation - Constraints - Scheduling.drawio,MEDIA,SPLIT,MEDIUM,179,341b7e2192486ea31161cc210d5294f2215b0efcfb0cb91e8e515e2b1f7c6bf1,,
[04.aa] Diagrams\[230.hc] Context - Organisation - Constraints - Time.drawio,TARGET\[30] Discovery\[10] Context\[30] Scope Constraints and Dependencies\_media\Context - Organisation - Constraints - Time.drawio,MEDIA,SPLIT,MEDIUM,173,f38cdf1820409fe008de3d40a961c119a64c3ebc4ba1bbb2cbdff19058008bc0,,
[04.aa] Diagrams\[24.00].----- -----.drawio,TARGET\[00] Management\[90] Review\[10] Classification Required\[05] [04.aa] Diagrams\_media\unnamed - cdd25916.drawio,MEDIA,REVIEW,LOW,159,f38cdf1820409fe008de3d40a961c119a64c3ebc4ba1bbb2cbdff19058008bc0,,
[04.aa] Diagrams\[240.00] _____ _____ _____ _____ _____,TARGET\[00] Management\[90] Review\[10] Classification Required\[05] [04.aa] Diagrams\[240.00] _____ _____ _____ _____ _____,OTHER,REVIEW,LOW,165,e3b0c44298fc1c149afbf4c8996fb92427ae41e4649b934ca495991b7852b855,,
[04.aa] Diagrams\[240.aa] Context - Organisation - Asset & Liability - Types.drawio,TARGET\[00] Management\[90] Review\[10] Classification Required\[05] [04.aa] Diagrams\_media\Context - Organisation - Asset & Liability - Types.drawio,MEDIA,REVIEW,LOW,191,5a7b7504b40526803d6b37fbf51b4e5c70b9efd9e8b30177cd40beb72edb251c,,
[04.aa] Diagrams\[240.ba] Context - Organisation - Liabilities - Types - TODO.drawio,TARGET\[00] Management\[90] Review\[10] Classification Required\[05] [04.aa] Diagrams\_media\Context - Organisation - Liabilities - Types.drawio,MEDIA,REVIEW,LOW,185,f38cdf1820409fe008de3d40a961c119a64c3ebc4ba1bbb2cbdff19058008bc0,,
[04.aa] Diagrams\[240.ca] Context - Organisation - Assets - Types - TODO.drawio,TARGET\[00] Management\[90] Review\[10] Classification Required\[05] [04.aa] Diagrams\_media\Context - Organisation - Assets - Types.drawio,MEDIA,REVIEW,LOW,180,f38cdf1820409fe008de3d40a961c119a64c3ebc4ba1bbb2cbdff19058008bc0,,
[04.aa] Diagrams\[25.00].----- -----.drawio,TARGET\[00] Management\[90] Review\[10] Classification Required\[05] [04.aa] Diagrams\_media\unnamed - c6356bdf.drawio,MEDIA,REVIEW,LOW,159,f38cdf1820409fe008de3d40a961c119a64c3ebc4ba1bbb2cbdff19058008bc0,,
[04.aa] Diagrams\[25.aa] Business Case View - Economic Case Success Factors.drawio,TARGET\[20] Investment\[10] Business Case\[20] Economic Case\_media\Business Case View - Economic Case Success Factors.drawio,MEDIA,SPLIT,MEDIUM,166,32beebca1406bbd88868f10bd4917a8d3bc78395dc1078a5d710fd698a637201,,
[04.aa] Diagrams\[25.aa] Business Case View - Options Analysis.drawio,TARGET\[00] Management\[90] Review\[10] Classification Required\[05] [04.aa] Diagrams\_media\Business Case View - Options Analysis.drawio,MEDIA,REVIEW,LOW,178,44ccac2ae9e56ed7972e67acb517061b0b717f74e999a5d8701f7f9a2d6e59cf,,
[04.aa] Diagrams\[25.aa] Business Case View - Treasury Better Business Process Perspectives.drawio,TARGET\[00] Management\[90] Review\[10] Classification Required\[05] [04.aa] Diagrams\_media\Business Case View - Treasury Better Business Process Perspectives.drawio,MEDIA,REVIEW,LOW,207,17a9ef57cfcfc892099a0a30693706cf7f4946357d4139a522bb424b5beeaa41,,
[04.aa] Diagrams\[25.ab] Context - Discovery View - Service - Context - Drivers - Default Set.drawio,TARGET\[00] Management\[90] Review\[10] Classification Required\[05] [04.aa] Diagrams\_media\Context - Discovery View - Service - Context - Drivers - Default Set.drawio,MEDIA,REVIEW,LOW,209,1dd3f3e06fe1b89ead248e9ced00ad3fd3e318da575f3b6781ce84497076638f,,
[04.aa] Diagrams\[25.ab] Context - Service - Context - Drivers - SWOT (Archimate).drawio,TARGET\[00] Management\[90] Review\[10] Classification Required\[05] [04.aa] Diagrams\_media\Context - Service - Context - Drivers - SWOT (Archimate).drawio,MEDIA,REVIEW,LOW,197,354ccbaf343ff0b02cd3e271583413966cc299813d42577a17f28eb82dd457f0,,
[04.aa] Diagrams\[25.ab] Context - Service - Context - Drivers - SWOT.drawio,TARGET\[00] Management\[90] Review\[10] Classification Required\[05] [04.aa] Diagrams\_media\Context - Service - Context - Drivers - SWOT.drawio,MEDIA,REVIEW,LOW,185,529d0beb633e583c8bb6b98842a202af1bcb969b8f7e56447290d62b70d2fc69,,
[04.aa] Diagrams\[25.ac].Context - Business - Case Objectives - TODO.drawio,TARGET\[00] Management\[90] Review\[10] Classification Required\[05] [04.aa] Diagrams\_media\Context - Business - Case Objectives.drawio,MEDIA,REVIEW,LOW,177,f38cdf1820409fe008de3d40a961c119a64c3ebc4ba1bbb2cbdff19058008bc0,,
[04.aa] Diagrams\[25.ca] Context - Business - Case - Service - Options - Comparison.drawio,TARGET\[00] Management\[90] Review\[10] Classification Required\[05] [04.aa] Diagrams\_media\Context - Business - Case - Service - Options - Comparison.drawio,MEDIA,REVIEW,LOW,199,f38cdf1820409fe008de3d40a961c119a64c3ebc4ba1bbb2cbdff19058008bc0,,
[04.aa] Diagrams\[25.ca] Context - Business - Case - Service - Options - Map.drawio,TARGET\[00] Management\[90] Review\[10] Classification Required\[05] [04.aa] Diagrams\_media\Context - Business - Case - Service - Options - Map.drawio,MEDIA,REVIEW,LOW,192,9896ad267483b4e90942ca108fa70a379c929fed090697129a8d5611cfd7c3c0,,
[04.aa] Diagrams\[25.da] Context - Business - Case - BBC - TODO.drawio,TARGET\[00] Management\[90] Review\[10] Classification Required\[05] [04.aa] Diagrams\_media\Context - Business - Case - BBC.drawio,MEDIA,REVIEW,LOW,172,f38cdf1820409fe008de3d40a961c119a64c3ebc4ba1bbb2cbdff19058008bc0,,
[04.aa] Diagrams\[25.db] Context - Business - Case - BBC - Strategic View - TODO.drawio,TARGET\[20] Investment\[10] Business Case\[10] Strategic Case\_media\Context - Business - Case - BBC - Strategic View.drawio,MEDIA,SPLIT,MEDIUM,165,f38cdf1820409fe008de3d40a961c119a64c3ebc4ba1bbb2cbdff19058008bc0,,
[04.aa] Diagrams\[25.dc] Context - Business - Case - BBC - Commercial View - TODO.drawio,TARGET\[00] Management\[90] Review\[10] Classification Required\[05] [04.aa] Diagrams\_media\Context - Business - Case - BBC - Commercial View.drawio,MEDIA,REVIEW,LOW,190,f38cdf1820409fe008de3d40a961c119a64c3ebc4ba1bbb2cbdff19058008bc0,,
[04.aa] Diagrams\[25.dd] Context - Business - Case - BBC - Economic View - TODO.drawio,TARGET\[20] Investment\[10] Business Case\[20] Economic Case\_media\Context - Business - Case - BBC - Economic View.drawio,MEDIA,SPLIT,MEDIUM,163,f38cdf1820409fe008de3d40a961c119a64c3ebc4ba1bbb2cbdff19058008bc0,,
[04.aa] Diagrams\[25.de] Context - Business - Case - BBC - Financial View - TODO.drawio,TARGET\[00] Management\[90] Review\[10] Classification Required\[05] [04.aa] Diagrams\_media\Context - Business - Case - BBC - Financial View.drawio,MEDIA,REVIEW,LOW,189,f38cdf1820409fe008de3d40a961c119a64c3ebc4ba1bbb2cbdff19058008bc0,,
[04.aa] Diagrams\[25.df] Context - Business - Case - BBC - Management View - TODO.drawio,TARGET\[00] Management\[90] Review\[10] Classification Required\[05] [04.aa] Diagrams\_media\Context - Business - Case - BBC - Management View.drawio,MEDIA,REVIEW,LOW,190,f38cdf1820409fe008de3d40a961c119a64c3ebc4ba1bbb2cbdff19058008bc0,,
[04.aa] Diagrams\[250.00] _____ _____ _____ _____ _____,TARGET\[00] Management\[90] Review\[10] Classification Required\[05] [04.aa] Diagrams\[250.00] _____ _____ _____ _____ _____,OTHER,REVIEW,LOW,165,e3b0c44298fc1c149afbf4c8996fb92427ae41e4649b934ca495991b7852b855,,
[04.aa] Diagrams\[250.aa] Context - Organisation - Objectives - TODO.drawio,TARGET\[00] Management\[90] Review\[10] Classification Required\[05] [04.aa] Diagrams\_media\Context - Organisation - Objectives.drawio,MEDIA,REVIEW,LOW,176,f38cdf1820409fe008de3d40a961c119a64c3ebc4ba1bbb2cbdff19058008bc0,,
[04.aa] Diagrams\[26.00].----- -----.drawio,TARGET\[00] Management\[90] Review\[10] Classification Required\[05] [04.aa] Diagrams\_media\unnamed - 90e7dff7.drawio,MEDIA,REVIEW,LOW,159,f38cdf1820409fe008de3d40a961c119a64c3ebc4ba1bbb2cbdff19058008bc0,,
[04.aa] Diagrams\[260.00] _____ _____ _____ _____ _____,TARGET\[00] Management\[90] Review\[10] Classification Required\[05] [04.aa] Diagrams\[260.00] _____ _____ _____ _____ _____,OTHER,REVIEW,LOW,165,e3b0c44298fc1c149afbf4c8996fb92427ae41e4649b934ca495991b7852b855,,
[04.aa] Diagrams\[260.aa] Context - Organisation -Strategies.drawio,TARGET\[00] Management\[90] Review\[10] Classification Required\[05] [04.aa] Diagrams\_media\Context - Organisation -Strategies.drawio,MEDIA,REVIEW,LOW,175,f38cdf1820409fe008de3d40a961c119a64c3ebc4ba1bbb2cbdff19058008bc0,,
[04.aa] Diagrams\[27.00].----- -----.drawio,TARGET\[00] Management\[90] Review\[10] Classification Required\[05] [04.aa] Diagrams\_media\unnamed - 7c17cb0f.drawio,MEDIA,REVIEW,LOW,159,f38cdf1820409fe008de3d40a961c119a64c3ebc4ba1bbb2cbdff19058008bc0,,
[04.aa] Diagrams\[27.aa] Procurement View - Categorisation - Procurement Types.drawio,TARGET\[00] Management\[90] Review\[10] Classification Required\[05] [04.aa] Diagrams\_media\Procurement View - Categorisation - Procurement Types.drawio,MEDIA,REVIEW,LOW,194,2659c8019317b08bd3c91563f48c0b27707f9272c8bf4b185776a77e379784f5,,
[04.aa] Diagrams\[27.aa] Procurement View - Decisions - Custom Systems Checks.drawio,TARGET\[00] Management\[90] Review\[10] Classification Required\[05] [04.aa] Diagrams\_media\Procurement View - Decisions - Custom Systems Checks.drawio,MEDIA,REVIEW,LOW,193,3bf6ba7ca68c83c98a173a68c0b2070200087f7ffd1682a26a2a3b165eceef13,,
[04.aa] Diagrams\[27.aa].Procurement.drawio,TARGET\[00] Management\[90] Review\[10] Classification Required\[05] [04.aa] Diagrams\_media\Procurement.drawio,MEDIA,REVIEW,LOW,152,f38cdf1820409fe008de3d40a961c119a64c3ebc4ba1bbb2cbdff19058008bc0,,
[04.aa] Diagrams\[270.00] _____ _____ _____ _____ _____,TARGET\[00] Management\[90] Review\[10] Classification Required\[05] [04.aa] Diagrams\[270.00] _____ _____ _____ _____ _____,OTHER,REVIEW,LOW,165,e3b0c44298fc1c149afbf4c8996fb92427ae41e4649b934ca495991b7852b855,,
[04.aa] Diagrams\[270.aa] Context - Organisation - Capabilities - TODO.drawio,TARGET\[00] Management\[90] Review\[10] Classification Required\[05] [04.aa] Diagrams\_media\Context - Organisation - Capabilities.drawio,MEDIA,REVIEW,LOW,178,f38cdf1820409fe008de3d40a961c119a64c3ebc4ba1bbb2cbdff19058008bc0,,
[04.aa] Diagrams\[270.ea] Context - Organisation - Capabilities - Capability Map.drawio,TARGET\[00] Management\[90] Review\[10] Classification Required\[05] [04.aa] Diagrams\_media\Context - Organisation - Capabilities - Capability Map.drawio,MEDIA,REVIEW,LOW,195,408ed00f8b73439cf30d0615c516bf026d34801782ea79dcdadbce3224b4b52f,,
[04.aa] Diagrams\[270.ea] Context - Organisation - Capabilities - Map (Archimate).drawio,TARGET\[00] Management\[90] Review\[10] Classification Required\[05] [04.aa] Diagrams\_media\Context - Organisation - Capabilities - Map (Archimate).drawio,MEDIA,REVIEW,LOW,196,c426359778d285fca5c08402eaaa4e9b072e47f0eebc8cd55bcd2219a9593753,,
[04.aa] Diagrams\[270.ea] Context - Organisation - Capabilities Map.drawio,TARGET\[00] Management\[90] Review\[10] Classification Required\[05] [04.aa] Diagrams\_media\Context - Organisation - Capabilities Map.drawio,MEDIA,REVIEW,LOW,182,fa92607b3691752ce38d94b7ea544bd03e21b423661372b302c2f143e8f9ff27,,
[04.aa] Diagrams\[28.aa] Context View - System - Categorisation - System Types.drawio,TARGET\[30] Discovery\[10] Context\[20] System Context\_media\Context View - System - Categorisation - System Types.drawio,MEDIA,SPLIT,MEDIUM,163,ce5e3816197cac1d244de7ae5a12b84d6ac406321bc6d5a1341b3e4e2cfc8da5,,
[04.aa] Diagrams\[28.aa] Context View - System - System Capabilities - Org Specific.drawio,TARGET\[30] Discovery\[10] Context\[20] System Context\_media\Context View - System - System Capabilities - Org Specific.drawio,MEDIA,SPLIT,MEDIUM,168,0e8f1634b2ca50ebaa3d119c9415fdd4e2733b6c3de0e9634d095e17757ffc54,,
[04.aa] Diagrams\[28.aa] Context View - System - System Capabilities.drawio,TARGET\[30] Discovery\[10] Context\[20] System Context\_media\Context View - System - System Capabilities.drawio,MEDIA,SPLIT,MEDIUM,153,2083eff87f1cc0e419aa5ed162b601869c5290d35ddb6932c8d96ed551243b70,,
[04.aa] Diagrams\[28.aa] Context View - System - System Logical Domain Context.drawio,TARGET\[30] Discovery\[10] Context\[20] System Context\_media\Context View - System - System Logical Domain Context.drawio,MEDIA,SPLIT,MEDIUM,163,afa5b9414ef87efa50c7e40a7f5ec877db270157dd0968904222c98e3f10782b,,
[04.aa] Diagrams\[28.aa] Context View - System - System Logical Domains - Sub Aspects.drawio,TARGET\[30] Discovery\[10] Context\[20] System Context\_media\Context View - System - System Logical Domains - Sub Aspects.drawio,MEDIA,SPLIT,MEDIUM,170,6e9ed409fdd8317a8dfc17c0c4186bbb9a059443a05ff66c1cbff9e7a38e0069,,
[04.aa] Diagrams\[28.aa] Context View - System - Systm Logical Domains - Details.drawio,TARGET\[30] Discovery\[10] Context\[20] System Context\_media\Context View - System - Systm Logical Domains - Details.drawio,MEDIA,SPLIT,MEDIUM,165,3c4bf3c0731d83dd371936d06fd50dafaba76508ebce499f81581bae89382328,,
[04.aa] Diagrams\[28.aa]Context View - System - Decision Matrix - Technical Choices.drawio,TARGET\[30] Discovery\[10] Context\[20] System Context\_media\Context View - System - Decision Matrix - Technical Choices.drawio,MEDIA,SPLIT,MEDIUM,169,7cdc4e5d9167f843fe5a70ec65695deb7017787e9dffa7528c61d5527970362e,,
[04.aa] Diagrams\[28.ac].Context - System - Constraints - Standards - TODO.drawio,TARGET\[00] Management\[90] Review\[10] Classification Required\[05] [04.aa] Diagrams\_media\Context - System - Constraints - Standards.drawio,MEDIA,REVIEW,LOW,183,f38cdf1820409fe008de3d40a961c119a64c3ebc4ba1bbb2cbdff19058008bc0,,
[04.aa] Diagrams\[28.ad] Context - System - Constraints - Protocols - Education.drawio,TARGET\[00] Management\[90] Review\[10] Classification Required\[05] [04.aa] Diagrams\_media\Context - System - Constraints - Protocols - Education.drawio,MEDIA,REVIEW,LOW,195,dff47fb50eae611ea5443776c8001ca0db13e68d093339f13f0cfcb2f1591ea7,,
[04.aa] Diagrams\[28.ad] Context - System - Constraints - Protocols - Metadata - TODO.drawio,TARGET\[00] Management\[90] Review\[10] Classification Required\[05] [04.aa] Diagrams\_media\Context - System - Constraints - Protocols - Metadata.drawio,MEDIA,REVIEW,LOW,194,f38cdf1820409fe008de3d40a961c119a64c3ebc4ba1bbb2cbdff19058008bc0,,
[04.aa] Diagrams\[28.ad] Context - System - Constraints - Protocols - Networking - TODO.drawio,TARGET\[00] Management\[90] Review\[10] Classification Required\[05] [04.aa] Diagrams\_media\Context - System - Constraints - Protocols - Networking.drawio,MEDIA,REVIEW,LOW,196,f38cdf1820409fe008de3d40a961c119a64c3ebc4ba1bbb2cbdff19058008bc0,,
[04.aa] Diagrams\[28.ad] Context - System - Constraints - Protocols - Notification.drawio,TARGET\[00] Management\[90] Review\[10] Classification Required\[05] [04.aa] Diagrams\_media\Context - System - Constraints - Protocols - Notification.drawio,MEDIA,REVIEW,LOW,198,f38cdf1820409fe008de3d40a961c119a64c3ebc4ba1bbb2cbdff19058008bc0,,
[04.aa] Diagrams\[28.ad] Context - System - Constraints - Protocols - Resources - TODO.drawio,TARGET\[00] Management\[90] Review\[10] Classification Required\[05] [04.aa] Diagrams\_media\Context - System - Constraints - Protocols - Resources.drawio,MEDIA,REVIEW,LOW,195,f38cdf1820409fe008de3d40a961c119a64c3ebc4ba1bbb2cbdff19058008bc0,,
[04.aa] Diagrams\[28.ad] Context - System - Constraints - Protocols - Scheduling - TODO.drawio,TARGET\[00] Management\[90] Review\[10] Classification Required\[05] [04.aa] Diagrams\_media\Context - System - Constraints - Protocols - Scheduling.drawio,MEDIA,REVIEW,LOW,196,f38cdf1820409fe008de3d40a961c119a64c3ebc4ba1bbb2cbdff19058008bc0,,
[04.aa] Diagrams\[28.ad] Context - System - Protocols - Messaging.drawio,TARGET\[30] Discovery\[10] Context\[20] System Context\_media\Context - System - Protocols - Messaging.drawio,MEDIA,SPLIT,MEDIUM,150,69a0a85625838fca9e31b9476d8a88bdbcdbb6f24b1f90859db1f73518f0e723,,
[04.aa] Diagrams\[28.ad] Context -System - Constraints - Protocols - Authentication.drawio,TARGET\[00] Management\[90] Review\[10] Classification Required\[05] [04.aa] Diagrams\_media\Context -System - Constraints - Protocols - Authentication.drawio,MEDIA,REVIEW,LOW,199,e389a848abcb2c9aa3ea1364d7395b0048537a99a431ed385d7b2ffe79589864,,
[04.aa] Diagrams\[28.ad].Context - System - Constraints - Protocols - TODO.drawio,TARGET\[00] Management\[90] Review\[10] Classification Required\[05] [04.aa] Diagrams\_media\Context - System - Constraints - Protocols.drawio,MEDIA,REVIEW,LOW,183,f38cdf1820409fe008de3d40a961c119a64c3ebc4ba1bbb2cbdff19058008bc0,,
[04.aa] Diagrams\[28.ae] Context - System - Constraints - Patterns.drawio,TARGET\[00] Management\[90] Review\[10] Classification Required\[05] [04.aa] Diagrams\_media\Context - System - Constraints - Patterns.drawio,MEDIA,REVIEW,LOW,182,f38cdf1820409fe008de3d40a961c119a64c3ebc4ba1bbb2cbdff19058008bc0,,
[04.aa] Diagrams\[28.ba] Context - System - Constraints - Agreements - Principles - Categories.drawio,TARGET\[00] Management\[90] Review\[10] Classification Required\[05] [04.aa] Diagrams\_media\Context - System - Constraints - Agreements - Principles - Categories.drawio,MEDIA,REVIEW,LOW,210,a3ca145fb4ce727ddb8cbc7e7c65803c4d93f688d137f3143cee397e03bb1d1e,,
[04.aa] Diagrams\[28.ba] Context - System - Constraints - Obligation Types - Single Line.drawio,TARGET\[00] Management\[90] Review\[10] Classification Required\[05] [04.aa] Diagrams\_media\Context - System - Constraints - Obligation Types - Single Line.drawio,MEDIA,REVIEW,LOW,204,5468a55e8f3daef19e69cb728f159e6ffdd1e459dea2295ce797712aaa861d89,,
[04.aa] Diagrams\[28.ba] Context - System - Constraints - Technology - Java - EAP.drawio,TARGET\[00] Management\[90] Review\[10] Classification Required\[05] [04.aa] Diagrams\_media\Context - System - Constraints - Technology - Java - EAP.drawio,MEDIA,REVIEW,LOW,197,c59b5e07cd05e41903d52cfcf897f585d7c655c45be2951a66bcedfef7082d1e,,
[04.aa] Diagrams\[28.ca] Context - System - Capabilities - TODO.drawio,TARGET\[30] Discovery\[10] Context\[20] System Context\_media\Context - System - Capabilities.drawio,MEDIA,SPLIT,MEDIUM,141,f38cdf1820409fe008de3d40a961c119a64c3ebc4ba1bbb2cbdff19058008bc0,,
[04.aa] Diagrams\[280.00] _____ _____ _____ _____ _____,TARGET\[00] Management\[90] Review\[10] Classification Required\[05] [04.aa] Diagrams\[280.00] _____ _____ _____ _____ _____,OTHER,REVIEW,LOW,165,e3b0c44298fc1c149afbf4c8996fb92427ae41e4649b934ca495991b7852b855,,
[04.aa] Diagrams\[280.aa] Context - Organisation - Functions - Generic - TODO.drawio,TARGET\[00] Management\[90] Review\[10] Classification Required\[05] [04.aa] Diagrams\_media\Context - Organisation - Functions - Generic.drawio,MEDIA,REVIEW,LOW,185,f38cdf1820409fe008de3d40a961c119a64c3ebc4ba1bbb2cbdff19058008bc0,,
[04.aa] Diagrams\[280.gc] Context - Organisation - Functions - Generic - Advertising.drawio,TARGET\[00] Management\[90] Review\[10] Classification Required\[05] [04.aa] Diagrams\_media\Context - Organisation - Functions - Generic - Advertising.drawio,MEDIA,REVIEW,LOW,199,4651a91a1cc813b4c1e356c49afcb0638c2c08266e64f6c463daf1b133d4eda3,,
[04.aa] Diagrams\[280.gc] Context - Organisation - Functions - Generic - Comms.drawio,TARGET\[00] Management\[90] Review\[10] Classification Required\[05] [04.aa] Diagrams\_media\Context - Organisation - Functions - Generic - Comms.drawio,MEDIA,REVIEW,LOW,193,25742677664312709c43ec927774cd6dfce3c290234670d1a17b7dce317f72e3,,
[04.aa] Diagrams\[280.gc] Context - Organisation - Functions - Generic - Contact Management Management.drawio,TARGET\[00] Management\[90] Review\[10] Classification Required\[05] [04.aa] Diagrams\_media\Context - Organisation - Functions - Generic - Contact Management Management.drawio,MEDIA,REVIEW,LOW,217,61f7a51e91a510dea02421671812e50381f1699c569b66f2dc0890099a770a0c,,
[04.aa] Diagrams\[280.gc] Context - Organisation - Functions - Generic - Contract Management.drawio,TARGET\[00] Management\[90] Review\[10] Classification Required\[05] [04.aa] Diagrams\_media\Context - Organisation - Functions - Generic - Contract Management.drawio,MEDIA,REVIEW,LOW,207,cecd162c57f8d6e724e317c05d1c50e70944e0dbb09c697d5d942545accdd38e,,
[04.aa] Diagrams\[280.gc] Context - Organisation - Functions - Generic - Delivery Management.drawio,TARGET\[00] Management\[90] Review\[10] Classification Required\[05] [04.aa] Diagrams\_media\Context - Organisation - Functions - Generic - Delivery Management.drawio,MEDIA,REVIEW,LOW,207,dbe6b9921bcd0eb627160d3faa8a746cda57122126abb04b78b518d756623992,,
[04.aa] Diagrams\[280.gc] Context - Organisation - Functions - Generic - Fleet Management.drawio,TARGET\[00] Management\[90] Review\[10] Classification Required\[05] [04.aa] Diagrams\_media\Context - Organisation - Functions - Generic - Fleet Management.drawio,MEDIA,REVIEW,LOW,204,1e58b044bbcd35ebc2c8ec5de051bd3e20e3b67dd3be941420fd666ad4e3b4d5,,
[04.aa] Diagrams\[280.gc] Context - Organisation - Functions - Generic - HR.drawio,TARGET\[00] Management\[90] Review\[10] Classification Required\[05] [04.aa] Diagrams\_media\Context - Organisation - Functions - Generic - HR.drawio,MEDIA,REVIEW,LOW,190,f9c880369673a0f12a8a76aa1e630c91df585a4e22b43c18ec8d6d7a6d23961e,,
[04.aa] Diagrams\[280.gc] Context - Organisation - Functions - Generic - Payment Processing.drawio,TARGET\[00] Management\[90] Review\[10] Classification Required\[05] [04.aa] Diagrams\_media\Context - Organisation - Functions - Generic - Payment Processing.drawio,MEDIA,REVIEW,LOW,206,bfd95ae838a2d5bafc849715f724c0002370661e5b4d8617b79fd8ad3693b1eb,,
[04.aa] Diagrams\[280.gc] Context - Organisation - Functions - Generic - Stock Management.drawio,TARGET\[00] Management\[90] Review\[10] Classification Required\[05] [04.aa] Diagrams\_media\Context - Organisation - Functions - Generic - Stock Management.drawio,MEDIA,REVIEW,LOW,204,645bf753a9c3ca4b1994c13add8adec623554ab2a6739651a5279fb2177d2168,,
[04.aa] Diagrams\[280.gc] Context - Organisation - Functions - Generic - Support Management.drawio,TARGET\[00] Management\[90] Review\[10] Classification Required\[05] [04.aa] Diagrams\_media\Context - Organisation - Functions - Generic - Support Management.drawio,MEDIA,REVIEW,LOW,206,b13911ada4d59f68d262f530a72264ca7af912fe66d505c2cbcf66359aca3f94,,
[04.aa] Diagrams\[280.gc] Context - Organisation - Functions - Generic - Travel Management.drawio,TARGET\[00] Management\[90] Review\[10] Classification Required\[05] [04.aa] Diagrams\_media\Context - Organisation - Functions - Generic - Travel Management.drawio,MEDIA,REVIEW,LOW,205,f5b52bebb1b8975feaf294a134a4c91fc1cba0175ec3c813465783421bc73cdf,,
[04.aa] Diagrams\[290.00] _____ _____ _____ _____ _____,TARGET\[00] Management\[90] Review\[10] Classification Required\[05] [04.aa] Diagrams\[290.00] _____ _____ _____ _____ _____,OTHER,REVIEW,LOW,165,e3b0c44298fc1c149afbf4c8996fb92427ae41e4649b934ca495991b7852b855,,
[04.aa] Diagrams\[290.ga] Context - Organisation - Services.drawio,TARGET\[00] Management\[90] Review\[10] Classification Required\[05] [04.aa] Diagrams\_media\Context - Organisation - Services.drawio,MEDIA,REVIEW,LOW,174,eaa84f716be0dccd5188c9a125f887c91b2eebd786b51892bce1bb321778faff,,
[04.aa] Diagrams\[30.ab].System - Project - Management - Methodologies - PIMBOK - TODO.drawio,TARGET\[00] Management\[90] Review\[10] Classification Required\[05] [04.aa] Diagrams\_media\System - Project - Management - Methodologies - PIMBOK.drawio,MEDIA,REVIEW,LOW,195,f38cdf1820409fe008de3d40a961c119a64c3ebc4ba1bbb2cbdff19058008bc0,,
[04.aa] Diagrams\[30.ab].System - Project - Management - Methodologies - PRINC2 - TODO.drawio,TARGET\[00] Management\[90] Review\[10] Classification Required\[05] [04.aa] Diagrams\_media\System - Project - Management - Methodologies - PRINC2.drawio,MEDIA,REVIEW,LOW,195,f38cdf1820409fe008de3d40a961c119a64c3ebc4ba1bbb2cbdff19058008bc0,,
[04.aa] Diagrams\[30.ab].System - Project - Management - TODO.drawio,TARGET\[00] Management\[90] Review\[10] Classification Required\[05] [04.aa] Diagrams\_media\System - Project - Management.drawio,MEDIA,REVIEW,LOW,170,f38cdf1820409fe008de3d40a961c119a64c3ebc4ba1bbb2cbdff19058008bc0,,
[04.aa] Diagrams\[30.ba].System - Project - Outcomes - TODO.drawio,TARGET\[00] Management\[90] Review\[10] Classification Required\[05] [04.aa] Diagrams\_media\System - Project - Outcomes.drawio,MEDIA,REVIEW,LOW,168,f38cdf1820409fe008de3d40a961c119a64c3ebc4ba1bbb2cbdff19058008bc0,,
[04.aa] Diagrams\[30.bb] CoGuidance - Supporting Services.drawio,TARGET\[60] Delivery\[50] Integrations\[30] External Services\_media\CoGuidance - Supporting Services.drawio,MEDIA,SPLIT,MEDIUM,149,3ee881475dcadc963e1b2ee71f7ef8a200cece04b8c71c9a6023989a163a05f0,,
[04.aa] Diagrams\[30.ca] Context  - Project - Stakeholders - Groups.drawio,TARGET\[00] Management\[90] Review\[10] Classification Required\[05] [04.aa] Diagrams\_media\Context - Project - Stakeholders - Groups.drawio,MEDIA,REVIEW,LOW,182,2c68e49ecdd700914aaeba1d39d559cdc56c42ec37498bf5575dd773d3343de1,,
[04.aa] Diagrams\[30.ca] Context - Project - Stakeholders - Categorisation - Group Types.drawio,TARGET\[00] Management\[90] Review\[10] Classification Required\[05] [04.aa] Diagrams\_media\Context - Project - Stakeholders - Categorisation - Group Types.drawio,MEDIA,REVIEW,LOW,204,19934246976ef39064b631d1ec54fba7571d456e0fb85ef63bacd67d7f3ab925,,
[04.aa] Diagrams\[30.ca] Context - Project - Stakeholders - Categorisation - Types.drawio,TARGET\[00] Management\[90] Review\[10] Classification Required\[05] [04.aa] Diagrams\_media\Context - Project - Stakeholders - Categorisation - Types.drawio,MEDIA,REVIEW,LOW,198,a85677ea5f80ba40edca6e0b3732c44b652401921ab0d796b2e3880f2f3459b6,,
[04.aa] Diagrams\[30.ca] Context - Project - Stakeholders - Influence Map.drawio,TARGET\[00] Management\[90] Review\[10] Classification Required\[05] [04.aa] Diagrams\_media\Context - Project - Stakeholders - Influence Map.drawio,MEDIA,REVIEW,LOW,189,64c4eb905a3123371c8791befe95735093ccea46d6b0c5bf0d894822a564fc18,,
[04.aa] Diagrams\[30.ca] Context - Project - Stakeholders - TODO.drawio,TARGET\[00] Management\[90] Review\[10] Classification Required\[05] [04.aa] Diagrams\_media\Context - Project - Stakeholders.drawio,MEDIA,REVIEW,LOW,173,f38cdf1820409fe008de3d40a961c119a64c3ebc4ba1bbb2cbdff19058008bc0,,
[04.aa] Diagrams\[30.cb] Context - Project - Obligations - Agreements.drawio,TARGET\[00] Management\[90] Review\[10] Classification Required\[05] [04.aa] Diagrams\_media\Context - Project - Obligations - Agreements.drawio,MEDIA,REVIEW,LOW,185,f38cdf1820409fe008de3d40a961c119a64c3ebc4ba1bbb2cbdff19058008bc0,,
[04.aa] Diagrams\[30.cc] Context - Project - Constraints - Obligations - LEGACY.drawio,TARGET\[30] Discovery\[10] Context\[30] Scope Constraints and Dependencies\_media\Context - Project - Constraints - Obligations - LEGACY.drawio,MEDIA,SPLIT,MEDIUM,184,7f9eaf54de7f4513264391a689ed954774e4c6847d9e8904bf51fabc93556111,,
[04.aa] Diagrams\[30.cc] Context - Project - Constraints - Obligations - Legal - Single Line.drawio,TARGET\[30] Discovery\[10] Context\[30] Scope Constraints and Dependencies\_media\Context - Project - Constraints - Obligations - Legal - Single Line.drawio,MEDIA,SPLIT,MEDIUM,197,a4b9e0232160fb6b56cbcb70453ef07824ca68d92ffa9af509be7e05330821cd,,
[04.aa] Diagrams\[30.cc] Context - Project - Constraints - Obligations - Legal.drawio,TARGET\[30] Discovery\[10] Context\[30] Scope Constraints and Dependencies\_media\Context - Project - Constraints - Obligations - Legal.drawio,MEDIA,SPLIT,MEDIUM,183,35d6c5477db932231d7fb4700d07e2fe0cbdcfa1af4b91987cf178fa6b12a5e3,,
[04.aa] Diagrams\[300.00] _____ _____ _____ _____ _____,TARGET\[00] Management\[90] Review\[10] Classification Required\[05] [04.aa] Diagrams\[300.00] _____ _____ _____ _____ _____,OTHER,REVIEW,LOW,165,e3b0c44298fc1c149afbf4c8996fb92427ae41e4649b934ca495991b7852b855,,
[04.aa] Diagrams\[300.aa] Context - Business - Service - TODO.drawio,TARGET\[30] Discovery\[10] Context\[10] Business Context\_media\Context - Business - Service.drawio,MEDIA,SPLIT,MEDIUM,140,f38cdf1820409fe008de3d40a961c119a64c3ebc4ba1bbb2cbdff19058008bc0,,
[04.aa] Diagrams\[31.aa] Context - Project - Planning - TODO.drawio,TARGET\[00] Management\[90] Review\[10] Classification Required\[05] [04.aa] Diagrams\_media\Context - Project - Planning.drawio,MEDIA,REVIEW,LOW,169,f38cdf1820409fe008de3d40a961c119a64c3ebc4ba1bbb2cbdff19058008bc0,,
[04.aa] Diagrams\[31.ab] Context - Project - Planning - Resourcing - FTEs Required.drawio,TARGET\[00] Management\[90] Review\[10] Classification Required\[05] [04.aa] Diagrams\_media\Context - Project - Planning - Resourcing - FTEs Required.drawio,MEDIA,REVIEW,LOW,198,bb991c4c09053e7d1194ac1aae8e8f33407926cda74304d8fbcbafb07e38d872,,
[04.aa] Diagrams\[31.ba] Context - Project - Planning - Scheduling.drawio,TARGET\[00] Management\[90] Review\[10] Classification Required\[05] [04.aa] Diagrams\_media\Context - Project - Planning - Scheduling.drawio,MEDIA,REVIEW,LOW,182,f38cdf1820409fe008de3d40a961c119a64c3ebc4ba1bbb2cbdff19058008bc0,,
[04.aa] Diagrams\[31.bb] Context -Project - Planning - Scheduling - FTE Resourcing over time.drawio,TARGET\[00] Management\[90] Review\[10] Classification Required\[05] [04.aa] Diagrams\_media\Context -Project - Planning - Scheduling - FTE Resourcing over time.drawio,MEDIA,REVIEW,LOW,208,3845014a65f97cfefe1990a0356f05fb3fcda09276b29e04fc2e0f22c9c374ba,,
[04.aa] Diagrams\[31.bc] Context -Project - Planning - Scheduling - Template - Calendar.drawio,TARGET\[00] Management\[90] Review\[10] Classification Required\[05] [04.aa] Diagrams\_media\Context -Project - Planning - Scheduling - Template - Calendar.drawio,MEDIA,REVIEW,LOW,203,b8181279f02bed0a49a2478627142560018b857bc43ca3982887944d86abfd8a,,
[04.aa] Diagrams\[31.bd] Context -Project - Planning - Scheduling - Template - Gantt.drawio,TARGET\[00] Management\[90] Review\[10] Classification Required\[05] [04.aa] Diagrams\_media\Context -Project - Planning - Scheduling - Template - Gantt.drawio,MEDIA,REVIEW,LOW,200,daac8391f7732de3ae0e9eb8eee984a27817cf878cfe669bf7d4cec191ce74fd,,
[04.aa] Diagrams\[31.ca] Context - Project - Planning - Processes - TODO.drawio,TARGET\[00] Management\[90] Review\[10] Classification Required\[05] [04.aa] Diagrams\_media\Context - Project - Planning - Processes.drawio,MEDIA,REVIEW,LOW,181,f38cdf1820409fe008de3d40a961c119a64c3ebc4ba1bbb2cbdff19058008bc0,,
[04.aa] Diagrams\[31.cb] Context - Project - Planning - Processes - Key Epics.drawio,TARGET\[00] Management\[90] Review\[10] Classification Required\[05] [04.aa] Diagrams\_media\Context - Project - Planning - Processes - Key Epics.drawio,MEDIA,REVIEW,LOW,193,254cde3386458921a7dddd470f40cd17e37f781f9c2b318f9bfed30b992613f3,,
[04.aa] Diagrams\[31.cc] Context - Project - Planning - Processes - WorkItem Management.drawio,TARGET\[00] Management\[90] Review\[10] Classification Required\[05] [04.aa] Diagrams\_media\Context - Project - Planning - Processes - WorkItem Management.drawio,MEDIA,REVIEW,LOW,203,7d7cd52d7970487de0a15c9b5b84c24b222db76bf1763d7d91bcd7561115e493,,
[04.aa] Diagrams\[310.00] _____ _____ _____ _____ _____,TARGET\[00] Management\[90] Review\[10] Classification Required\[05] [04.aa] Diagrams\[310.00] _____ _____ _____ _____ _____,OTHER,REVIEW,LOW,165,e3b0c44298fc1c149afbf4c8996fb92427ae41e4649b934ca495991b7852b855,,
[04.aa] Diagrams\[32.ab] Context - Project - Execution - Issues - TODO.drawio,TARGET\[00] Management\[90] Review\[10] Classification Required\[05] [04.aa] Diagrams\_media\Context - Project - Execution - Issues.drawio,MEDIA,REVIEW,LOW,179,f38cdf1820409fe008de3d40a961c119a64c3ebc4ba1bbb2cbdff19058008bc0,,
[04.aa] Diagrams\[32.ab] Context - Project - Execution - Reporting - TODO.drawio,TARGET\[00] Management\[90] Review\[10] Classification Required\[05] [04.aa] Diagrams\_media\Context - Project - Execution - Reporting.drawio,MEDIA,REVIEW,LOW,182,f38cdf1820409fe008de3d40a961c119a64c3ebc4ba1bbb2cbdff19058008bc0,,
[04.aa] Diagrams\[32.ab] Context - Project - Execution - Risks - TODO.drawio,TARGET\[00] Management\[90] Review\[10] Classification Required\[05] [04.aa] Diagrams\_media\Context - Project - Execution - Risks.drawio,MEDIA,REVIEW,LOW,178,f38cdf1820409fe008de3d40a961c119a64c3ebc4ba1bbb2cbdff19058008bc0,,
[04.aa] Diagrams\[32.bc] Context - Project - Execution - Decisions - TODO.drawio,TARGET\[00] Management\[90] Review\[10] Classification Required\[05] [04.aa] Diagrams\_media\Context - Project - Execution - Decisions.drawio,MEDIA,REVIEW,LOW,182,f38cdf1820409fe008de3d40a961c119a64c3ebc4ba1bbb2cbdff19058008bc0,,
[04.aa] Diagrams\[32.fa] Context - Project - Execution - Tasks - Kanban Board.drawio,TARGET\[00] Management\[90] Review\[10] Classification Required\[05] [04.aa] Diagrams\_media\Context - Project - Execution - Tasks - Kanban Board.drawio,MEDIA,REVIEW,LOW,193,c75f81564e3f98c61b2b9cdcc6c9a200cbefdfad3ee6454dfc356dc5bfec9faf,,
[04.aa] Diagrams\[32.fa] Context - Project - Execution - Tasks - Requirement Schema and Projections.drawio,TARGET\[00] Management\[90] Review\[10] Classification Required\[05] [04.aa] Diagrams\_media\Context - Project - Execution - Tasks - Requirement Schema and Projections.drawio,MEDIA,REVIEW,LOW,215,0ee2e2e0df828355bcfd2e2279efcb5fbf0684ff9e7fe171254a5e2f72de233d,,
[04.aa] Diagrams\[320.00] _____ _____ _____ _____ _____,TARGET\[00] Management\[90] Review\[10] Classification Required\[05] [04.aa] Diagrams\[320.00] _____ _____ _____ _____ _____,OTHER,REVIEW,LOW,165,e3b0c44298fc1c149afbf4c8996fb92427ae41e4649b934ca495991b7852b855,,
[04.aa] Diagrams\[320.aa] Context - Organisation - Structure - Types - TODO.drawio,TARGET\[00] Management\[90] Review\[10] Classification Required\[05] [04.aa] Diagrams\_media\Context - Organisation - Structure - Types.drawio,MEDIA,REVIEW,LOW,183,f38cdf1820409fe008de3d40a961c119a64c3ebc4ba1bbb2cbdff19058008bc0,,
[04.aa] Diagrams\[320.bb] Context - Organisation - Structure - Types - Minzberg.drawio,TARGET\[00] Management\[90] Review\[10] Classification Required\[05] [04.aa] Diagrams\_media\Context - Organisation - Structure - Types - Minzberg.drawio,MEDIA,REVIEW,LOW,194,bc9b73e5ac55a3013ed8aa263696f06aa0c306b03af2111416109853a286ab51,,
[04.aa] Diagrams\[320.bb] Context - Organisation - Structure - Types - Traditional.drawio,TARGET\[00] Management\[90] Review\[10] Classification Required\[05] [04.aa] Diagrams\_media\Context - Organisation - Structure - Types - Traditional.drawio,MEDIA,REVIEW,LOW,197,740f03e597e0ca9c92a662e38d2d0ec5923b25b10b0c208087c13b0fb48ddee1,,
[04.aa] Diagrams\[330.00] _____ _____ _____ _____ _____,TARGET\[00] Management\[90] Review\[10] Classification Required\[05] [04.aa] Diagrams\[330.00] _____ _____ _____ _____ _____,OTHER,REVIEW,LOW,165,e3b0c44298fc1c149afbf4c8996fb92427ae41e4649b934ca495991b7852b855,,
[04.aa] Diagrams\[330.aa] Context - Organisation - Groups - TODO.drawio,TARGET\[00] Management\[90] Review\[10] Classification Required\[05] [04.aa] Diagrams\_media\Context - Organisation - Groups.drawio,MEDIA,REVIEW,LOW,172,f38cdf1820409fe008de3d40a961c119a64c3ebc4ba1bbb2cbdff19058008bc0,,
[04.aa] Diagrams\[340.00] _____ _____ _____ _____ _____,TARGET\[00] Management\[90] Review\[10] Classification Required\[05] [04.aa] Diagrams\[340.00] _____ _____ _____ _____ _____,OTHER,REVIEW,LOW,165,e3b0c44298fc1c149afbf4c8996fb92427ae41e4649b934ca495991b7852b855,,
[04.aa] Diagrams\[350.00] _____ _____ _____ _____ _____,TARGET\[00] Management\[90] Review\[10] Classification Required\[05] [04.aa] Diagrams\[350.00] _____ _____ _____ _____ _____,OTHER,REVIEW,LOW,165,e3b0c44298fc1c149afbf4c8996fb92427ae41e4649b934ca495991b7852b855,,
[04.aa] Diagrams\[350.ba] Context - Organisation - Systems - Types.drawio,TARGET\[00] Management\[90] Review\[10] Classification Required\[05] [04.aa] Diagrams\_media\Context - Organisation - Systems - Types.drawio,MEDIA,REVIEW,LOW,181,839f1e83388c2092028cec24cdf863f82a912a49ecec873e92f140cbfd3287cb,,
[04.aa] Diagrams\[350.ga] Context - Organisation - Categorisation - Org Systems.drawio,TARGET\[00] Management\[90] Review\[10] Classification Required\[05] [04.aa] Diagrams\_media\Context - Organisation - Categorisation - Org Systems.drawio,MEDIA,REVIEW,LOW,194,ff9d7e393838632554ab87326dea320568faf94568ccec51043195dd004ff672,,
[04.aa] Diagrams\[360.00] _____ _____ _____ _____ _____,TARGET\[00] Management\[90] Review\[10] Classification Required\[05] [04.aa] Diagrams\[360.00] _____ _____ _____ _____ _____,OTHER,REVIEW,LOW,165,e3b0c44298fc1c149afbf4c8996fb92427ae41e4649b934ca495991b7852b855,,
[04.aa] Diagrams\[360.ba] Context - Business- Service - Stakeholders - Group Venn Diagram.drawio,TARGET\[30] Discovery\[10] Context\[10] Business Context\_media\Context - Business- Service - Stakeholders - Group Venn Diagram.drawio,MEDIA,SPLIT,MEDIUM,175,ef5a8ea1f0d8ecfcf1643af756640c8adf9d6f7855dd6e9113a8763925434ac4,,
[04.aa] Diagrams\[370.00] _____ _____ _____ _____ _____,TARGET\[00] Management\[90] Review\[10] Classification Required\[05] [04.aa] Diagrams\[370.00] _____ _____ _____ _____ _____,OTHER,REVIEW,LOW,165,e3b0c44298fc1c149afbf4c8996fb92427ae41e4649b934ca495991b7852b855,,
[04.aa] Diagrams\[380.00] _____ _____ _____ _____ _____,TARGET\[00] Management\[90] Review\[10] Classification Required\[05] [04.aa] Diagrams\[380.00] _____ _____ _____ _____ _____,OTHER,REVIEW,LOW,165,e3b0c44298fc1c149afbf4c8996fb92427ae41e4649b934ca495991b7852b855,,
[04.aa] Diagrams\[390.00] _____ _____ _____ _____ _____,TARGET\[00] Management\[90] Review\[10] Classification Required\[05] [04.aa] Diagrams\[390.00] _____ _____ _____ _____ _____,OTHER,REVIEW,LOW,165,e3b0c44298fc1c149afbf4c8996fb92427ae41e4649b934ca495991b7852b855,,
[04.aa] Diagrams\[400.00] _____ _____ _____ _____ _____,TARGET\[00] Management\[90] Review\[10] Classification Required\[05] [04.aa] Diagrams\[400.00] _____ _____ _____ _____ _____,OTHER,REVIEW,LOW,165,e3b0c44298fc1c149afbf4c8996fb92427ae41e4649b934ca495991b7852b855,,
[04.aa] Diagrams\[400.fd] Context - Business - Service - Domains - Groups - TODO.drawio,TARGET\[30] Discovery\[10] Context\[10] Business Context\_media\Context - Business - Service - Domains - Groups.drawio,MEDIA,SPLIT,MEDIUM,159,f38cdf1820409fe008de3d40a961c119a64c3ebc4ba1bbb2cbdff19058008bc0,,
[04.aa] Diagrams\[400.fd] Context - Business - Service - Domains - Processing - TODO.drawio,TARGET\[30] Discovery\[10] Context\[10] Business Context\_media\Context - Business - Service - Domains - Processing.drawio,MEDIA,SPLIT,MEDIUM,163,f38cdf1820409fe008de3d40a961c119a64c3ebc4ba1bbb2cbdff19058008bc0,,
[04.aa] Diagrams\[400.fd] Context - Business - Service - Domains - Social - Relationships - TODO.drawio,TARGET\[30] Discovery\[10] Context\[10] Business Context\_media\Context - Business - Service - Domains - Social - Relationships.drawio,MEDIA,SPLIT,MEDIUM,175,f38cdf1820409fe008de3d40a961c119a64c3ebc4ba1bbb2cbdff19058008bc0,,
[04.aa] Diagrams\[400.fd] Context - Business - Service - Domains - Social - Relationships.drawio,TARGET\[30] Discovery\[10] Context\[10] Business Context\_media\Context - Business - Service - Domains - Social - Relationships - 58e65f36.drawio,MEDIA,SPLIT,MEDIUM,186,a7b3bd9d04be80f5747a320df7819802fa147591ae5771112892f4b571822057,,
[04.aa] Diagrams\[400.fi] Context - Business - Service - Domains - Scheduling.drawio,TARGET\[30] Discovery\[10] Context\[10] Business Context\_media\Context - Business - Service - Domains - Scheduling.drawio,MEDIA,SPLIT,MEDIUM,163,f38cdf1820409fe008de3d40a961c119a64c3ebc4ba1bbb2cbdff19058008bc0,,
[04.aa] Diagrams\[400.ga] Context - Business Service - Domain - Education - Developing Resources.drawio,TARGET\[30] Discovery\[10] Context\[10] Business Context\_media\Context - Business Service - Domain - Education - Developing Resources.drawio,MEDIA,SPLIT,MEDIUM,182,05fa726407a5445484292c15c90e3cc30a85d855182b19881f19a7631e493f92,,
[04.aa] Diagrams\[400.ga] Context - Business Service - Domain - Education - Learning Assessments.drawio,TARGET\[30] Discovery\[10] Context\[10] Business Context\_media\Context - Business Service - Domain - Education - Learning Assessments.drawio,MEDIA,SPLIT,MEDIUM,182,74216849a2b4dc770b97c920084f5bd69d7e6232435e0322d4fef96b6e09beb9,,
[04.aa] Diagrams\[400.ga] Context - Business Service - Domain - Individuals - Life Events.drawio,TARGET\[30] Discovery\[10] Context\[10] Business Context\_media\Context - Business Service - Domain - Individuals - Life Events.drawio,MEDIA,SPLIT,MEDIUM,175,d467f132c828f0e3895e70a530ae448da7ef6076e2ae8fe145264d926d25a920,,
[04.aa] Diagrams\[400.ga] Context - Business Service - Domain - Individuals - Life.drawio,TARGET\[30] Discovery\[10] Context\[10] Business Context\_media\Context - Business Service - Domain - Individuals - Life.drawio,MEDIA,SPLIT,MEDIUM,168,2e3b924f632624657318145a4dda00f234e31a03c5390b23abdb89397e095c9a,,
[04.aa] Diagrams\[400.ga] Context - Domains - Education -  - Assessment Platform - Capabilities View - Capabilities.drawio,TARGET\[00] Management\[90] Review\[10] Classification Required\[05] [04.aa] Diagrams\_media\Context - Domains - Education - - Assessment Platform - Capabilities~436d1fa0.drawio,MEDIA,REVIEW,LOW,218,68282400d314813d9cdd496b101cc9d06cfc04f13c6b5516d5e8c04a15952e1e,,
[04.aa] Diagrams\[400.ga] Context - Domains - Education - Assessments - Assessment Types.drawio,TARGET\[00] Management\[90] Review\[10] Classification Required\[05] [04.aa] Diagrams\_media\Context - Domains - Education - Assessments - Assessment Types.drawio,MEDIA,REVIEW,LOW,203,8285ff8fdec52a234c0b37348e2959eee1c8f83b1ac800aaab744eba947f260c,,
[04.aa] Diagrams\[400.ga] Context - Domains - Education - Assessments - Context - Products.drawio,TARGET\[00] Management\[90] Review\[10] Classification Required\[05] [04.aa] Diagrams\_media\Context - Domains - Education - Assessments - Context - Products.drawio,MEDIA,REVIEW,LOW,205,1ab759bf9fc29339337f5eeaf7d71cc5cff8133430a80a004a70df82890585a9,,
[04.aa] Diagrams\[400.ga] Context - Domains - Education - Education - Developing Resources.drawio,TARGET\[00] Management\[90] Review\[10] Classification Required\[05] [04.aa] Diagrams\_media\Context - Domains - Education - Education - Developing Resources.drawio,MEDIA,REVIEW,LOW,205,05fa726407a5445484292c15c90e3cc30a85d855182b19881f19a7631e493f92,,
[04.aa] Diagrams\[400.ga] Context - Domains - Education - Education - Learning Assessments.drawio,TARGET\[00] Management\[90] Review\[10] Classification Required\[05] [04.aa] Diagrams\_media\Context - Domains - Education - Education - Learning Assessments.drawio,MEDIA,REVIEW,LOW,205,74216849a2b4dc770b97c920084f5bd69d7e6232435e0322d4fef96b6e09beb9,,
[04.aa] Diagrams\[400.ga] Context - Domains - Education - Purpose (Philosophy).drawio,TARGET\[00] Management\[90] Review\[10] Classification Required\[05] [04.aa] Diagrams\_media\Context - Domains - Education - Purpose (Philosophy).drawio,MEDIA,REVIEW,LOW,193,ade3517ad02836ce7b495c7bcde8fc4803275ccdcbdea9c92a87b8ca91e2f269,,
[04.aa] Diagrams\[400.ga] Service - Domain - Education - Assessments - Assessment Types.drawio,TARGET\[00] Management\[90] Review\[10] Classification Required\[05] [04.aa] Diagrams\_media\Service - Domain - Education - Assessments - Assessment Types.drawio,MEDIA,REVIEW,LOW,202,2599bc8dba013cdb7011d74c3eb5d4615cab349e69f59c3ad95286785989b297,,
[04.aa] Diagrams\[41.aa] Definition Design.drawio,TARGET\[00] Management\[90] Review\[10] Classification Required\[05] [04.aa] Diagrams\_media\Definition Design.drawio,MEDIA,REVIEW,LOW,158,f38cdf1820409fe008de3d40a961c119a64c3ebc4ba1bbb2cbdff19058008bc0,,
[04.aa] Diagrams\[41.ba] - SEK - Use Case View - Maintenance.drawio,TARGET\[00] Management\[90] Review\[10] Classification Required\[05] [04.aa] Diagrams\_media\SEK - Use Case View - Maintenance.drawio,MEDIA,REVIEW,LOW,174,c23fae0bbfd728a557c2c02821609585cceba620754a6c41d08cd94f7ab1386d,,
[04.aa] Diagrams\[41.ba] - SEK - Use Case View - Organisation Use Cases.drawio,TARGET\[50] Design\[30] Functionality\[30] Use Cases\_media\SEK - Use Case View - Organisation Use Cases.drawio,MEDIA,SPLIT,MEDIUM,152,83a25efc28bfec1e37b134cad13be167b61c6a0154e564787ec19dc0871d0a3e,,
[04.aa] Diagrams\[41.ba] - SEK - Use Case View - Support Services.drawio,TARGET\[00] Management\[90] Review\[10] Classification Required\[05] [04.aa] Diagrams\_media\SEK - Use Case View - Support Services.drawio,MEDIA,REVIEW,LOW,179,702cfa904e7bd4c76e6c11ae5adb67e03d93b5557ea48a373f38ad342e74ac97,,
[04.aa] Diagrams\[41.ba] - Use Case View - Create and Share Reports.drawio,TARGET\[00] Management\[90] Review\[10] Classification Required\[05] [04.aa] Diagrams\_media\Use Case View - Create and Share Reports.drawio,MEDIA,REVIEW,LOW,181,6865bbd0c1eb8e26192055a7fa2cd5db8b98ae82cf4b652bd24847a0bf32f2fd,,
[04.aa] Diagrams\[41.ga] Use Case - Support -TODO.drawio,TARGET\[00] Management\[90] Review\[10] Classification Required\[05] [04.aa] Diagrams\_media\Use Case - Support -TODO.drawio,MEDIA,REVIEW,LOW,165,f38cdf1820409fe008de3d40a961c119a64c3ebc4ba1bbb2cbdff19058008bc0,,
[04.aa] Diagrams\[41.gb] Use Case - Support - Public - TODO.drawio,TARGET\[00] Management\[90] Review\[10] Classification Required\[05] [04.aa] Diagrams\_media\Use Case - Support - Public.drawio,MEDIA,REVIEW,LOW,168,f38cdf1820409fe008de3d40a961c119a64c3ebc4ba1bbb2cbdff19058008bc0,,
[04.aa] Diagrams\[41.gc] Use Case - Support - Consumer - TODO.drawio,TARGET\[00] Management\[90] Review\[10] Classification Required\[05] [04.aa] Diagrams\_media\Use Case - Support - Consumer.drawio,MEDIA,REVIEW,LOW,170,f38cdf1820409fe008de3d40a961c119a64c3ebc4ba1bbb2cbdff19058008bc0,,
[04.aa] Diagrams\[41.gd] Use Case - Support - Business - TODO.drawio,TARGET\[00] Management\[90] Review\[10] Classification Required\[05] [04.aa] Diagrams\_media\Use Case - Support - Business.drawio,MEDIA,REVIEW,LOW,170,f38cdf1820409fe008de3d40a961c119a64c3ebc4ba1bbb2cbdff19058008bc0,,
[04.aa] Diagrams\[41.ge] Use Case - Support - Operations - TODO.drawio,TARGET\[80] Operations\[10] Service\[10] Operation and Support\_media\Use Case - Support - Operations.drawio,MEDIA,SPLIT,MEDIUM,149,f38cdf1820409fe008de3d40a961c119a64c3ebc4ba1bbb2cbdff19058008bc0,,
[04.aa] Diagrams\[41.ha] Use Case - Operations -TODO.drawio,TARGET\[00] Management\[90] Review\[10] Classification Required\[05] [04.aa] Diagrams\_media\Use Case - Operations -TODO.drawio,MEDIA,REVIEW,LOW,168,f38cdf1820409fe008de3d40a961c119a64c3ebc4ba1bbb2cbdff19058008bc0,,
[04.aa] Diagrams\[410.00] _____ _____ _____ _____ _____,TARGET\[00] Management\[90] Review\[10] Classification Required\[05] [04.aa] Diagrams\[410.00] _____ _____ _____ _____ _____,OTHER,REVIEW,LOW,165,e3b0c44298fc1c149afbf4c8996fb92427ae41e4649b934ca495991b7852b855,,
[04.aa] Diagrams\[420.00] _____ _____ _____ _____ _____,TARGET\[00] Management\[90] Review\[10] Classification Required\[05] [04.aa] Diagrams\[420.00] _____ _____ _____ _____ _____,OTHER,REVIEW,LOW,165,e3b0c44298fc1c149afbf4c8996fb92427ae41e4649b934ca495991b7852b855,,
[04.aa] Diagrams\[430.00] _____ _____ _____ _____ _____,TARGET\[00] Management\[90] Review\[10] Classification Required\[05] [04.aa] Diagrams\[430.00] _____ _____ _____ _____ _____,OTHER,REVIEW,LOW,165,e3b0c44298fc1c149afbf4c8996fb92427ae41e4649b934ca495991b7852b855,,
[04.aa] Diagrams\[440.00] _____ _____ _____ _____ _____,TARGET\[00] Management\[90] Review\[10] Classification Required\[05] [04.aa] Diagrams\[440.00] _____ _____ _____ _____ _____,OTHER,REVIEW,LOW,165,e3b0c44298fc1c149afbf4c8996fb92427ae41e4649b934ca495991b7852b855,,
[04.aa] Diagrams\[450.00] Delivery View - Deliverables.drawio,TARGET\[00] Management\[90] Review\[10] Classification Required\[05] [04.aa] Diagrams\_media\Delivery View - Deliverables.drawio,MEDIA,REVIEW,LOW,169,ceea0c38d24105cf7d995351d8ebd65780e28edf0a9f8ec6e2d1c62cf59ebb2b,,
[04.aa] Diagrams\[450.00] _____ _____ _____ _____ _____,TARGET\[00] Management\[90] Review\[10] Classification Required\[05] [04.aa] Diagrams\[450.00] _____ _____ _____ _____ _____,OTHER,REVIEW,LOW,165,e3b0c44298fc1c149afbf4c8996fb92427ae41e4649b934ca495991b7852b855,,
[04.aa] Diagrams\[45] 000 -.Functionality View - Pyramid of Functionality.drawio,TARGET\[00] Management\[90] Review\[10] Classification Required\[05] [04.aa] Diagrams\_media\Functionality View - Pyramid of Functionality.drawio,MEDIA,REVIEW,LOW,186,a7826c50a3ea9ecba77ec12350997c71984adaaa421cccee821fa212fdf1758e,,
[04.aa] Diagrams\[45] Functionality View - Analysis - Capabilities Required for User & Group Management.drawio,TARGET\[00] Management\[90] Review\[10] Classification Required\[05] [04.aa] Diagrams\_media\Functionality View - Analysis - Capabilities Required for User & Grou~e7c83f43.drawio,MEDIA,REVIEW,LOW,219,8f4e21233c540441ae86457d8496eda64f84b4f59a06ad38e9a81b58ecca4128,,
[04.aa] Diagrams\[45] Functionality View - Capabilities - Base System Logical Module - User & Group Management.drawio,TARGET\[50] Design\[30] Functionality\[10] Capabilities and Functions\_media\Functionality View - Capabilities - Base System Logical Module - User & Group Management.drawio,MEDIA,SPLIT,MEDIUM,213,a5d79c53239b061f8672adf06b17710c03e4ee425c143a698f6b80ade56ab3cf,,
[04.aa] Diagrams\[45] Functionality View - Capabilities- Media Management Functionality.drawio,TARGET\[50] Design\[30] Functionality\[10] Capabilities and Functions\_media\Functionality View - Capabilities- Media Management Functionality.drawio,MEDIA,SPLIT,MEDIUM,190,2b3e163f1eb67b42162cf1aab2de4fadeeda52e74ece22b127700a53d63ea1db,,
[04.aa] Diagrams\[460.00] _____ _____ _____ _____ _____,TARGET\[00] Management\[90] Review\[10] Classification Required\[05] [04.aa] Diagrams\[460.00] _____ _____ _____ _____ _____,OTHER,REVIEW,LOW,165,e3b0c44298fc1c149afbf4c8996fb92427ae41e4649b934ca495991b7852b855,,
[04.aa] Diagrams\[460] Delivery - Methodologies - Comparison.drawio,TARGET\[00] Management\[90] Review\[10] Classification Required\[05] [04.aa] Diagrams\_media\Delivery - Methodologies - Comparison.drawio,MEDIA,REVIEW,LOW,178,d3f092179a41cc3ff3b0b6f47cdacd3869e78c152cb87953c1a929336eb3217d,,
[04.aa] Diagrams\[460] Delivery - Methodologies - ISO 12207-2017.drawio,TARGET\[00] Management\[90] Review\[10] Classification Required\[05] [04.aa] Diagrams\_media\Delivery - Methodologies - ISO 12207-2017.drawio,MEDIA,REVIEW,LOW,182,1079afaf79bda3be62ec59c0eb218c999b6c11667b7b5d6df2e19c1a9cbdda99,,
[04.aa] Diagrams\[460] Delivery - Methodologies - ISO 15288.drawio,TARGET\[00] Management\[90] Review\[10] Classification Required\[05] [04.aa] Diagrams\_media\Delivery - Methodologies - ISO 15288.drawio,MEDIA,REVIEW,LOW,177,5372d45403c48766e38925418329811ecd18ebe0ddb05e0643e5668995244ecf,,
[04.aa] Diagrams\[460] Delivery - Methodologies - ISO-29110-Basic Profile.drawio,TARGET\[00] Management\[90] Review\[10] Classification Required\[05] [04.aa] Diagrams\_media\Delivery - Methodologies - ISO-29110-Basic Profile.drawio,MEDIA,REVIEW,LOW,191,6049383be13f3f48d7d368a28d3b5fce9934d9e66a22c1077963fbaf364ccb5a,,
[04.aa] Diagrams\[460] Delivery - Methodologies - Protocols - SDLC.drawio,TARGET\[00] Management\[90] Review\[10] Classification Required\[05] [04.aa] Diagrams\_media\Delivery - Methodologies - Protocols - SDLC.drawio,MEDIA,REVIEW,LOW,184,91328707f7a4fb8bc9cbb3392fc7af66637e6b11cef4e9c367f13a2caa22c3eb,,
[04.aa] Diagrams\[460] Delivery - Methodologies - Protocols.drawio,TARGET\[00] Management\[90] Review\[10] Classification Required\[05] [04.aa] Diagrams\_media\Delivery - Methodologies - Protocols.drawio,MEDIA,REVIEW,LOW,177,752eef08ccda9398404effc17172ba05ff3431109824f92ca4eadf5f4f9bbb21,,
[04.aa] Diagrams\[460] Delivery View (Methodologies) - ISO 29110 Implementation Process Activities & Tasks.drawio,TARGET\[00] Management\[90] Review\[10] Classification Required\[05] [04.aa] Diagrams\_media\Delivery View (Methodologies) - ISO 29110 Implementation Process Acti~745bd398.drawio,MEDIA,REVIEW,LOW,219,6054968869d683dc8720526b489a503d6d572f872631698af81fa370b7948b1b,,
[04.aa] Diagrams\[460] Delivery View (Methodologies) - ISO-15289 2019 - Documentation Deliverables (simplied).drawio,TARGET\[00] Management\[90] Review\[10] Classification Required\[05] [04.aa] Diagrams\_media\Delivery View (Methodologies) - ISO-15289 2019 - Documentation Delive~465a7828.drawio,MEDIA,REVIEW,LOW,219,d3b0f73d6415833fecdeec04b40a683b01ee3554a43a31a34eaa015873b410db,,
"[04.aa] Diagrams\[460] Delivery View (Methodologies) - ISO-29110-Basic-Project Management Processes, Activities, Tasks.drawio",TARGET\[00] Management\[90] Review\[10] Classification Required\[05] [04.aa] Diagrams\_media\Delivery View (Methodologies) - ISO-29110-Basic-Project Management Pr~d85955c9.drawio,MEDIA,REVIEW,LOW,219,82a138ed6e888d8e323c3a0e84e35fd1e0aa781daaea6333d1beec2d3d5fe6f0,,
[04.aa] Diagrams\[470.00] Delivery - Constraints - Scheduling - 20250831 - TLS1.1 Retirement from Azure Services.drawio,TARGET\[60] Delivery\[50] Integrations\[30] External Services\_media\Delivery - Constraints - Scheduling - 20250831 - TLS1.1 Retirement from Azure Services.drawio,MEDIA,SPLIT,MEDIUM,203,b5befeec66e7efb0fde7407c917c80c49db517d092597177e7b82bf958d833f4,,
[04.aa] Diagrams\[470.00] _____ _____ _____ _____ _____,TARGET\[00] Management\[90] Review\[10] Classification Required\[05] [04.aa] Diagrams\[470.00] _____ _____ _____ _____ _____,OTHER,REVIEW,LOW,165,e3b0c44298fc1c149afbf4c8996fb92427ae41e4649b934ca495991b7852b855,,
[04.aa] Diagrams\[480.00] Delivery - Dependencies - Contracts - TODO.drawio,TARGET\[00] Management\[90] Review\[10] Classification Required\[05] [04.aa] Diagrams\_media\Delivery - Dependencies - Contracts.drawio,MEDIA,REVIEW,LOW,176,f38cdf1820409fe008de3d40a961c119a64c3ebc4ba1bbb2cbdff19058008bc0,,
[04.aa] Diagrams\[480.00] _____ _____ _____ _____ _____,TARGET\[00] Management\[90] Review\[10] Classification Required\[05] [04.aa] Diagrams\[480.00] _____ _____ _____ _____ _____,OTHER,REVIEW,LOW,165,e3b0c44298fc1c149afbf4c8996fb92427ae41e4649b934ca495991b7852b855,,
[04.aa] Diagrams\[480.01] Delivery - Dependencies - Contracts - QA - Functionality - TODO.drawio,TARGET\[00] Management\[90] Review\[10] Classification Required\[05] [04.aa] Diagrams\_media\Delivery - Dependencies - Contracts - QA - Functionality.drawio,MEDIA,REVIEW,LOW,197,f38cdf1820409fe008de3d40a961c119a64c3ebc4ba1bbb2cbdff19058008bc0,,
[04.aa] Diagrams\[480.01] Delivery - Dependencies - Contracts - QA - Perf - TODO.drawio,TARGET\[00] Management\[90] Review\[10] Classification Required\[05] [04.aa] Diagrams\_media\Delivery - Dependencies - Contracts - QA - Perf.drawio,MEDIA,REVIEW,LOW,188,f38cdf1820409fe008de3d40a961c119a64c3ebc4ba1bbb2cbdff19058008bc0,,
[04.aa] Diagrams\[480.01] Delivery - Dependencies - Contracts - QA - Security - TODO.drawio,TARGET\[60] Delivery\[70] Verification\[40] Security Testing\_media\Delivery - Dependencies - Contracts - QA - Security.drawio,MEDIA,SPLIT,MEDIUM,167,f38cdf1820409fe008de3d40a961c119a64c3ebc4ba1bbb2cbdff19058008bc0,,
[04.aa] Diagrams\[480.01] Delivery - Dependencies - Contracts - QA - Usability - TODO.drawio,TARGET\[00] Management\[90] Review\[10] Classification Required\[05] [04.aa] Diagrams\_media\Delivery - Dependencies - Contracts - QA - Usability.drawio,MEDIA,REVIEW,LOW,193,f38cdf1820409fe008de3d40a961c119a64c3ebc4ba1bbb2cbdff19058008bc0,,
[04.aa] Diagrams\[480.02] Delivery - Dependencies - Contracts - Change Control - TODO.drawio,TARGET\[00] Management\[90] Review\[10] Classification Required\[05] [04.aa] Diagrams\_media\Delivery - Dependencies - Contracts - Change Control.drawio,MEDIA,REVIEW,LOW,193,f38cdf1820409fe008de3d40a961c119a64c3ebc4ba1bbb2cbdff19058008bc0,,
[04.aa] Diagrams\[480.02] Delivery - Dependencies - Contracts - Development - TODO.drawio,TARGET\[60] Delivery\[40] Core Service\[90] Development Requiring Detail\_media\Delivery - Dependencies - Contracts - Development.drawio,MEDIA,SPLIT,MEDIUM,177,f38cdf1820409fe008de3d40a961c119a64c3ebc4ba1bbb2cbdff19058008bc0,,
[04.aa] Diagrams\[480.02] Delivery - Dependencies - Contracts - Management - TODO.drawio,TARGET\[00] Management\[90] Review\[10] Classification Required\[05] [04.aa] Diagrams\_media\Delivery - Dependencies - Contracts - Management.drawio,MEDIA,REVIEW,LOW,189,f38cdf1820409fe008de3d40a961c119a64c3ebc4ba1bbb2cbdff19058008bc0,,
[04.aa] Diagrams\[490.00] Delivery - Dependencies - TODO.drawio,TARGET\[00] Management\[90] Review\[10] Classification Required\[05] [04.aa] Diagrams\_media\Delivery - Dependencies.drawio,MEDIA,REVIEW,LOW,164,f38cdf1820409fe008de3d40a961c119a64c3ebc4ba1bbb2cbdff19058008bc0,,
[04.aa] Diagrams\[490.00] _____ _____ _____ _____ _____,TARGET\[00] Management\[90] Review\[10] Classification Required\[05] [04.aa] Diagrams\[490.00] _____ _____ _____ _____ _____,OTHER,REVIEW,LOW,165,e3b0c44298fc1c149afbf4c8996fb92427ae41e4649b934ca495991b7852b855,,
[04.aa] Diagrams\[490.01] Delivery - Dependencies - Subscriptions.drawio,TARGET\[00] Management\[90] Review\[10] Classification Required\[05] [04.aa] Diagrams\_media\Delivery - Dependencies - Subscriptions.drawio,MEDIA,REVIEW,LOW,180,d8747d649948d1afbe53cfbb1f3e62c4d55463457e7010d6764ad154da208552,,
[04.aa] Diagrams\[490.11] Delivery - Dependencies - Subscriptions - Telecommunications.drawio,TARGET\[00] Management\[90] Review\[10] Classification Required\[05] [04.aa] Diagrams\_media\Delivery - Dependencies - Subscriptions - Telecommunications.drawio,MEDIA,REVIEW,LOW,201,f38cdf1820409fe008de3d40a961c119a64c3ebc4ba1bbb2cbdff19058008bc0,,
[04.aa] Diagrams\[490.12] Delivery - Dependencies - Subscriptions - Workspace.drawio,TARGET\[00] Management\[90] Review\[10] Classification Required\[05] [04.aa] Diagrams\_media\Delivery - Dependencies - Subscriptions - Workspace.drawio,MEDIA,REVIEW,LOW,192,f38cdf1820409fe008de3d40a961c119a64c3ebc4ba1bbb2cbdff19058008bc0,,
[04.aa] Diagrams\[490.22] Delivery - Dependencies - Subscriptions - IDE.drawio,TARGET\[00] Management\[90] Review\[10] Classification Required\[05] [04.aa] Diagrams\_media\Delivery - Dependencies - Subscriptions - IDE.drawio,MEDIA,REVIEW,LOW,186,f38cdf1820409fe008de3d40a961c119a64c3ebc4ba1bbb2cbdff19058008bc0,,
[04.aa] Diagrams\[490.31] Delivery - Dependencies - Subscriptions - DNS.drawio,TARGET\[00] Management\[90] Review\[10] Classification Required\[05] [04.aa] Diagrams\_media\Delivery - Dependencies - Subscriptions - DNS.drawio,MEDIA,REVIEW,LOW,186,f38cdf1820409fe008de3d40a961c119a64c3ebc4ba1bbb2cbdff19058008bc0,,
[04.aa] Diagrams\[490.32] Delivery - Dependencies - Subscriptions - Directory.drawio,TARGET\[00] Management\[90] Review\[10] Classification Required\[05] [04.aa] Diagrams\_media\Delivery - Dependencies - Subscriptions - Directory.drawio,MEDIA,REVIEW,LOW,192,f38cdf1820409fe008de3d40a961c119a64c3ebc4ba1bbb2cbdff19058008bc0,,
[04.aa] Diagrams\[490.33] Delivery - Dependencies - Subscriptions - Certificates.drawio,TARGET\[00] Management\[90] Review\[10] Classification Required\[05] [04.aa] Diagrams\_media\Delivery - Dependencies - Subscriptions - Certificates.drawio,MEDIA,REVIEW,LOW,195,f38cdf1820409fe008de3d40a961c119a64c3ebc4ba1bbb2cbdff19058008bc0,,
[04.aa] Diagrams\[490.41] Delivery - Dependencies - Subscriptions - Data Centers.drawio,TARGET\[00] Management\[90] Review\[10] Classification Required\[05] [04.aa] Diagrams\_media\Delivery - Dependencies - Subscriptions - Data Centers.drawio,MEDIA,REVIEW,LOW,195,f38cdf1820409fe008de3d40a961c119a64c3ebc4ba1bbb2cbdff19058008bc0,,
[04.aa] Diagrams\[490.50] Delivery - Dependencies - Purchases - TODO.drawio,TARGET\[00] Management\[90] Review\[10] Classification Required\[05] [04.aa] Diagrams\_media\Delivery - Dependencies - Purchases.drawio,MEDIA,REVIEW,LOW,176,f38cdf1820409fe008de3d40a961c119a64c3ebc4ba1bbb2cbdff19058008bc0,,
[04.aa] Diagrams\[490.51] Delivery - Dependencies - Purchases - Devices.drawio,TARGET\[00] Management\[90] Review\[10] Classification Required\[05] [04.aa] Diagrams\_media\Delivery - Dependencies - Purchases - Devices.drawio,MEDIA,REVIEW,LOW,186,f38cdf1820409fe008de3d40a961c119a64c3ebc4ba1bbb2cbdff19058008bc0,,
[04.aa] Diagrams\[500.00] Delivery - TODO.drawio,TARGET\[00] Management\[90] Review\[10] Classification Required\[05] [04.aa] Diagrams\_media\Delivery.drawio,MEDIA,REVIEW,LOW,149,f38cdf1820409fe008de3d40a961c119a64c3ebc4ba1bbb2cbdff19058008bc0,,
[04.aa] Diagrams\[500.00] _____ _____ _____ _____ _____,TARGET\[00] Management\[90] Review\[10] Classification Required\[05] [04.aa] Diagrams\[500.00] _____ _____ _____ _____ _____,OTHER,REVIEW,LOW,165,e3b0c44298fc1c149afbf4c8996fb92427ae41e4649b934ca495991b7852b855,,
[04.aa] Diagrams\[500.03] Delivery - Deliverables - LEGACY.drawio,TARGET\[00] Management\[90] Review\[10] Classification Required\[05] [04.aa] Diagrams\_media\Delivery - Deliverables - LEGACY.drawio,MEDIA,REVIEW,LOW,173,1dbbb8fd40198953904e7eab02543e8d968bb8e5428d31bdb756b08717a33b36,,
[04.aa] Diagrams\[500.ab] Delivery View - Aspects.drawio,TARGET\[00] Management\[90] Review\[10] Classification Required\[05] [04.aa] Diagrams\_media\Delivery View - Aspects.drawio,MEDIA,REVIEW,LOW,164,c93022d7473a7e4769976a70081c32fa76913985c5c24cdb3e62ec3e19a1186d,,
[04.aa] Diagrams\[500.ad] Delivery View - Deliverables 2 Roles Matrix.drawio,TARGET\[00] Management\[90] Review\[10] Classification Required\[05] [04.aa] Diagrams\_media\Delivery View - Deliverables 2 Roles Matrix.drawio,MEDIA,REVIEW,LOW,184,ec5ce9e09c46443d8e0b0004ef72856d024e7deb0e09de454ad0e2668fff5d68,,
[04.aa] Diagrams\[500.ba] Delivery - Deliverables - Details - TODO.drawio,TARGET\[00] Management\[90] Review\[10] Classification Required\[05] [04.aa] Diagrams\_media\Delivery - Deliverables - Details.drawio,MEDIA,REVIEW,LOW,174,f38cdf1820409fe008de3d40a961c119a64c3ebc4ba1bbb2cbdff19058008bc0,,
[04.aa] Diagrams\[500.bb] Delivery - Deliverables - System Types & delivery Thereof Matrix.drawio,TARGET\[00] Management\[90] Review\[10] Classification Required\[05] [04.aa] Diagrams\_media\Delivery - Deliverables - System Types & delivery Thereof Matrix.drawio,MEDIA,REVIEW,LOW,205,8e5084d6f98d6e2c2ee5acb784c89bc30b24e5f7ee3f8a840acfec904be8cc53,,
[04.aa] Diagrams\[500.bc] Delivery - Deliverables - Scheduling - Dependencies.drawio,TARGET\[00] Management\[90] Review\[10] Classification Required\[05] [04.aa] Diagrams\_media\Delivery - Deliverables - Scheduling - Dependencies.drawio,MEDIA,REVIEW,LOW,192,02c07d47a6d5ff1f2433c175e8d1cd72480a90c7039d9469efd305034e3ac8a7,,
[04.aa] Diagrams\[500.bd] Delivery - Deliverables - Scheduling - Technical View (Deliverables).drawio,TARGET\[00] Management\[90] Review\[10] Classification Required\[05] [04.aa] Diagrams\_media\Delivery - Deliverables - Scheduling - Technical View (Deliverables).drawio,MEDIA,REVIEW,LOW,209,09449839c23a4fa34c996ba9c2180a41ec8c575aa98d96f228d5a0d41fee90cb,,
[04.aa] Diagrams\[500.be] Delivery - Deliverables - Categories.drawio,TARGET\[00] Management\[90] Review\[10] Classification Required\[05] [04.aa] Diagrams\_media\Delivery - Deliverables - Categories.drawio,MEDIA,REVIEW,LOW,177,9eabac9aa05f8caf0b9479bb335da765534ffa6c6a84cb46dfda31bb6427e8dc,,
[04.aa] Diagrams\[500.ca] Delivery - Management - Decision Matrix.drawio,TARGET\[00] Management\[90] Review\[10] Classification Required\[05] [04.aa] Diagrams\_media\Delivery - Management - Decision Matrix.drawio,MEDIA,REVIEW,LOW,180,d9e707812a91d8d2f25c2daa70280d20c8c32a66539b5b478d7e673e737cffb9,,
[04.aa] Diagrams\[500.cb] Delivery - Management - Delivery Approach.drawio,TARGET\[00] Management\[90] Review\[10] Classification Required\[05] [04.aa] Diagrams\_media\Delivery - Management - Delivery Approach.drawio,MEDIA,REVIEW,LOW,182,28f9c952127ae40e5828b055e958731cf44b06ff6c66ab862cf885a0e3cba57d,,
[04.aa] Diagrams\[500.ea] Delivery - Organisation - TODO.drawio,TARGET\[00] Management\[90] Review\[10] Classification Required\[05] [04.aa] Diagrams\_media\Delivery - Organisation.drawio,MEDIA,REVIEW,LOW,164,f38cdf1820409fe008de3d40a961c119a64c3ebc4ba1bbb2cbdff19058008bc0,,
[04.aa] Diagrams\[500] Delivery - Deliverables - Assurance.drawio,TARGET\[00] Management\[90] Review\[10] Classification Required\[05] [04.aa] Diagrams\_media\Delivery - Deliverables - Assurance.drawio,MEDIA,REVIEW,LOW,176,df3b621f9f6b1eb9372562bfca3a336a5cc42f81a60eed75dae11ae0c4beeada,,
[04.aa] Diagrams\[500] Delivery - Deliverables - Corp & Partner Sites.drawio,TARGET\[00] Management\[90] Review\[10] Classification Required\[05] [04.aa] Diagrams\_media\Delivery - Deliverables - Corp & Partner Sites.drawio,MEDIA,REVIEW,LOW,187,49e7807b02621f6b1d52773fff2f4bcd84df427741f2cbd383f4c9b6f24caeb7,,
[04.aa] Diagrams\[500] Delivery View (Management) - LEGACY.drawio,TARGET\[00] Management\[90] Review\[10] Classification Required\[05] [04.aa] Diagrams\_media\Delivery View (Management) - LEGACY.drawio,MEDIA,REVIEW,LOW,176,92c495adcccedae3f83999138d7bacf7880cec08920e9e83f0d49833170de646,,
[04.aa] Diagrams\[500].Delivery - Deliverables - Code to Artefact Relationship.drawio,TARGET\[00] Management\[90] Review\[10] Classification Required\[05] [04.aa] Diagrams\_media\Delivery - Deliverables - Code to Artefact Relationship.drawio,MEDIA,REVIEW,LOW,196,a41f934077e5015b2466e69dfbc1ad22ab44d5c683c6f680dfc00f8f7e1469ba,,
[04.aa] Diagrams\[510.00] _____ _____ _____ _____ _____,TARGET\[00] Management\[90] Review\[10] Classification Required\[05] [04.aa] Diagrams\[510.00] _____ _____ _____ _____ _____,OTHER,REVIEW,LOW,165,e3b0c44298fc1c149afbf4c8996fb92427ae41e4649b934ca495991b7852b855,,
[04.aa] Diagrams\[510.bf] Delivery - Deliverables - Governance View (Deliverables) (Aspects).drawio,TARGET\[00] Management\[90] Review\[10] Classification Required\[05] [04.aa] Diagrams\_media\Delivery - Deliverables - Governance View (Deliverables) (Aspects).drawio,MEDIA,REVIEW,LOW,207,69adad685920ab0ef3177f110bd2d39193aa52cda0abd50e3f2823868b80d33a,,
[04.aa] Diagrams\[510.bg] Delivery - Deliverables - Governance - Reporting (Direction).drawio,TARGET\[00] Management\[90] Review\[10] Classification Required\[05] [04.aa] Diagrams\_media\Delivery - Deliverables - Governance - Reporting (Direction).drawio,MEDIA,REVIEW,LOW,201,812771d6c0f73935b291f6b0711940401cef1c87753ab338d3cf2d0dade6065d,,
[04.aa] Diagrams\[510.bh] Delivery - Deliverables - Governance - Progress.drawio,TARGET\[00] Management\[90] Review\[10] Classification Required\[05] [04.aa] Diagrams\_media\Delivery - Deliverables - Governance - Progress.drawio,MEDIA,REVIEW,LOW,188,f21d9ffe617020a45038bd400c8d1c1432579a6432679f722c47a695c2abc259,,
[04.aa] Diagrams\[510.bi] Delivery - Deliverables - Governance - Operational Status.drawio,TARGET\[00] Management\[90] Review\[10] Classification Required\[05] [04.aa] Diagrams\_media\Delivery - Deliverables - Governance - Operational Status.drawio,MEDIA,REVIEW,LOW,198,321d63119846956f62030f933e60762358a177ab5b41f758ef0d4254fc632213,,
[04.aa] Diagrams\[520.00] _____ _____ _____ _____ _____,TARGET\[00] Management\[90] Review\[10] Classification Required\[05] [04.aa] Diagrams\[520.00] _____ _____ _____ _____ _____,OTHER,REVIEW,LOW,165,e3b0c44298fc1c149afbf4c8996fb92427ae41e4649b934ca495991b7852b855,,
[04.aa] Diagrams\[520.bk] Delivery - Deliverables - Dependencies - ALM.drawio,TARGET\[00] Management\[90] Review\[10] Classification Required\[05] [04.aa] Diagrams\_media\Delivery - Deliverables - Dependencies - ALM.drawio,MEDIA,REVIEW,LOW,185,3376d4826fc7e96ff5f0eaead330ab4af0bc4c0f9de186a72a496132ba337026,,
[04.aa] Diagrams\[520.fa] Delivery View (Organisation) - Accountability.drawio,TARGET\[00] Management\[90] Review\[10] Classification Required\[05] [04.aa] Diagrams\_media\Delivery View (Organisation) - Accountability.drawio,MEDIA,REVIEW,LOW,186,d11ebecf8217c943f8fc426c68c05a78aa35e27b1e180c009579386bb0ab9c42,,
[04.aa] Diagrams\[520.fa] Delivery View (Organisation) - ALM.drawio,TARGET\[00] Management\[90] Review\[10] Classification Required\[05] [04.aa] Diagrams\_media\Delivery View (Organisation) - ALM.drawio,MEDIA,REVIEW,LOW,175,0736539310a0610aa1af2a758e9c052293601a66d28c6d95240ca4466cbdd37d,,
[04.aa] Diagrams\[520.fd] Delivery View (Organisation) - ALM.drawio,TARGET\[00] Management\[90] Review\[10] Classification Required\[05] [04.aa] Diagrams\_media\Delivery View (Organisation) - ALM - cf122e53.drawio,MEDIA,REVIEW,LOW,186,a5786d0e004bc2b80805d1059fc926926599f76363868bbc28fcb2f0d401294a,,
[04.aa] Diagrams\[530.00] _____ _____ _____ _____ _____,TARGET\[00] Management\[90] Review\[10] Classification Required\[05] [04.aa] Diagrams\[530.00] _____ _____ _____ _____ _____,OTHER,REVIEW,LOW,165,e3b0c44298fc1c149afbf4c8996fb92427ae41e4649b934ca495991b7852b855,,
[04.aa] Diagrams\[530] Delivery - Deliverables - Environments - Configuration Dependencies.drawio,TARGET\[60] Delivery\[40] Core Service\[20] Configuration Storage and Caching\_media\Delivery - Deliverables - Environments - Configuration Dependencies.drawio,MEDIA,SPLIT,MEDIUM,200,662bd7ae3f2ab54fbe711308a84dd27e49351547562fc80437cb7b993eac574b,,
[04.aa] Diagrams\[530] Delivery - Deliverables - Environments.drawio,TARGET\[00] Management\[90] Review\[10] Classification Required\[05] [04.aa] Diagrams\_media\Delivery - Deliverables - Environments.drawio,MEDIA,REVIEW,LOW,179,00395b103e29315ddfb6908a16a3476ae20bdccb2f141bf1cf8d9f26e67f61d4,,
[04.aa] Diagrams\[540.00] _____ _____ _____ _____ _____,TARGET\[00] Management\[90] Review\[10] Classification Required\[05] [04.aa] Diagrams\[540.00] _____ _____ _____ _____ _____,OTHER,REVIEW,LOW,165,e3b0c44298fc1c149afbf4c8996fb92427ae41e4649b934ca495991b7852b855,,
[04.aa] Diagrams\[540.01] Delivery - Deliverables - Code - Pipeline.drawio,TARGET\[00] Management\[90] Review\[10] Classification Required\[05] [04.aa] Diagrams\_media\Delivery - Deliverables - Code - Pipeline.drawio,MEDIA,REVIEW,LOW,182,8c86606d744f433075fdf7589f8d07c580e0de620e3bbeab242a72f3985fb399,,
[04.aa] Diagrams\[540.02] Delivery - Deliverables - Code - Data - Schema.drawio,TARGET\[00] Management\[90] Review\[10] Classification Required\[05] [04.aa] Diagrams\_media\Delivery - Deliverables - Code - Data - Schema.drawio,MEDIA,REVIEW,LOW,187,f38cdf1820409fe008de3d40a961c119a64c3ebc4ba1bbb2cbdff19058008bc0,,
[04.aa] Diagrams\[540.03] Delivery - Deliverables - Code - Data - ReferenceData.drawio,TARGET\[00] Management\[90] Review\[10] Classification Required\[05] [04.aa] Diagrams\_media\Delivery - Deliverables - Code - Data - ReferenceData.drawio,MEDIA,REVIEW,LOW,194,8c86606d744f433075fdf7589f8d07c580e0de620e3bbeab242a72f3985fb399,,
[04.aa] Diagrams\[540.04] Delivery - Deliverables - Code - Tests.drawio,TARGET\[00] Management\[90] Review\[10] Classification Required\[05] [04.aa] Diagrams\_media\Delivery - Deliverables - Code - Tests.drawio,MEDIA,REVIEW,LOW,179,f38cdf1820409fe008de3d40a961c119a64c3ebc4ba1bbb2cbdff19058008bc0,,
[04.aa] Diagrams\[540.05] Delivery - Deliverables - Code - System.drawio,TARGET\[00] Management\[90] Review\[10] Classification Required\[05] [04.aa] Diagrams\_media\Delivery - Deliverables - Code - System.drawio,MEDIA,REVIEW,LOW,180,08d27c4665b859ee8a637e2787584734bae5ed16e236cf2415ce0175dff17b67,,
[04.aa] Diagrams\[540.07] Delivery - Deliverables - Code - Automation - Configuration.drawio,TARGET\[00] Management\[90] Review\[10] Classification Required\[05] [04.aa] Diagrams\_media\Delivery - Deliverables - Code - Automation - Configuration.drawio,MEDIA,REVIEW,LOW,200,f38cdf1820409fe008de3d40a961c119a64c3ebc4ba1bbb2cbdff19058008bc0,,
[04.aa] Diagrams\[540.08] Delivery - Deliverables - Code - Automation - Data - Provisioning.drawio,TARGET\[00] Management\[90] Review\[10] Classification Required\[05] [04.aa] Diagrams\_media\Delivery - Deliverables - Code - Automation - Data - Provisioning.drawio,MEDIA,REVIEW,LOW,206,08d27c4665b859ee8a637e2787584734bae5ed16e236cf2415ce0175dff17b67,,
[04.aa] Diagrams\[540.09] Delivery - Deliverables - Code - Automation - Data - Migration.drawio,TARGET\[60] Delivery\[80] Release and Deployment\[30] Data Migration\_media\Delivery - Deliverables - Code - Automation - Data - Migration.drawio,MEDIA,SPLIT,MEDIUM,186,08d27c4665b859ee8a637e2787584734bae5ed16e236cf2415ce0175dff17b67,,
[04.aa] Diagrams\[540.09] Delivery - Deliverables - Provisioning - Data Migration.drawio,TARGET\[60] Delivery\[80] Release and Deployment\[30] Data Migration\_media\Delivery - Deliverables - Provisioning - Data Migration.drawio,MEDIA,SPLIT,MEDIUM,179,dbb5fad52cc3a7f07e97692d6ef68d22555d7376f79f245d29455881257916be,,
[04.aa] Diagrams\[540.10] Delivery - Deliverables - Code - Automation - Data - Backup.drawio,TARGET\[00] Management\[90] Review\[10] Classification Required\[05] [04.aa] Diagrams\_media\Delivery - Deliverables - Code - Automation - Data - Backup.drawio,MEDIA,REVIEW,LOW,200,08d27c4665b859ee8a637e2787584734bae5ed16e236cf2415ce0175dff17b67,,
[04.aa] Diagrams\[540.11] Delivery - Deliverables - Code - Automation - Data - Restoration.drawio,TARGET\[00] Management\[90] Review\[10] Classification Required\[05] [04.aa] Diagrams\_media\Delivery - Deliverables - Code - Automation - Data - Restoration.drawio,MEDIA,REVIEW,LOW,205,08d27c4665b859ee8a637e2787584734bae5ed16e236cf2415ce0175dff17b67,,
[04.aa] Diagrams\[550.00] _____ _____ _____ _____ _____,TARGET\[00] Management\[90] Review\[10] Classification Required\[05] [04.aa] Diagrams\[550.00] _____ _____ _____ _____ _____,OTHER,REVIEW,LOW,165,e3b0c44298fc1c149afbf4c8996fb92427ae41e4649b934ca495991b7852b855,,
[04.aa] Diagrams\[550] Delivery - Deliverables - Integration - 3rd Party Services.drawio,TARGET\[60] Delivery\[50] Integrations\[30] External Services\_media\Delivery - Deliverables - Integration - 3rd Party Services.drawio,MEDIA,SPLIT,MEDIUM,175,77ba55ad8ccaa5395eb6c391192a2e7950f09f36dda0e329af255cdc1ba7ebec,,
[04.aa] Diagrams\[550] Delivery - Deliverables - Integration - Enterprise.drawio,TARGET\[00] Management\[90] Review\[10] Classification Required\[05] [04.aa] Diagrams\_media\Delivery - Deliverables - Integration - Enterprise.drawio,MEDIA,REVIEW,LOW,191,23202b0e83785893b459e76d83f315faf6546097cd4ffaa9abaa6221a43e6946,,
[04.aa] Diagrams\[550] Delivery - Deliverables - Integration - Intranet - Users.drawio,TARGET\[00] Management\[90] Review\[10] Classification Required\[05] [04.aa] Diagrams\_media\Delivery - Deliverables - Integration - Intranet - Users.drawio,MEDIA,REVIEW,LOW,197,ddc5069c793edb90357ca7334d7be70487491fc6619245cc66e8a06cdbdb2198,,
[04.aa] Diagrams\[560.00] _____ _____ _____ _____ _____,TARGET\[00] Management\[90] Review\[10] Classification Required\[05] [04.aa] Diagrams\[560.00] _____ _____ _____ _____ _____,OTHER,REVIEW,LOW,165,e3b0c44298fc1c149afbf4c8996fb92427ae41e4649b934ca495991b7852b855,,
[04.aa] Diagrams\[560] Delivery - Deliverables - Media Copy (Overview ).drawio,TARGET\[60] Delivery\[30] Data and Content\[30] Content Media and Localisation\_media\Delivery - Deliverables - Media Copy (Overview ).drawio,MEDIA,SPLIT,MEDIUM,182,fc6add203a280c90d0ed3341d34361c8179c17bf273b6586577358f15b2ee50e,,
[04.aa] Diagrams\[560] Delivery - Deliverables - Media Copy - Corporate Sites.drawio,TARGET\[60] Delivery\[30] Data and Content\[30] Content Media and Localisation\_media\Delivery - Deliverables - Media Copy - Corporate Sites.drawio,MEDIA,SPLIT,MEDIUM,188,09540918fb129222c64328b4fd385d0de6f5ba215af1ecfbe466e25f6d98c824,,
[04.aa] Diagrams\[560] Delivery - Deliverables - Media Copy - Declarations.drawio,TARGET\[60] Delivery\[30] Data and Content\[30] Content Media and Localisation\_media\Delivery - Deliverables - Media Copy - Declarations.drawio,MEDIA,SPLIT,MEDIUM,185,6d146a8158cff3028a15f9aa3daf9e02023b334fdf12a1ebcd9c305b4a267724,,
[04.aa] Diagrams\[560] Delivery - Deliverables - Media Copy - SEO.drawio,TARGET\[60] Delivery\[30] Data and Content\[30] Content Media and Localisation\_media\Delivery - Deliverables - Media Copy - SEO.drawio,MEDIA,SPLIT,MEDIUM,176,a54077cff9c199184aecc890c9c10bc4b6dadd44c3b8b46c7318f10a8765176c,,
[04.aa] Diagrams\[560] Delivery - Deliverables - Media Copy - System.drawio,TARGET\[00] Management\[90] Review\[10] Classification Required\[05] [04.aa] Diagrams\_media\Delivery - Deliverables - Media Copy - System.drawio,MEDIA,REVIEW,LOW,186,7c0466a58e9404db2a671acf01073a964b47dd35ac3332035495b737c49b0c7e,,
[04.aa] Diagrams\[570.00] _____ _____ _____ _____ _____,TARGET\[00] Management\[90] Review\[10] Classification Required\[05] [04.aa] Diagrams\[570.00] _____ _____ _____ _____ _____,OTHER,REVIEW,LOW,165,e3b0c44298fc1c149afbf4c8996fb92427ae41e4649b934ca495991b7852b855,,
[04.aa] Diagrams\[570] Delivery - Deliverables - Documentation.drawio,TARGET\[00] Management\[90] Review\[10] Classification Required\[05] [04.aa] Diagrams\_media\Delivery - Deliverables - Documentation.drawio,MEDIA,REVIEW,LOW,180,7a9209d16168be16216b0850d488302fcc8098692527d309a347798456394a7e,,
[04.aa] Diagrams\[580.00] _____ _____ _____ _____ _____,TARGET\[00] Management\[90] Review\[10] Classification Required\[05] [04.aa] Diagrams\[580.00] _____ _____ _____ _____ _____,OTHER,REVIEW,LOW,165,e3b0c44298fc1c149afbf4c8996fb92427ae41e4649b934ca495991b7852b855,,
[04.aa] Diagrams\[580] Delivery - Deliverables - SDK - API Client.drawio,TARGET\[00] Management\[90] Review\[10] Classification Required\[05] [04.aa] Diagrams\_media\Delivery - Deliverables - SDK - API Client.drawio,MEDIA,REVIEW,LOW,183,49d065bb844c3ebdf286fe0bbb5f856cf31fe318e045a30d24271743c04d6def,,
[04.aa] Diagrams\[580] Delivery - Deliverables - SDK - Plugin.drawio,TARGET\[00] Management\[90] Review\[10] Classification Required\[05] [04.aa] Diagrams\_media\Delivery - Deliverables - SDK - Plugin.drawio,MEDIA,REVIEW,LOW,179,49d065bb844c3ebdf286fe0bbb5f856cf31fe318e045a30d24271743c04d6def,,
[04.aa] Diagrams\[580] Delivery - Deliverables - SDK.drawio,TARGET\[00] Management\[90] Review\[10] Classification Required\[05] [04.aa] Diagrams\_media\Delivery - Deliverables - SDK.drawio,MEDIA,REVIEW,LOW,170,49d065bb844c3ebdf286fe0bbb5f856cf31fe318e045a30d24271743c04d6def,,
[04.aa] Diagrams\[590.00] _____ _____ _____ _____ _____,TARGET\[00] Management\[90] Review\[10] Classification Required\[05] [04.aa] Diagrams\[590.00] _____ _____ _____ _____ _____,OTHER,REVIEW,LOW,165,e3b0c44298fc1c149afbf4c8996fb92427ae41e4649b934ca495991b7852b855,,
[04.aa] Diagrams\[590] Delivery - Deliverables - Testing.drawio,TARGET\[00] Management\[90] Review\[10] Classification Required\[05] [04.aa] Diagrams\_media\Delivery - Deliverables - Testing.drawio,MEDIA,REVIEW,LOW,174,5a412b11536eed5aaf1a06ca38107bc6b83a4899cacd1e56fcdc540aedda86a6,,
[04.aa] Diagrams\[591] Delivery - Deliverables - Testing - Static Tests Suite.drawio,TARGET\[00] Management\[90] Review\[10] Classification Required\[05] [04.aa] Diagrams\_media\Delivery - Deliverables - Testing - Static Tests Suite.drawio,MEDIA,REVIEW,LOW,195,5a412b11536eed5aaf1a06ca38107bc6b83a4899cacd1e56fcdc540aedda86a6,,
[04.aa] Diagrams\[592] Delivery - Deliverables - Testing - Dynamic Tests Suite.drawio,TARGET\[00] Management\[90] Review\[10] Classification Required\[05] [04.aa] Diagrams\_media\Delivery - Deliverables - Testing - Dynamic Tests Suite.drawio,MEDIA,REVIEW,LOW,196,5a412b11536eed5aaf1a06ca38107bc6b83a4899cacd1e56fcdc540aedda86a6,,
[04.aa] Diagrams\[600.00] _____ _____ _____ _____ _____,TARGET\[00] Management\[90] Review\[10] Classification Required\[05] [04.aa] Diagrams\[600.00] _____ _____ _____ _____ _____,OTHER,REVIEW,LOW,165,e3b0c44298fc1c149afbf4c8996fb92427ae41e4649b934ca495991b7852b855,,
[04.aa] Diagrams\[600.01] Information View - Pyramid of Information.drawio,TARGET\[00] Management\[90] Review\[10] Classification Required\[05] [04.aa] Diagrams\_media\Information View - Pyramid of Information.drawio,MEDIA,REVIEW,LOW,182,679a5c5d3f3614bb39e85f9402bb4a8f2f16e0c5123b4986c89a74797605306f,,
[04.aa] Diagrams\[600.03] Information - LEGACY.drawio,TARGET\[00] Management\[90] Review\[10] Classification Required\[05] [04.aa] Diagrams\_media\Information - LEGACY.drawio,MEDIA,REVIEW,LOW,161,2d7f5e3441e8b126d5bd03cf9071236922f8fe2711d7cf24fc1261daa681c9b9,,
[04.aa] Diagrams\[600.aa] Information View - Search Record Types (HL).drawio,TARGET\[00] Management\[90] Review\[10] Classification Required\[05] [04.aa] Diagrams\_media\Information View - Search Record Types (HL).drawio,MEDIA,REVIEW,LOW,184,cc6f7647040b8ca058b18be0daf46c329c08d870e71e48c2eb046b250194d0c2,,
[04.aa] Diagrams\[600.aa] SEK - Information View - Types - HL.drawio,TARGET\[00] Management\[90] Review\[10] Classification Required\[05] [04.aa] Diagrams\_media\SEK - Information View - Types - HL.drawio,MEDIA,REVIEW,LOW,176,db1d45a985230bc8815aeeac026ea9b499d63f5853cf8e9b48dd546da8ac85a7,,
[04.aa] Diagrams\[600.ha] Information - Metadata - TODO.drawio,TARGET\[50] Design\[20] Information\[30] Quality Metadata and Records\_media\Information - Metadata.drawio,MEDIA,SPLIT,MEDIUM,147,126896855352b6bb878169e3340a884119bb3ae1b165fa3a43aef4bbae434a19,,
[04.aa] Diagrams\[601.00] Information - Classification - Information Type Sequence.drawio,TARGET\[00] Management\[90] Review\[10] Classification Required\[05] [04.aa] Diagrams\_media\Information - Classification - Information Type Sequence.drawio,MEDIA,REVIEW,LOW,197,136adfcf99214a81e39b1c7225623d2d86b8287fb552d849b7a96627f5236879,,
[04.aa] Diagrams\[601.00] Information - Classification - Information Types.drawio,TARGET\[00] Management\[90] Review\[10] Classification Required\[05] [04.aa] Diagrams\_media\Information - Classification - Information Types.drawio,MEDIA,REVIEW,LOW,189,8c29b86fde7d010e2cba00ae61a51db533dac387953708f63d7f4213de125405,,
[04.aa] Diagrams\[610.00] _____ _____ _____ _____ _____,TARGET\[00] Management\[90] Review\[10] Classification Required\[05] [04.aa] Diagrams\[610.00] _____ _____ _____ _____ _____,OTHER,REVIEW,LOW,165,e3b0c44298fc1c149afbf4c8996fb92427ae41e4649b934ca495991b7852b855,,
[04.aa] Diagrams\[610.aa] Information - Documentation.drawio,TARGET\[00] Management\[90] Review\[10] Classification Required\[05] [04.aa] Diagrams\_media\Information - Documentation.drawio,MEDIA,REVIEW,LOW,168,f06ff617fd0e553b76ee5ed7a10ccd36a164413838180de98e10f486d2f7fc8a,,
[04.aa] Diagrams\[610.aa] Information - Requirements - TODO.drawio,TARGET\[00] Management\[90] Review\[10] Classification Required\[05] [04.aa] Diagrams\_media\Information - Requirements.drawio,MEDIA,REVIEW,LOW,167,f38cdf1820409fe008de3d40a961c119a64c3ebc4ba1bbb2cbdff19058008bc0,,
[04.aa] Diagrams\[620.00] Capabilities - TODO.drawio,TARGET\[50] Design\[30] Functionality\[10] Capabilities and Functions\_media\Capabilities.drawio,MEDIA,SPLIT,MEDIUM,137,f38cdf1820409fe008de3d40a961c119a64c3ebc4ba1bbb2cbdff19058008bc0,,
[04.aa] Diagrams\[620.00] _____ _____ _____ _____ _____,TARGET\[00] Management\[90] Review\[10] Classification Required\[05] [04.aa] Diagrams\[620.00] _____ _____ _____ _____ _____,OTHER,REVIEW,LOW,165,e3b0c44298fc1c149afbf4c8996fb92427ae41e4649b934ca495991b7852b855,,
[04.aa] Diagrams\[630.00] Functionality View - Classification - ITC (People Last).drawio,TARGET\[00] Management\[90] Review\[10] Classification Required\[05] [04.aa] Diagrams\_media\Functionality View - Classification - ITC (People Last).drawio,MEDIA,REVIEW,LOW,196,a52c64464a9e2f87e54bcddf3d74fe369d5c4803b59577d01cad9f5325ddbe36,,
[04.aa] Diagrams\[630.00] Functionality View - Functionality - Command Queue Management Operations.drawio,TARGET\[00] Management\[90] Review\[10] Classification Required\[05] [04.aa] Diagrams\_media\Functionality View - Functionality - Command Queue Management Operations.drawio,MEDIA,REVIEW,LOW,213,5c207d2ba76d723c7cd2888023f61b63646a2c9001ad584f6b9b86a8833479cf,,
[04.aa] Diagrams\[630.00] Functionality View - Functionality - Dashboard Widgets.drawio,TARGET\[00] Management\[90] Review\[10] Classification Required\[05] [04.aa] Diagrams\_media\Functionality View - Functionality - Dashboard Widgets.drawio,MEDIA,REVIEW,LOW,195,26d3724dfd153caec22affc608d21dd031142edd60e4e7c8a38beabe0403bd82,,
[04.aa] Diagrams\[630.00] Functionality View - Functionality - Group Role Management Operations.drawio,TARGET\[00] Management\[90] Review\[10] Classification Required\[05] [04.aa] Diagrams\_media\Functionality View - Functionality - Group Role Management Operations.drawio,MEDIA,REVIEW,LOW,210,6593f61df36966196daae9251d22cb4772ba1a6e94413f8b0c3cf08f03b0f926,,
[04.aa] Diagrams\[630.00] Functionality View - Functionality - Group T&C & Disclosure.drawio,TARGET\[00] Management\[90] Review\[10] Classification Required\[05] [04.aa] Diagrams\_media\Functionality View - Functionality - Group T&C & Disclosure.drawio,MEDIA,REVIEW,LOW,200,2167355cb3e8242ead8537664356a7e7c84bd4e751819b07c08ca8cb68682792,,
[04.aa] Diagrams\[630.00] Functionality View - Functionality - Notifications.drawio,TARGET\[00] Management\[90] Review\[10] Classification Required\[05] [04.aa] Diagrams\_media\Functionality View - Functionality - Notifications.drawio,MEDIA,REVIEW,LOW,191,138d5f83db8028450a142e8051d2bc4daffcc4a1788658648afcb9a19c2e33cb,,
[04.aa] Diagrams\[630.00] Functionality View - Functionality - System Developer Information.drawio,TARGET\[00] Management\[90] Review\[10] Classification Required\[05] [04.aa] Diagrams\_media\Functionality View - Functionality - System Developer Information.drawio,MEDIA,REVIEW,LOW,206,abcdc8f93772893c5e3971808a1aa7ca7ee81d0a3a40fcbfe291b734a2ef7930,,
[04.aa] Diagrams\[630.00] Functionality View - Functionality - System Information.drawio,TARGET\[00] Management\[90] Review\[10] Classification Required\[05] [04.aa] Diagrams\_media\Functionality View - Functionality - System Information.drawio,MEDIA,REVIEW,LOW,196,97a984631e800a9443533076d13aa8eacf45a81531aa8505c1267f9fad629f87,,
[04.aa] Diagrams\[630.00] Functionality View - Functionality - Tags Management Operations.drawio,TARGET\[00] Management\[90] Review\[10] Classification Required\[05] [04.aa] Diagrams\_media\Functionality View - Functionality - Tags Management Operations.drawio,MEDIA,REVIEW,LOW,204,2622ce243fd5c2b6e75ec36e16e3ba0d15c453bd641a2b9ae969c753b8d14846,,
[04.aa] Diagrams\[630.00] Functionality View - Functionality - Task Scheduling Management Operations.drawio,TARGET\[00] Management\[90] Review\[10] Classification Required\[05] [04.aa] Diagrams\_media\Functionality View - Functionality - Task Scheduling Management Operations.drawio,MEDIA,REVIEW,LOW,215,34643e6286a9f63e9a8d8a9c23000f8443723c82cbda582edced80dcb61d18a2,,
[04.aa] Diagrams\[630.00] Functionality View - Functionality - User Group Management Operations.drawio,TARGET\[00] Management\[90] Review\[10] Classification Required\[05] [04.aa] Diagrams\_media\Functionality View - Functionality - User Group Management Operations.drawio,MEDIA,REVIEW,LOW,210,0bb4f612eda0a2465c6d789ee73e0fc05d8399a4f3de8f11b32f62b4af25a589,,
[04.aa] Diagrams\[630.00] Functionality View - Functions - Maintenance - Diagnostics.drawio,TARGET\[50] Design\[30] Functionality\[10] Capabilities and Functions\_media\Functionality View - Functions - Maintenance - Diagnostics.drawio,MEDIA,SPLIT,MEDIUM,183,30c5216dbb70ad780cd2c0aa8df446111adb4c394b77a1cc334746dd21baf61c,,
[04.aa] Diagrams\[630.00] Functionality View - Functions - System Modules.drawio,TARGET\[50] Design\[30] Functionality\[10] Capabilities and Functions\_media\Functionality View - Functions - System Modules.drawio,MEDIA,SPLIT,MEDIUM,172,ac9cb0ae0be7b053635ce00ab7308c7cb539846955ea6cef2d2e5c5c4cb4a63a,,
[04.aa] Diagrams\[630.00] Functionality View - Functions - System Status Messages.drawio,TARGET\[50] Design\[30] Functionality\[10] Capabilities and Functions\_media\Functionality View - Functions - System Status Messages.drawio,MEDIA,SPLIT,MEDIUM,180,ffd06256fa161b20a187b10a6fb5f4862b5ab755123ede6ef3c77e9f253fc1b5,,
[04.aa] Diagrams\[630.00] Functionality View - Functions Configuration Host.drawio,TARGET\[50] Design\[30] Functionality\[10] Capabilities and Functions\_media\Functionality View - Functions Configuration Host.drawio,MEDIA,SPLIT,MEDIUM,174,a04b37042f9917b744d37d230cfdeef5c2b863ec3ad88b761a0a97fe56ea2be8,,
[04.aa] Diagrams\[630.00] Functionality View - Functions Configuration Integration.drawio,TARGET\[50] Design\[30] Functionality\[10] Capabilities and Functions\_media\Functionality View - Functions Configuration Integration.drawio,MEDIA,SPLIT,MEDIUM,181,62a6beff6b4c828b965598e46d97126523618d402ebbda753bb5144bc45bc2f2,,
[04.aa] Diagrams\[630.00] Functionality View - Human User Interface Functionality.drawio,TARGET\[00] Management\[90] Review\[10] Classification Required\[05] [04.aa] Diagrams\_media\Functionality View - Human User Interface Functionality.drawio,MEDIA,REVIEW,LOW,196,db3007cf68603ce673a3c859932ef07fbafe4011b6810b72b198df56fa6d7fad,,
[04.aa] Diagrams\[630.00] Functionality View - Operations - System Exceptions.drawio,TARGET\[00] Management\[90] Review\[10] Classification Required\[05] [04.aa] Diagrams\_media\Functionality View - Operations - System Exceptions.drawio,MEDIA,REVIEW,LOW,192,ff96d3abb6828c4aff6cdafcade14511d26d7f4276d5541cd11893ebb6cb7c17,,
[04.aa] Diagrams\[630.00] Functionality View - Organisation - Capabilities - Base System Logical Module.drawio,TARGET\[50] Design\[30] Functionality\[10] Capabilities and Functions\_media\Functionality View - Organisation - Capabilities - Base System Logical Module.drawio,MEDIA,SPLIT,MEDIUM,202,bda3ae0b662b165d1621ecb4fb27b848ee406d8e2f5993cbbf727ac65016715d,,
[04.aa] Diagrams\[630.00] Functionality View - Organisation - Capabilities - Logical Modules (HL).drawio,TARGET\[50] Design\[30] Functionality\[10] Capabilities and Functions\_media\Functionality View - Organisation - Capabilities - Logical Modules (HL).drawio,MEDIA,SPLIT,MEDIUM,196,ada4813c3ac3fe1cbf5f41d4cb3e525208a7d6c3c29c5c2b9f3332948e197d19,,
[04.aa] Diagrams\[630.00] Functionality View - Organisation - Capabilities - Logical Modules.drawio,TARGET\[50] Design\[30] Functionality\[10] Capabilities and Functions\_media\Functionality View - Organisation - Capabilities - Logical Modules.drawio,MEDIA,SPLIT,MEDIUM,191,d42b2f6e771f6801cb6fe8f968f4ad4e3930de070a5a576d4d93e5899fb8c52e,,
[04.aa] Diagrams\[630.00] Functionality View - Required Capabilities - Deployment Specialist.drawio,TARGET\[50] Design\[30] Functionality\[10] Capabilities and Functions\_media\Functionality View - Required Capabilities - Deployment Specialist.drawio,MEDIA,SPLIT,MEDIUM,191,60ab7b743c1d58678dcc39b54e07ac6df848479e9e9e553b5418d1147b236837,,
[04.aa] Diagrams\[630.00] Functionality View - Required Capabilities - Maintenance Specialist.drawio,TARGET\[50] Design\[30] Functionality\[10] Capabilities and Functions\_media\Functionality View - Required Capabilities - Maintenance Specialist.drawio,MEDIA,SPLIT,MEDIUM,192,c528fdb24ce00314355401c0d17f3ebe3a8eb8c7a4e19e4a4dd08cab07e8195a,,
[04.aa] Diagrams\[630.00] Functionality View - Required Capabilities - Monitoring Specialist.drawio,TARGET\[50] Design\[30] Functionality\[10] Capabilities and Functions\_media\Functionality View - Required Capabilities - Monitoring Specialist.drawio,MEDIA,SPLIT,MEDIUM,191,30b85c8c07ae565858da3598a77fb792fa755837136459b488ffd5824075d084,,
[04.aa] Diagrams\[630.00] Functionality View - Required Capabilities - Operations Specialist.drawio,TARGET\[50] Design\[30] Functionality\[10] Capabilities and Functions\_media\Functionality View - Required Capabilities - Operations Specialist.drawio,MEDIA,SPLIT,MEDIUM,191,a2183f61eb3f4821699a69623a69cc8d8ccd966a843db3313fe269c1c63815e3,,
[04.aa] Diagrams\[630.00] Functionality View - System Exceptions.drawio,TARGET\[00] Management\[90] Review\[10] Classification Required\[05] [04.aa] Diagrams\_media\Functionality View - System Exceptions.drawio,MEDIA,REVIEW,LOW,179,754541811d19254807227a412c7daa7bafcb855617b82b756fd8539f24a679d9,,
[04.aa] Diagrams\[630.00] Functionality View - System Provider Information.drawio,TARGET\[00] Management\[90] Review\[10] Classification Required\[05] [04.aa] Diagrams\_media\Functionality View - System Provider Information.drawio,MEDIA,REVIEW,LOW,189,2bb0b914d87ebec9f602e763bc09f36d92bbf8f2a0ead5c41c66307598a5afa3,,
[04.aa] Diagrams\[630.00] Functionality View - System Sponsor Information.drawio,TARGET\[00] Management\[90] Review\[10] Classification Required\[05] [04.aa] Diagrams\_media\Functionality View - System Sponsor Information.drawio,MEDIA,REVIEW,LOW,188,8ebdb10e5bd6961408129dfff9f70218c1b9b6345ee4aed13b2482e911fb5d52,,
[04.aa] Diagrams\[630.00] Functionality View - Title Page.drawio,TARGET\[00] Management\[90] Review\[10] Classification Required\[05] [04.aa] Diagrams\_media\Functionality View - Title Page.drawio,MEDIA,REVIEW,LOW,172,0320a8670c0fddd0eb20035b79508b619bcfe2687d5b5fd83bf1e37ddf5b88ef,,
[04.aa] Diagrams\[630.00] Functionality View - TOSORT - DDD Component Organisation.drawio,TARGET\[00] Management\[90] Review\[10] Classification Required\[05] [04.aa] Diagrams\_media\Functionality View - DDD Component Organisation.drawio,MEDIA,REVIEW,LOW,188,2d071a20ae0ba66550c25e0a50355b731507f93284af68259f30dacc9ed3f6ff,,
[04.aa] Diagrams\[630.00] Functionality View - User Provisioning Management Operations.drawio,TARGET\[00] Management\[90] Review\[10] Classification Required\[05] [04.aa] Diagrams\_media\Functionality View - User Provisioning Management Operations.drawio,MEDIA,REVIEW,LOW,201,21b897b4c607694fa54612a4e54892f772d6d5e35b6cd936ec486ec72eee2189,,
[04.aa] Diagrams\[630.00] Functionality View - Workflows.drawio,TARGET\[50] Design\[30] Functionality\[20] Workflows\_media\Functionality View - Workflows.drawio,MEDIA,SPLIT,MEDIUM,138,be3dc5e659d178ad47c6f78d4932be643dc44f6250404d1d9b3e076765a602f1,,
[04.aa] Diagrams\[630.00] _____ _____ _____ _____ _____,TARGET\[00] Management\[90] Review\[10] Classification Required\[05] [04.aa] Diagrams\[630.00] _____ _____ _____ _____ _____,OTHER,REVIEW,LOW,165,e3b0c44298fc1c149afbf4c8996fb92427ae41e4649b934ca495991b7852b855,,
[04.aa] Diagrams\[630.01] Functionality View - Intended Audience.drawio,TARGET\[00] Management\[90] Review\[10] Classification Required\[05] [04.aa] Diagrams\_media\Functionality View - Intended Audience.drawio,MEDIA,REVIEW,LOW,179,cc333b14f9a03e5a28a3932a6d404536ae7d39d680d5d4884fdc4bf9448f8edd,,
[04.aa] Diagrams\[630.02] Functionality View - LEGACY.drawio,TARGET\[00] Management\[90] Review\[10] Classification Required\[05] [04.aa] Diagrams\_media\Functionality View - LEGACY.drawio,MEDIA,REVIEW,LOW,168,21b897b4c607694fa54612a4e54892f772d6d5e35b6cd936ec486ec72eee2189,,
[04.aa] Diagrams\[630.aa] Functionality View - Functionality - User Delegation Operations.drawio,TARGET\[00] Management\[90] Review\[10] Classification Required\[05] [04.aa] Diagrams\_media\Functionality View - Functionality - User Delegation Operations.drawio,MEDIA,REVIEW,LOW,204,90edcd84b5e059e0be956f0be85c7525f5f7ce5e17c6d80ef8c23b3916c93c9f,,
[04.aa] Diagrams\[630.aa] Functionality View - Functionality - User Management Operations.drawio,TARGET\[00] Management\[90] Review\[10] Classification Required\[05] [04.aa] Diagrams\_media\Functionality View - Functionality - User Management Operations.drawio,MEDIA,REVIEW,LOW,204,fedcf014cb5948d72201888184a3666e83a51190fa1f30cfa0920aa6878e1e52,,
[04.aa] Diagrams\[640.00] _____ _____ _____ _____ _____,TARGET\[00] Management\[90] Review\[10] Classification Required\[05] [04.aa] Diagrams\[640.00] _____ _____ _____ _____ _____,OTHER,REVIEW,LOW,165,e3b0c44298fc1c149afbf4c8996fb92427ae41e4649b934ca495991b7852b855,,
[04.aa] Diagrams\[650.00] SEK - Sequence View - Invitation to Resource.drawio,TARGET\[00] Management\[90] Review\[10] Classification Required\[05] [04.aa] Diagrams\_media\SEK - Sequence View - Invitation to Resource.drawio,MEDIA,REVIEW,LOW,185,c4d9ae0bff351c60a74a9178286f2fb92352aa2bf464398aeeaf291a6490f002,,
[04.aa] Diagrams\[650.00] Workflows - Group Roles - Group Role Invitation.drawio,TARGET\[50] Design\[30] Functionality\[20] Workflows\_media\Workflows - Group Roles - Group Role Invitation.drawio,MEDIA,SPLIT,MEDIUM,155,6238cd813bfd98e1bf2f994c99e2f4951a05e9027a65f7b2a5627efc0422ed16,,
[04.aa] Diagrams\[650.00] Workflows - Group Roles - Group Role Removal.drawio,TARGET\[50] Design\[30] Functionality\[20] Workflows\_media\Workflows - Group Roles - Group Role Removal.drawio,MEDIA,SPLIT,MEDIUM,152,e363a6e30b95fe8d2d9019e25125bc4607653d79e39479de64b7b88affacf45d,,
[04.aa] Diagrams\[650.00] Workflows - Group Roles - Group Role Renewal.drawio,TARGET\[50] Design\[30] Functionality\[20] Workflows\_media\Workflows - Group Roles - Group Role Renewal.drawio,MEDIA,SPLIT,MEDIUM,152,e44d28b73ee4dbc28ca521f57b949ccaea8c3feefb1167fd0c5b01040b03157c,,
[04.aa] Diagrams\[650.00] Workflows - Support - Business - TODO.drawio,TARGET\[00] Management\[90] Review\[10] Classification Required\[05] [04.aa] Diagrams\_media\Workflows - Support - Business.drawio,MEDIA,REVIEW,LOW,171,126896855352b6bb878169e3340a884119bb3ae1b165fa3a43aef4bbae434a19,,
[04.aa] Diagrams\[650.00] Workflows - Support - Customers - TODO.drawio,TARGET\[00] Management\[90] Review\[10] Classification Required\[05] [04.aa] Diagrams\_media\Workflows - Support - Customers.drawio,MEDIA,REVIEW,LOW,172,126896855352b6bb878169e3340a884119bb3ae1b165fa3a43aef4bbae434a19,,
[04.aa] Diagrams\[650.00] Workflows - Support - Public - TODO.drawio,TARGET\[00] Management\[90] Review\[10] Classification Required\[05] [04.aa] Diagrams\_media\Workflows - Support - Public.drawio,MEDIA,REVIEW,LOW,169,126896855352b6bb878169e3340a884119bb3ae1b165fa3a43aef4bbae434a19,,
[04.aa] Diagrams\[650.00] Workflows - Users - Business Service Providers - TODO.drawio,TARGET\[00] Management\[90] Review\[10] Classification Required\[05] [04.aa] Diagrams\_media\Workflows - Users - Business Service Providers.drawio,MEDIA,REVIEW,LOW,187,126896855352b6bb878169e3340a884119bb3ae1b165fa3a43aef4bbae434a19,,
[04.aa] Diagrams\[650.00] Workflows - Users - Consumers - TODO.drawio,TARGET\[50] Design\[30] Functionality\[20] Workflows\_media\Workflows - Users - Consumers.drawio,MEDIA,SPLIT,MEDIUM,137,126896855352b6bb878169e3340a884119bb3ae1b165fa3a43aef4bbae434a19,,
[04.aa] Diagrams\[650.00] Workflows - Users - Public - TODO.drawio,TARGET\[50] Design\[30] Functionality\[20] Workflows\_media\Workflows - Users - Public.drawio,MEDIA,SPLIT,MEDIUM,134,126896855352b6bb878169e3340a884119bb3ae1b165fa3a43aef4bbae434a19,,
[04.aa] Diagrams\[650.00] _____ _____ _____ _____ _____,TARGET\[00] Management\[90] Review\[10] Classification Required\[05] [04.aa] Diagrams\[650.00] _____ _____ _____ _____ _____,OTHER,REVIEW,LOW,165,e3b0c44298fc1c149afbf4c8996fb92427ae41e4649b934ca495991b7852b855,,
[04.aa] Diagrams\[652.00] Workflows - LEGACY.drawio,TARGET\[50] Design\[30] Functionality\[20] Workflows\_media\Workflows - LEGACY.drawio,MEDIA,SPLIT,MEDIUM,126,9a1c468e5554588417a0d1d910a61bf44760ba15942c4b507d9333bef9f2701d,,
[04.aa] Diagrams\[653.00] Workflows - TODOSORT.drawio,TARGET\[50] Design\[30] Functionality\[20] Workflows\_media\Workflows - TODOSORT.drawio,MEDIA,SPLIT,MEDIUM,128,025bcbcbfdfc758aaea1f54c9f127e6d4d43601bd0451f5051e6c9a8dbd60855,,
[04.aa] Diagrams\[660.00] _____ _____ _____ _____ _____,TARGET\[00] Management\[90] Review\[10] Classification Required\[05] [04.aa] Diagrams\[660.00] _____ _____ _____ _____ _____,OTHER,REVIEW,LOW,165,e3b0c44298fc1c149afbf4c8996fb92427ae41e4649b934ca495991b7852b855,,
[04.aa] Diagrams\[670.00] Interoperability - TODO.drawio,TARGET\[60] Delivery\[50] Integrations\[40] Interoperability and Discovery\_media\Interoperability.drawio,MEDIA,SPLIT,MEDIUM,146,f38cdf1820409fe008de3d40a961c119a64c3ebc4ba1bbb2cbdff19058008bc0,,
[04.aa] Diagrams\[670.00] _____ _____ _____ _____ _____,TARGET\[00] Management\[90] Review\[10] Classification Required\[05] [04.aa] Diagrams\[670.00] _____ _____ _____ _____ _____,OTHER,REVIEW,LOW,165,e3b0c44298fc1c149afbf4c8996fb92427ae41e4649b934ca495991b7852b855,,
[04.aa] Diagrams\[680.00] Component View - DDD.drawio,TARGET\[60] Delivery\[70] Verification\[10] Component and System Testing\_media\Component View - DDD.drawio,MEDIA,SPLIT,MEDIUM,148,84876eaa256e8f419897aabaf13e15dc75673ac7b247aba794ca84ab98dd4bd5,,
[04.aa] Diagrams\[680.00] _____ _____ _____ _____ _____,TARGET\[00] Management\[90] Review\[10] Classification Required\[05] [04.aa] Diagrams\[680.00] _____ _____ _____ _____ _____,OTHER,REVIEW,LOW,165,e3b0c44298fc1c149afbf4c8996fb92427ae41e4649b934ca495991b7852b855,,
[04.aa] Diagrams\[690.00] Integrations - TODO.drawio,TARGET\[00] Management\[90] Review\[10] Classification Required\[05] [04.aa] Diagrams\_media\Integrations.drawio,MEDIA,REVIEW,LOW,153,f38cdf1820409fe008de3d40a961c119a64c3ebc4ba1bbb2cbdff19058008bc0,,
[04.aa] Diagrams\[690.00] _____ _____ _____ _____ _____,TARGET\[00] Management\[90] Review\[10] Classification Required\[05] [04.aa] Diagrams\[690.00] _____ _____ _____ _____ _____,OTHER,REVIEW,LOW,165,e3b0c44298fc1c149afbf4c8996fb92427ae41e4649b934ca495991b7852b855,,
[04.aa] Diagrams\[700.00] _____ _____ _____ _____ _____,TARGET\[00] Management\[90] Review\[10] Classification Required\[05] [04.aa] Diagrams\[700.00] _____ _____ _____ _____ _____,OTHER,REVIEW,LOW,165,e3b0c44298fc1c149afbf4c8996fb92427ae41e4649b934ca495991b7852b855,,
[04.aa] Diagrams\[710.00] _____ _____ _____ _____ _____,TARGET\[00] Management\[90] Review\[10] Classification Required\[05] [04.aa] Diagrams\[710.00] _____ _____ _____ _____ _____,OTHER,REVIEW,LOW,165,e3b0c44298fc1c149afbf4c8996fb92427ae41e4649b934ca495991b7852b855,,
[04.aa] Diagrams\[711.00] Support - Intended Audience.drawio,TARGET\[80] Operations\[10] Service\[10] Operation and Support\_media\Support - Intended Audience.drawio,MEDIA,SPLIT,MEDIUM,145,054085002071abd27fd3505b67ddde96d2efb0d5fb5310cdb926e3613e460256,,
[04.aa] Diagrams\[720.00] _____ _____ _____ _____ _____,TARGET\[00] Management\[90] Review\[10] Classification Required\[05] [04.aa] Diagrams\[720.00] _____ _____ _____ _____ _____,OTHER,REVIEW,LOW,165,e3b0c44298fc1c149afbf4c8996fb92427ae41e4649b934ca495991b7852b855,,
[04.aa] Diagrams\[72] Quality Assurance (QA) - Functionality - TODO.drawio,TARGET\[00] Management\[90] Review\[10] Classification Required\[05] [04.aa] Diagrams\_media\Quality Assurance (QA) - Functionality.drawio,MEDIA,REVIEW,LOW,179,f38cdf1820409fe008de3d40a961c119a64c3ebc4ba1bbb2cbdff19058008bc0,,
[04.aa] Diagrams\[72] Quality Assurance (QA) - Interoperability - TODO.drawio,TARGET\[00] Management\[90] Review\[10] Classification Required\[05] [04.aa] Diagrams\_media\Quality Assurance (QA) - Interoperability.drawio,MEDIA,REVIEW,LOW,182,f38cdf1820409fe008de3d40a961c119a64c3ebc4ba1bbb2cbdff19058008bc0,,
[04.aa] Diagrams\[72] Quality Assurance (QA) - Maintainability - TODO.drawio,TARGET\[00] Management\[90] Review\[10] Classification Required\[05] [04.aa] Diagrams\_media\Quality Assurance (QA) - Maintainability.drawio,MEDIA,REVIEW,LOW,181,f38cdf1820409fe008de3d40a961c119a64c3ebc4ba1bbb2cbdff19058008bc0,,
[04.aa] Diagrams\[72] Quality Assurance (QA) - Performance - TODO.drawio,TARGET\[00] Management\[90] Review\[10] Classification Required\[05] [04.aa] Diagrams\_media\Quality Assurance (QA) - Performance.drawio,MEDIA,REVIEW,LOW,177,f38cdf1820409fe008de3d40a961c119a64c3ebc4ba1bbb2cbdff19058008bc0,,
[04.aa] Diagrams\[72] Quality Assurance (QA) - Security - TODO.drawio,TARGET\[50] Design\[50] Assurance\[10] Security and Assurance Design\_media\Quality Assurance (QA) - Security.drawio,MEDIA,SPLIT,MEDIUM,157,f38cdf1820409fe008de3d40a961c119a64c3ebc4ba1bbb2cbdff19058008bc0,,
[04.aa] Diagrams\[72] Quality Assurance (QA) - TODO.drawio,TARGET\[00] Management\[90] Review\[10] Classification Required\[05] [04.aa] Diagrams\_media\Quality Assurance (QA).drawio,MEDIA,REVIEW,LOW,163,f38cdf1820409fe008de3d40a961c119a64c3ebc4ba1bbb2cbdff19058008bc0,,
[04.aa] Diagrams\[72] Quality Assurance (QA) - Usability - TODO.drawio,TARGET\[00] Management\[90] Review\[10] Classification Required\[05] [04.aa] Diagrams\_media\Quality Assurance (QA) - Usability.drawio,MEDIA,REVIEW,LOW,175,f38cdf1820409fe008de3d40a961c119a64c3ebc4ba1bbb2cbdff19058008bc0,,
[04.aa] Diagrams\[72] Quality Assurance (QA) -Performance) - Investigation Areas (TL).drawio,TARGET\[00] Management\[90] Review\[10] Classification Required\[05] [04.aa] Diagrams\_media\Quality Assurance (QA) -Performance) - Investigation Areas (TL).drawio,MEDIA,REVIEW,LOW,204,92cfb864e7884591c6b6fdce906d8b5a45c2956405741154be299ebd79169959,,
[04.aa] Diagrams\[72] Quality Assurance (QA) View - Classification - Testing Approaches.drawio,TARGET\[00] Management\[90] Review\[10] Classification Required\[05] [04.aa] Diagrams\_media\Quality Assurance (QA) View - Classification - Testing Approaches.drawio,MEDIA,REVIEW,LOW,206,3d86dea8c3f7e3edaf162a55b47f79974ccfa075e07662cb888cedf7be86b64f,,
[04.aa] Diagrams\[72] Quality Assurance (QA) View - Classification - Testing Groups.drawio,TARGET\[00] Management\[90] Review\[10] Classification Required\[05] [04.aa] Diagrams\_media\Quality Assurance (QA) View - Classification - Testing Groups.drawio,MEDIA,REVIEW,LOW,202,1c8b51b3bc22f395eccd3faa6785d42265953d4a4e8d0dd2183d58df4c317d5a,,
[04.aa] Diagrams\[72] Quality Assurance (QA) View - Classification - Testing Scope.drawio,TARGET\[00] Management\[90] Review\[10] Classification Required\[05] [04.aa] Diagrams\_media\Quality Assurance (QA) View - Classification - Testing Scope.drawio,MEDIA,REVIEW,LOW,201,9347b466c566b12fc745f8dc1f47390c2a3ccb979e2629a2b3b49daf254681d5,,
[04.aa] Diagrams\[72] Quality Assurance (QA) View - Classification - Testing Types .drawio,TARGET\[00] Management\[90] Review\[10] Classification Required\[05] [04.aa] Diagrams\_media\Quality Assurance (QA) View - Classification - Testing Types.drawio,MEDIA,REVIEW,LOW,201,1ef98c108088f74300a67a7c8e3e13b63d90bdd25a2382f5c0d34545f4041281,,
[04.aa] Diagrams\[72] Quality Assurance (QA) View - Decisions - Matrix.drawio,TARGET\[00] Management\[90] Review\[10] Classification Required\[05] [04.aa] Diagrams\_media\Quality Assurance (QA) View - Decisions - Matrix.drawio,MEDIA,REVIEW,LOW,189,e3b444f58e4851b23f130d54567becb64e1cf5c89fb1fd375ca9cfc2fd9ceacb,,
[04.aa] Diagrams\[72] Quality Assurance (QA) View - Features Versus QA Effort.drawio,TARGET\[00] Management\[90] Review\[10] Classification Required\[05] [04.aa] Diagrams\_media\Quality Assurance (QA) View - Features Versus QA Effort.drawio,MEDIA,REVIEW,LOW,196,2dfd59fc4f703a9bb1ca4679318590412fafdb4a78ede7c55a252970a596c39e,,
[04.aa] Diagrams\[72] Quality Assurance (QA) View - Intended Audience.drawio,TARGET\[00] Management\[90] Review\[10] Classification Required\[05] [04.aa] Diagrams\_media\Quality Assurance (QA) View - Intended Audience.drawio,MEDIA,REVIEW,LOW,188,d1823defb4f4b47899cea9a251bc8aa41109bef00d63cadbb99c6e652800292b,,
[04.aa] Diagrams\[72] Quality Assurance (QA) View - Testing - By Automation - Branch Validations that can be Automated.drawio,TARGET\[00] Management\[90] Review\[10] Classification Required\[05] [04.aa] Diagrams\_media\Quality Assurance (QA) View - Testing - By Automation - Branch Valida~f3b80df8.drawio,MEDIA,REVIEW,LOW,219,c6b5d19716953bbcd9380c2c4e72b8417054acda45809970e92dca332a870b01,,
[04.aa] Diagrams\[72] Quality Assurance (QA) View - Testing - By Automation - Security - Checklist.drawio,TARGET\[00] Management\[90] Review\[10] Classification Required\[05] [04.aa] Diagrams\_media\Quality Assurance (QA) View - Testing - By Automation - Security - Checklist.drawio,MEDIA,REVIEW,LOW,217,c874e13199abf419385011d3455f49517b3c122844d82f1295bb975bb277418a,,
[04.aa] Diagrams\[72] Quality Assurance (QA) View - Testing - By Automation - UI - Tools.drawio,TARGET\[00] Management\[90] Review\[10] Classification Required\[05] [04.aa] Diagrams\_media\Quality Assurance (QA) View - Testing - By Automation - UI - Tools.drawio,MEDIA,REVIEW,LOW,207,2cdb60273a52a2f2f18e6eaa34942905a9636024e8ef8eebd9261bf4d58718d4,,
[04.aa] Diagrams\[72] Quality Assurance (QA) View - Testing - Process.drawio,TARGET\[00] Management\[90] Review\[10] Classification Required\[05] [04.aa] Diagrams\_media\Quality Assurance (QA) View - Testing - Process.drawio,MEDIA,REVIEW,LOW,188,ac316e15e25eaa170d906bce5cb85df09d146242db14328bafda020d755948aa,,
[04.aa] Diagrams\[72] Quality Assurance (QA) View - TODOSORT.drawio,TARGET\[00] Management\[90] Review\[10] Classification Required\[05] [04.aa] Diagrams\_media\Quality Assurance (QA) View - TODOSORT.drawio,MEDIA,REVIEW,LOW,179,24e43c38d11a727fa3dae83415d3490cc9c72f381845b3082740827518f8759a,,
[04.aa] Diagrams\[730.00] _____ _____ _____ _____ _____,TARGET\[00] Management\[90] Review\[10] Classification Required\[05] [04.aa] Diagrams\[730.00] _____ _____ _____ _____ _____,OTHER,REVIEW,LOW,165,e3b0c44298fc1c149afbf4c8996fb92427ae41e4649b934ca495991b7852b855,,
[04.aa] Diagrams\[731.00] Operations - Intended Audience.drawio,TARGET\[00] Management\[90] Review\[10] Classification Required\[05] [04.aa] Diagrams\_media\Operations - Intended Audience.drawio,MEDIA,REVIEW,LOW,171,c67c0413b00858f6e5af14a01bea5ff1f3b318ea85f3d21757a459a6326cf8cb,,
[04.aa] Diagrams\[732.00] Operations - Scheduler - Metrics.drawio,TARGET\[00] Management\[90] Review\[10] Classification Required\[05] [04.aa] Diagrams\_media\Operations - Scheduler - Metrics.drawio,MEDIA,REVIEW,LOW,173,968092cc4d133ff3e583a990ecd845bb2864133c3214fa1f8f852e665664f0d1,,
[04.aa] Diagrams\[733.00] Operations - Notifications - Triggered.drawio,TARGET\[00] Management\[90] Review\[10] Classification Required\[05] [04.aa] Diagrams\_media\Operations - Notifications - Triggered.drawio,MEDIA,REVIEW,LOW,179,d73cd8b18e67e2b0bd43724ae54859f6f197ec914f212959957c68f66ee6b090,,
[04.aa] Diagrams\[73] Accreditation View - Deliverables - Reports.drawio,TARGET\[00] Management\[90] Review\[10] Classification Required\[05] [04.aa] Diagrams\_media\Accreditation View - Deliverables - Reports.drawio,MEDIA,REVIEW,LOW,184,6f7589e15c8c2111f7ccbe91f5ec292a18205c27926fce85901052077a8cf79d,,
[04.aa] Diagrams\[73] Accreditation View - Intended Audience.drawio,TARGET\[00] Management\[90] Review\[10] Classification Required\[05] [04.aa] Diagrams\_media\Accreditation View - Intended Audience.drawio,MEDIA,REVIEW,LOW,179,641d0a2da60d5d91e8513fdb9f0bb5d83493b4cccef614400ca3e1f0136f5850,,
[04.aa] Diagrams\[73] Accreditation View - Processes - Accreditation Process.drawio,TARGET\[00] Management\[90] Review\[10] Classification Required\[05] [04.aa] Diagrams\_media\Accreditation View - Processes - Accreditation Process.drawio,MEDIA,REVIEW,LOW,195,26421b5b79f004c3bf22d9daf08284202894e7933aa1f907569cb16c6fdea187,,
[04.aa] Diagrams\[73] Accreditation View - Processes - Complete Flow (A3).drawio,TARGET\[00] Management\[90] Review\[10] Classification Required\[05] [04.aa] Diagrams\_media\Accreditation View - Processes - Complete Flow (A3).drawio,MEDIA,REVIEW,LOW,192,01960adad5c435aae0b4d4774e712202e0200c95d3e60f8b300db4ca0c9da16a,,
[04.aa] Diagrams\[740.00] Operations - BCP - TODO.drawio,TARGET\[00] Management\[90] Review\[10] Classification Required\[05] [04.aa] Diagrams\_media\Operations - BCP.drawio,MEDIA,REVIEW,LOW,157,f38cdf1820409fe008de3d40a961c119a64c3ebc4ba1bbb2cbdff19058008bc0,,
[04.aa] Diagrams\[740.00] _____ _____ _____ _____ _____,TARGET\[00] Management\[90] Review\[10] Classification Required\[05] [04.aa] Diagrams\[740.00] _____ _____ _____ _____ _____,OTHER,REVIEW,LOW,165,e3b0c44298fc1c149afbf4c8996fb92427ae41e4649b934ca495991b7852b855,,
[04.aa] Diagrams\[750.00] Maintenance - Monitoring - Categorisation - Operation Counters.drawio,TARGET\[00] Management\[90] Review\[10] Classification Required\[05] [04.aa] Diagrams\_media\Maintenance - Monitoring - Categorisation - Operation Counters.drawio,MEDIA,REVIEW,LOW,203,2bb38835a131566bd8898b74dad98740ae4cc87f0e256daf8991abb7c0f2f715,,
[04.aa] Diagrams\[750.00] _____ _____ _____ _____ _____,TARGET\[00] Management\[90] Review\[10] Classification Required\[05] [04.aa] Diagrams\[750.00] _____ _____ _____ _____ _____,OTHER,REVIEW,LOW,165,e3b0c44298fc1c149afbf4c8996fb92427ae41e4649b934ca495991b7852b855,,
[04.aa] Diagrams\[760.00] _____ _____ _____ _____ _____,TARGET\[00] Management\[90] Review\[10] Classification Required\[05] [04.aa] Diagrams\[760.00] _____ _____ _____ _____ _____,OTHER,REVIEW,LOW,165,e3b0c44298fc1c149afbf4c8996fb92427ae41e4649b934ca495991b7852b855,,
[04.aa] Diagrams\[770.00] _____ _____ _____ _____ _____,TARGET\[00] Management\[90] Review\[10] Classification Required\[05] [04.aa] Diagrams\[770.00] _____ _____ _____ _____ _____,OTHER,REVIEW,LOW,165,e3b0c44298fc1c149afbf4c8996fb92427ae41e4649b934ca495991b7852b855,,
[04.aa] Diagrams\[780.00] _____ _____ _____ _____ _____,TARGET\[00] Management\[90] Review\[10] Classification Required\[05] [04.aa] Diagrams\[780.00] _____ _____ _____ _____ _____,OTHER,REVIEW,LOW,165,e3b0c44298fc1c149afbf4c8996fb92427ae41e4649b934ca495991b7852b855,,
[04.aa] Diagrams\[780.01] Maintenance - DR - Intended Audience.drawio,TARGET\[80] Operations\[30] Maintenance\[10] Change and Maintenance\_media\Maintenance - DR - Intended Audience.drawio,MEDIA,SPLIT,MEDIUM,159,68c491ddd766861ef4ec48cd18ec02edcfdff9db1dc286994032f4b35f8391cc,,
[04.aa] Diagrams\[780.02] Maintenance - DR - Categorisation - RPO & RTO.drawio,TARGET\[80] Operations\[30] Maintenance\[10] Change and Maintenance\_media\Maintenance - DR - Categorisation - RPO & RTO.drawio,MEDIA,SPLIT,MEDIUM,168,423158593987e7b9d89fb2ab44867bc5fb0c0508562caaac84738233a38192f1,,
[04.aa] Diagrams\[780.03] Maintenance - DR - Implementation - Azure - Long Term Storage.drawio,TARGET\[00] Management\[90] Review\[10] Classification Required\[05] [04.aa] Diagrams\_media\Maintenance - DR - Implementation - Azure - Long Term Storage.drawio,MEDIA,REVIEW,LOW,202,d326b5a5b0604126526f287f018b869d8dc46e5f6d88d08107604be3ad48328f,,
[04.aa] Diagrams\[780.04] Maintenance - DR - Categorisation - Restoration Aspects.drawio,TARGET\[80] Operations\[30] Maintenance\[10] Change and Maintenance\_media\Maintenance - DR - Categorisation - Restoration Aspects.drawio,MEDIA,SPLIT,MEDIUM,178,a0850d566c9d84683aa53ab9f200190be8458bfe09f7c69a0c3f7ed54d73d4f2,,
[04.aa] Diagrams\[780.aa] Maintenance - DR - Target SLA Reporting.drawio,TARGET\[80] Operations\[30] Maintenance\[10] Change and Maintenance\_media\Maintenance - DR - Target SLA Reporting.drawio,MEDIA,SPLIT,MEDIUM,162,a09bfbb13c808400ca8669bc85e3b4581222cced8d005693df1b2551a4cebfaf,,
[04.aa] Diagrams\[790.00] Maintenance - Disestablishment - TODO.drawio,TARGET\[80] Operations\[30] Maintenance\[10] Change and Maintenance\_media\Maintenance - Disestablishment.drawio,MEDIA,SPLIT,MEDIUM,153,126896855352b6bb878169e3340a884119bb3ae1b165fa3a43aef4bbae434a19,,
[04.aa] Diagrams\[790.00] _____ _____ _____ _____ _____,TARGET\[00] Management\[90] Review\[10] Classification Required\[05] [04.aa] Diagrams\[790.00] _____ _____ _____ _____ _____,OTHER,REVIEW,LOW,165,e3b0c44298fc1c149afbf4c8996fb92427ae41e4649b934ca495991b7852b855,,
[04.aa] Diagrams\[790.01] Maintenance - Disestablishment - Intended Audience.drawio,TARGET\[80] Operations\[30] Maintenance\[10] Change and Maintenance\_media\Maintenance - Disestablishment - Intended Audience.drawio,MEDIA,SPLIT,MEDIUM,173,cfbd05e414eaae9b0f746c6c3667e524f07940c5c6bec6fcc079981fdde95dd0,,
[04.aa] Diagrams\[790.02] Maintenance - Disestablishment - Export - Formats.drawio,TARGET\[80] Operations\[30] Maintenance\[10] Change and Maintenance\_media\Maintenance - Disestablishment - Export - Formats.drawio,MEDIA,SPLIT,MEDIUM,172,8397ca97eeaf629e392c3c87d916dc4db90f17c166ff8db41179fe3eb2effae4,,
[04.aa] Diagrams\[800.00] Privacy - TODO.drawio,TARGET\[50] Design\[50] Assurance\[30] Privacy Design\_media\Privacy.drawio,MEDIA,SPLIT,MEDIUM,116,f38cdf1820409fe008de3d40a961c119a64c3ebc4ba1bbb2cbdff19058008bc0,,
[04.aa] Diagrams\[800.00] Privacy - Tracking - Cookie Categories.drawio,TARGET\[50] Design\[50] Assurance\[30] Privacy Design\_media\Privacy - Tracking - Cookie Categories.drawio,MEDIA,SPLIT,MEDIUM,147,5bc295573a43ab5c52dfcd0f1a24f5315beb0b80c543101c76a17715262257f3,,
[04.aa] Diagrams\[800.00] _____ _____ _____ _____ _____,TARGET\[00] Management\[90] Review\[10] Classification Required\[05] [04.aa] Diagrams\[800.00] _____ _____ _____ _____ _____,OTHER,REVIEW,LOW,165,e3b0c44298fc1c149afbf4c8996fb92427ae41e4649b934ca495991b7852b855,,
[04.aa] Diagrams\[800.aa] -Privacy View - LEGACY.drawio,TARGET\[50] Design\[50] Assurance\[30] Privacy Design\_media\Privacy View - LEGACY.drawio,MEDIA,SPLIT,MEDIUM,130,8093197d044d5cf287256dffc0fd1ce97b6f2fd67a152bd6ca685584791b1d15,,
[04.aa] Diagrams\[800.ab].Privacy View - Document - Intended Audience.drawio,TARGET\[50] Design\[50] Assurance\[30] Privacy Design\_media\Privacy View - Document - Intended Audience.drawio,MEDIA,SPLIT,MEDIUM,152,0ead23a2467a3d668203d5a293da1bf61006ed71bc704394940ebcea13d1d14c,,
[04.aa] Diagrams\[810.00] Security - TODO.drawio,TARGET\[00] Management\[90] Review\[10] Classification Required\[05] [04.aa] Diagrams\_media\Security.drawio,MEDIA,REVIEW,LOW,149,f38cdf1820409fe008de3d40a961c119a64c3ebc4ba1bbb2cbdff19058008bc0,,
[04.aa] Diagrams\[810.00] _____ _____ _____ _____ _____,TARGET\[00] Management\[90] Review\[10] Classification Required\[05] [04.aa] Diagrams\[810.00] _____ _____ _____ _____ _____,OTHER,REVIEW,LOW,165,e3b0c44298fc1c149afbf4c8996fb92427ae41e4649b934ca495991b7852b855,,
[04.aa] Diagrams\[811.00] Security - Intended Audience.drawio,TARGET\[00] Management\[90] Review\[10] Classification Required\[05] [04.aa] Diagrams\_media\Security - Intended Audience.drawio,MEDIA,REVIEW,LOW,169,c8dfd50f6eb303f3ca530c15d526718915dc92c8f5a3ccdfd0683474d42aee1a,,
[04.aa] Diagrams\[812.00] Security - LEGACY.drawio,TARGET\[00] Management\[90] Review\[10] Classification Required\[05] [04.aa] Diagrams\_media\Security - LEGACY.drawio,MEDIA,REVIEW,LOW,158,5cbc28e1cff5b871d9f3f2b572ce297ab141513872561b288f1f751909c1f91c,,
[04.aa] Diagrams\[816.ac] NZ Govt Specific - Privacy Or Security Marking.drawio,TARGET\[00] Management\[90] Review\[10] Classification Required\[05] [04.aa] Diagrams\_media\NZ Govt Specific - Privacy Or Security Marking.drawio,MEDIA,REVIEW,LOW,187,cdc19dd3807265beeeb28c220e43d2bbf4a1cb5824f2abeda2a7710498f0dbfb,,
[04.aa] Diagrams\[820.00] _____ _____ _____ _____ _____,TARGET\[00] Management\[90] Review\[10] Classification Required\[05] [04.aa] Diagrams\[820.00] _____ _____ _____ _____ _____,OTHER,REVIEW,LOW,165,e3b0c44298fc1c149afbf4c8996fb92427ae41e4649b934ca495991b7852b855,,
[04.aa] Diagrams\[820.ga] Security - Categorisation - Aspects v CIA-P Matrix.drawio,TARGET\[00] Management\[90] Review\[10] Classification Required\[05] [04.aa] Diagrams\_media\Security - Categorisation - Aspects v CIA-P Matrix.drawio,MEDIA,REVIEW,LOW,191,c46e5a4d86dca5ae4bd22a8747835504f403ffde5e10c102a8b97bc40b25c97e,,
[04.aa] Diagrams\[820.gb] Security - Categorisation - CIA-P.drawio,TARGET\[00] Management\[90] Review\[10] Classification Required\[05] [04.aa] Diagrams\_media\Security - Categorisation - CIA-P.drawio,MEDIA,REVIEW,LOW,174,874e44c4798f888d944369599946377705ef35a8d4c0b4da7c73a6b055909d2a,,
[04.aa] Diagrams\[820.gc] Security - Categorisation - Cyber Security - Aspects.drawio,TARGET\[00] Management\[90] Review\[10] Classification Required\[05] [04.aa] Diagrams\_media\Security - Categorisation - Cyber Security - Aspects.drawio,MEDIA,REVIEW,LOW,193,aa83658384a1ab17172aecf7f2380d34ac3b861c6095159bcc7dacde7eabbe8e,,
[04.aa] Diagrams\[830.00] Security - Confidentiality - At Rest - Data - Types.requiring protection.drawio,TARGET\[00] Management\[90] Review\[10] Classification Required\[05] [04.aa] Diagrams\_media\Security - Confidentiality - At Rest - Data - Types.requiring protection.drawio,MEDIA,REVIEW,LOW,213,9439afb69942cdc86efa3357134769b79ccc31fda46afdde459a50557c43421d,,
[04.aa] Diagrams\[830.00] Security - Confidentiality - At Rest - Encrypted HardDrive.drawio,TARGET\[00] Management\[90] Review\[10] Classification Required\[05] [04.aa] Diagrams\_media\Security - Confidentiality - At Rest - Encrypted HardDrive.drawio,MEDIA,REVIEW,LOW,199,f9bdbca0a37d59b0238790e489324534140cf8b36d53999739aab8fb1d3f9596,,
[04.aa] Diagrams\[830.00] Security - Confidentiality - In Transit - Encrypted Channel (Secure) Cookies.drawio,TARGET\[00] Management\[90] Review\[10] Classification Required\[05] [04.aa] Diagrams\_media\Security - Confidentiality - In Transit - Encrypted Channel (Secure) Cookies.drawio,MEDIA,REVIEW,LOW,217,4ab744549fb778332526d1d8024d69f62c37d8c8319faa432adbe23913f309bd,,
[04.aa] Diagrams\[830.00] Security - Confidentiality - In Transit - Encrypted Channels.drawio,TARGET\[00] Management\[90] Review\[10] Classification Required\[05] [04.aa] Diagrams\_media\Security - Confidentiality - In Transit - Encrypted Channels.drawio,MEDIA,REVIEW,LOW,201,476b5250e2c8c452bbf090d49881f949e29038e205ba1214e7207c27b530f834,,
[04.aa] Diagrams\[830.00] Security - Confidentiality - In Transit - Unencrypted Channel - Emails.drawio,TARGET\[00] Management\[90] Review\[10] Classification Required\[05] [04.aa] Diagrams\_media\Security - Confidentiality - In Transit - Unencrypted Channel - Emails.drawio,MEDIA,REVIEW,LOW,211,87ae0c0a4ff3f9c76302651807bebe823d283b8a856341768d3a15587e06a289,,
[04.aa] Diagrams\[830.00] Security View - Confidentiality - At Rest - Encrypted Database.drawio,TARGET\[00] Management\[90] Review\[10] Classification Required\[05] [04.aa] Diagrams\_media\Security View - Confidentiality - At Rest - Encrypted Database.drawio,MEDIA,REVIEW,LOW,203,1349dd2a7aa594fcbfb4bc461f88650a0194fcb67864830b2b4af9a21f879a9d,,
[04.aa] Diagrams\[830.00] _____ _____ _____ _____ _____,TARGET\[00] Management\[90] Review\[10] Classification Required\[05] [04.aa] Diagrams\[830.00] _____ _____ _____ _____ _____,OTHER,REVIEW,LOW,165,e3b0c44298fc1c149afbf4c8996fb92427ae41e4649b934ca495991b7852b855,,
[04.aa] Diagrams\[830.ad] Seucrity - Confidentiality - At Rest - Databases - Encrypted Columns (PII).drawio,TARGET\[00] Management\[90] Review\[10] Classification Required\[05] [04.aa] Diagrams\_media\Seucrity - Confidentiality - At Rest - Databases - Encrypted Columns (PII).drawio,MEDIA,REVIEW,LOW,215,ad9cda1763eb7a437c27d6c79b08f726fa3a7144a9c6f14a42150c4114a5a333,,
[04.aa] Diagrams\[830.ae] Security - Confidentiality - At Rest - Databases - Encrypted Columns.drawio,TARGET\[00] Management\[90] Review\[10] Classification Required\[05] [04.aa] Diagrams\_media\Security - Confidentiality - At Rest - Databases - Encrypted Columns.drawio,MEDIA,REVIEW,LOW,209,119100c9da06c6179dea8bd1e357f550e71d96c71077e251720cd92853098128,,
[04.aa] Diagrams\[840.00] Security View - Integrity - Accountability - Auditing versus Diagnostics Logging.drawio,TARGET\[00] Management\[90] Review\[10] Classification Required\[05] [04.aa] Diagrams\_media\Security View - Integrity - Accountability - Auditing versus Diagnost~a1d4ebd2.drawio,MEDIA,REVIEW,LOW,219,d303c03aa15dffc380d3dab5fed7e9b46ced4d2ca63b99bcbdb14ecb858152c9,,
[04.aa] Diagrams\[840.00] Security View - Integrity - Accountability - Multiple Session Operation Accountability.drawio,TARGET\[00] Management\[90] Review\[10] Classification Required\[05] [04.aa] Diagrams\_media\Security View - Integrity - Accountability - Multiple Session Operati~0d395a4c.drawio,MEDIA,REVIEW,LOW,219,5b43162b306a7c233b2fdd24a0e83b409cb9c7f012037251d3f8661105e1386f,,
[04.aa] Diagrams\[840.00] Security View - Integrity - Control - Operations - Default Resource Operations.drawio,TARGET\[00] Management\[90] Review\[10] Classification Required\[05] [04.aa] Diagrams\_media\Security View - Integrity - Control - Operations - Default Resource Operations.drawio,MEDIA,REVIEW,LOW,219,e900e11a2fe888de9c5cd8eecffedfc3e93d3ced463e6d074f0018ad32787367,,
[04.aa] Diagrams\[840.00] Security View - Integrity - Control - Permission Groups.drawio,TARGET\[00] Management\[90] Review\[10] Classification Required\[05] [04.aa] Diagrams\_media\Security View - Integrity - Control - Permission Groups.drawio,MEDIA,REVIEW,LOW,196,313a4a33c2ec91848af89c76f1b34753a6eb3c82b763b70161c78d55b6a20c65,,
[04.aa] Diagrams\[840.00] Security View - Integrity - Control - Roles - Default for Tenancies.drawio,TARGET\[00] Management\[90] Review\[10] Classification Required\[05] [04.aa] Diagrams\_media\Security View - Integrity - Control - Roles - Default for Tenancies.drawio,MEDIA,REVIEW,LOW,208,035b27a1082a909a68b5936a133d3fbe1ee6bff64f449cb3c492a860882ea651,,
[04.aa] Diagrams\[840.00] _____ _____ _____ _____ _____,TARGET\[00] Management\[90] Review\[10] Classification Required\[05] [04.aa] Diagrams\[840.00] _____ _____ _____ _____ _____,OTHER,REVIEW,LOW,165,e3b0c44298fc1c149afbf4c8996fb92427ae41e4649b934ca495991b7852b855,,
[04.aa] Diagrams\[850.00] Security View - Availability - Multiple Concurrent Sessions.drawio,TARGET\[00] Management\[90] Review\[10] Classification Required\[05] [04.aa] Diagrams\_media\Security View - Availability - Multiple Concurrent Sessions.drawio,MEDIA,REVIEW,LOW,200,a03264e7220e96e45a70b3b76ed9839a346d1a547dd7cbef03c09bc9c188b21f,,
[04.aa] Diagrams\[850.00] Security View - Availability - P2P.drawio,TARGET\[00] Management\[90] Review\[10] Classification Required\[05] [04.aa] Diagrams\_media\Security View - Availability - P2P.drawio,MEDIA,REVIEW,LOW,175,3b7b89ac55bcbfe11ae9f229f214098e67022546d5bf1afa1353c8698609656d,,
[04.aa] Diagrams\[850.00] _____ _____ _____ _____ _____,TARGET\[00] Management\[90] Review\[10] Classification Required\[05] [04.aa] Diagrams\[850.00] _____ _____ _____ _____ _____,OTHER,REVIEW,LOW,165,e3b0c44298fc1c149afbf4c8996fb92427ae41e4649b934ca495991b7852b855,,
[04.aa] Diagrams\[850.ea] Security View - Availability - Dynamically Scallable.drawio,TARGET\[00] Management\[90] Review\[10] Classification Required\[05] [04.aa] Diagrams\_media\Security View - Availability - Dynamically Scallable.drawio,MEDIA,REVIEW,LOW,193,78e2d37d9c4dfad09b5edfc77d84664bf62839cb7c6e23ec7aa654eed41994ca,,
[04.aa] Diagrams\[850.eb] Security View - Availability - Failover.drawio,TARGET\[00] Management\[90] Review\[10] Classification Required\[05] [04.aa] Diagrams\_media\Security View - Availability - Failover.drawio,MEDIA,REVIEW,LOW,180,c1915c4339f2685f5e6eeeba5c94de142ba4ec2b4806871c6b3cd538b7513aae,,
[04.aa] Diagrams\[860.00] _____ _____ _____ _____ _____,TARGET\[00] Management\[90] Review\[10] Classification Required\[05] [04.aa] Diagrams\[860.00] _____ _____ _____ _____ _____,OTHER,REVIEW,LOW,165,e3b0c44298fc1c149afbf4c8996fb92427ae41e4649b934ca495991b7852b855,,
[04.aa] Diagrams\[870.00] _____ _____ _____ _____ _____,TARGET\[00] Management\[90] Review\[10] Classification Required\[05] [04.aa] Diagrams\[870.00] _____ _____ _____ _____ _____,OTHER,REVIEW,LOW,165,e3b0c44298fc1c149afbf4c8996fb92427ae41e4649b934ca495991b7852b855,,
[04.aa] Diagrams\[880.00] _____ _____ _____ _____ _____,TARGET\[00] Management\[90] Review\[10] Classification Required\[05] [04.aa] Diagrams\[880.00] _____ _____ _____ _____ _____,OTHER,REVIEW,LOW,165,e3b0c44298fc1c149afbf4c8996fb92427ae41e4649b934ca495991b7852b855,,
[04.aa] Diagrams\[890.00] _____ _____ _____ _____ _____,TARGET\[00] Management\[90] Review\[10] Classification Required\[05] [04.aa] Diagrams\[890.00] _____ _____ _____ _____ _____,OTHER,REVIEW,LOW,165,e3b0c44298fc1c149afbf4c8996fb92427ae41e4649b934ca495991b7852b855,,
[04.aa] Diagrams\[900.00] _____ _____ _____ _____ _____,TARGET\[00] Management\[90] Review\[10] Classification Required\[05] [04.aa] Diagrams\[900.00] _____ _____ _____ _____ _____,OTHER,REVIEW,LOW,165,e3b0c44298fc1c149afbf4c8996fb92427ae41e4649b934ca495991b7852b855,,
[04.aa] Diagrams\[910.00] _____ _____ _____ _____ _____,TARGET\[00] Management\[90] Review\[10] Classification Required\[05] [04.aa] Diagrams\[910.00] _____ _____ _____ _____ _____,OTHER,REVIEW,LOW,165,e3b0c44298fc1c149afbf4c8996fb92427ae41e4649b934ca495991b7852b855,,
[04.aa] Diagrams\[920.00] _____ _____ _____ _____ _____,TARGET\[00] Management\[90] Review\[10] Classification Required\[05] [04.aa] Diagrams\[920.00] _____ _____ _____ _____ _____,OTHER,REVIEW,LOW,165,e3b0c44298fc1c149afbf4c8996fb92427ae41e4649b934ca495991b7852b855,,
[04.aa] Diagrams\[930.00] _____ _____ _____ _____ _____,TARGET\[00] Management\[90] Review\[10] Classification Required\[05] [04.aa] Diagrams\[930.00] _____ _____ _____ _____ _____,OTHER,REVIEW,LOW,165,e3b0c44298fc1c149afbf4c8996fb92427ae41e4649b934ca495991b7852b855,,
[04.aa] Diagrams\[940.00] _____ _____ _____ _____ _____,TARGET\[00] Management\[90] Review\[10] Classification Required\[05] [04.aa] Diagrams\[940.00] _____ _____ _____ _____ _____,OTHER,REVIEW,LOW,165,e3b0c44298fc1c149afbf4c8996fb92427ae41e4649b934ca495991b7852b855,,
[04.aa] Diagrams\[950.00] _____ _____ _____ _____ _____,TARGET\[00] Management\[90] Review\[10] Classification Required\[05] [04.aa] Diagrams\[950.00] _____ _____ _____ _____ _____,OTHER,REVIEW,LOW,165,e3b0c44298fc1c149afbf4c8996fb92427ae41e4649b934ca495991b7852b855,,
[04.aa] Diagrams\[960.00] _____ _____ _____ _____ _____,TARGET\[00] Management\[90] Review\[10] Classification Required\[05] [04.aa] Diagrams\[960.00] _____ _____ _____ _____ _____,OTHER,REVIEW,LOW,165,e3b0c44298fc1c149afbf4c8996fb92427ae41e4649b934ca495991b7852b855,,
[04.aa] Diagrams\[970.00] _____ _____ _____ _____ _____,TARGET\[00] Management\[90] Review\[10] Classification Required\[05] [04.aa] Diagrams\[970.00] _____ _____ _____ _____ _____,OTHER,REVIEW,LOW,165,e3b0c44298fc1c149afbf4c8996fb92427ae41e4649b934ca495991b7852b855,,
[04.aa] Diagrams\[980.00] _____ _____ _____ _____ _____,TARGET\[00] Management\[90] Review\[10] Classification Required\[05] [04.aa] Diagrams\[980.00] _____ _____ _____ _____ _____,OTHER,REVIEW,LOW,165,e3b0c44298fc1c149afbf4c8996fb92427ae41e4649b934ca495991b7852b855,,
[04.aa] Diagrams\[990.00] _____ _____ _____ _____ _____,TARGET\[00] Management\[90] Review\[10] Classification Required\[05] [04.aa] Diagrams\[990.00] _____ _____ _____ _____ _____,OTHER,REVIEW,LOW,165,e3b0c44298fc1c149afbf4c8996fb92427ae41e4649b934ca495991b7852b855,,
[04.aa] Diagrams\[___.__] index.txt,TARGET\[00] Management\[90] Review\[10] Classification Required\[05] [04.aa] Diagrams\[10] index.txt,DOCUMENT,REVIEW,LOW,141,bef867f43392b0471906158e475490d24c2d8dd71ab3dfe3e5eac61d56fe5680,,
[04.aa] Diagrams\_WORKAREA\[23.da] Context - Business - Service - Dependents\Discovery - Service - Context - Systems - Categories - HL - w  Examples.drawio,TARGET\[30] Discovery\[10] Context\[10] Business Context\_media\Discovery - Service - Context - Systems - Categories - HL - w Examples.drawio,MEDIA,MERGE,HIGH,182,8d5d54388c3388d5466b38fdd82d1c64357d237fa3a41ce73fdc13d6ce7ae5e0,,
[04.aa] Diagrams\_WORKAREA\[23.da] Context - Business - Service - Dependents\Discovery - Service - Context - Systems - Categories - HL.drawio,TARGET\[30] Discovery\[10] Context\[10] Business Context\_media\Discovery - Service - Context - Systems - Categories - HL.drawio,MEDIA,MERGE,HIGH,169,f43fa8dd7e17a063ed5d70f58f7bfe0ffc0b25f99e0ad6ddb6a1b43cb492d11c,,
[04.aa] Diagrams\_WORKAREA\[23.da] Context - Business - Service - Dependents\readme.md,TARGET\[30] Discovery\[10] Context\[10] Business Context\[15] readme.md,DOCUMENT,MERGE,HIGH,112,e3b0c44298fc1c149afbf4c8996fb92427ae41e4649b934ca495991b7852b855,,
[04.aa] Diagrams\_WORKAREA\[23.da] Context - Business - Service - Dependents\00.Images\Discovery - Context - Systems - Categories - HL - w  Examples.drawio.png,TARGET\[30] Discovery\[10] Context\[10] Business Context\_media\Discovery - Context - Systems - Categories - HL - w Examples.drawio.png,MEDIA,MERGE,HIGH,176,b6b2dae5df5ffb762d1a8ea385964b07f65afe81a76f6754d12cb9ee7b5efc15,,
[04.aa] Diagrams\_WORKAREA\[23.da] Context - Business - Service - Dependents\00.Images\Discovery - Context - Systems - Categories - HL.drawio.png,TARGET\[30] Discovery\[10] Context\[10] Business Context\_media\Discovery - Context - Systems - Categories - HL.drawio.png,MEDIA,MERGE,HIGH,163,4d613663a8c0ad0611962f5c710556d98fa2ceab3b9387092de4608e65ac8e72,,
[04] Diagrams\BLANK.drawio,TARGET\[00] Management\[90] Review\[10] Classification Required\[06] [04] Diagrams\_media\BLANK.drawio,MEDIA,REVIEW,LOW,143,f38cdf1820409fe008de3d40a961c119a64c3ebc4ba1bbb2cbdff19058008bc0,,
[04] Diagrams\SEK - Maintenance View - Environments.drawio,TARGET\[80] Operations\[30] Maintenance\[10] Change and Maintenance\_media\SEK - Maintenance View - Environments.drawio,MEDIA,SPLIT,MEDIUM,160,8cfad824f90e7a109ad95660a5acc41101dbfb4b7ffbb1f49a84d7ff05d0bd30,,
[04] Diagrams\00.C&A\02.Diagrams\C&A Risk Assessment View - Classification - Obligation Types (HL).drawio,TARGET\[00] Management\[90] Review\[10] Classification Required\_media\C&A Risk Assessment View - Classification - Obligation Types (HL).drawio,MEDIA,SPLIT,MEDIUM,184,d61664bed28c4bc461087ddf9f3624dbd8cca9e11f9783f4410cc570dc0750f2,,
[04] Diagrams\00.C&A\02.Diagrams\C&A Risk Assessment View - Classification - Obligations - Regulations - NZ Govt Guiding Principles.drawio,TARGET\[00] Management\[90] Review\[10] Classification Required\[07] 02.Diagrams\_media\C&A Risk Assessment View - Classification - Obligations - Regulations - NZ~8515211a.drawio,MEDIA,REVIEW,LOW,219,1db67d92f22e1ea37b02fde7f48cf93dd99be6e047d987ff3a9bf9ac603f1ad6,,
[04] Diagrams\00.C&A\02.Diagrams\C&A Risk Assessment View - Classification - Risk Matrix - Mitigation Effect.drawio,TARGET\[00] Management\[90] Review\[10] Classification Required\_media\C&A Risk Assessment View - Classification - Risk Matrix - Mitigation Effect.drawio,MEDIA,SPLIT,MEDIUM,194,56581279bbef64f11f3a3404fff54006e872291c88af7a3f3c65a8ea3cc799b5,,
[04] Diagrams\00.C&A\02.Diagrams\C&A Risk Assessment View - Classification - Risk Matrix.drawio,TARGET\[00] Management\[90] Review\[10] Classification Required\_media\C&A Risk Assessment View - Classification - Risk Matrix.drawio,MEDIA,SPLIT,MEDIUM,174,998c5c104238a16e0e41d8ba823ac9bdda176f25a5bd8d17a2d46911d72a0d5b,,
[04] Diagrams\00.C&A\02.Diagrams\C&A Risk Assessment View - Classification - Standards Categories.drawio,TARGET\[00] Management\[90] Review\[10] Classification Required\_media\C&A Risk Assessment View - Classification - Standards Categories.drawio,MEDIA,SPLIT,MEDIUM,183,3894f3bc68db595ba03d6e1b23e988bc8f16a8932af8521cdf7787f9da9dbdec,,
[04] Diagrams\00.C&A\02.Diagrams\C&A Risk Assessment View - Classification - Standards Types (HL).drawio,TARGET\[00] Management\[90] Review\[10] Classification Required\_media\C&A Risk Assessment View - Classification - Standards Types (HL).drawio,MEDIA,SPLIT,MEDIUM,183,d5e8a4b0a3d752b80155f91e3cf17b2c301b3aa0a95c404cb50dbf70270dc86e,,
[04] Diagrams\00.C&A\02.Diagrams\C&A Risk Assessment View - Continuous Risk Reduction Lifecycle.drawio,TARGET\[00] Management\[90] Review\[10] Classification Required\[07] 02.Diagrams\_media\C&A Risk Assessment View - Continuous Risk Reduction Lifecycle.drawio,MEDIA,REVIEW,LOW,198,a2c238c250da16c1b59fa94635eb125d2b5abcb07f3ba72993cb06d6e74d4004,,
[04] Diagrams\00.C&A\02.Diagrams\C&A Risk Assessment View - Deliverables - ITC Data Deliverables.drawio,TARGET\[00] Management\[90] Review\[10] Classification Required\[07] 02.Diagrams\_media\C&A Risk Assessment View - Deliverables - ITC Data Deliverables.drawio,MEDIA,REVIEW,LOW,199,618adb72ef007cae294e44cb4a8292fc98a864e0e961cbe9b559f6fd8719ff1f,,
[04] Diagrams\00.C&A\02.Diagrams\C&A Risk Assessment View - Deliverables - ITC Development Deliverables.drawio,TARGET\[60] Delivery\[40] Core Service\[90] Development Requiring Detail\_media\C&A Risk Assessment View - Deliverables - ITC Development Deliverables.drawio,MEDIA,SPLIT,MEDIUM,198,9c8a397f1d79112075e1883e07bef66b03d3bfc834acfb1bcc0f7a219c8686cf,,
[04] Diagrams\00.C&A\02.Diagrams\C&A Risk Assessment View - Deliverables - ITC OIS Deliverables.drawio,TARGET\[00] Management\[90] Review\[10] Classification Required\[07] 02.Diagrams\_media\C&A Risk Assessment View - Deliverables - ITC OIS Deliverables.drawio,MEDIA,REVIEW,LOW,198,dbe1f3bebafde47f71b1532185683989722472571fd82930eab3554e99181844,,
[04] Diagrams\00.C&A\02.Diagrams\C&A Risk Assessment View - Deliverables - ITC SPA Deliverables.drawio,TARGET\[00] Management\[90] Review\[10] Classification Required\[07] 02.Diagrams\_media\C&A Risk Assessment View - Deliverables - ITC SPA Deliverables.drawio,MEDIA,REVIEW,LOW,198,b672ab6fedabf1172f26bf3806b3efc6b5a48b5b4d51ed080d198af648d0bde9,,
[04] Diagrams\00.C&A\02.Diagrams\C&A Risk Assessment View - Deliverables - Privacy Office Deliverables.drawio,TARGET\[50] Design\[50] Assurance\[30] Privacy Design\_media\C&A Risk Assessment View - Deliverables - Privacy Office Deliverables.drawio,MEDIA,SPLIT,MEDIUM,178,c72a69b63ba4f2a34feb1fde52e9b933764cdb082c4684ba90ce8b606bab145d,,
[04] Diagrams\00.C&A\02.Diagrams\C&A Risk Assessment View - OIS Stakeholders.drawio,TARGET\[30] Discovery\[30] Stakeholders\[10] Stakeholders Personas and Journeys\_media\C&A Risk Assessment View - OIS Stakeholders.drawio,MEDIA,SPLIT,MEDIUM,178,10240cafd0551c25a1f7a3077109ed95d62db97b75ad9dbb130bf71ace1c25c2,,
[04] Diagrams\00.C&A\02.Diagrams\C&A Risk Assessment View - Risks - Checklist.drawio,TARGET\[00] Management\[30] Registers\[10] Risks\_media\C&A Risk Assessment View - Risks - Checklist.drawio,MEDIA,SPLIT,MEDIUM,148,6e20ca119e4fcb18ca08b9654a4ed85ba5e50860e93ab8c2660a16f99b364673,,
[04] Diagrams\00.C&A\02.Diagrams\C&A Risk Assessment View - Service Lifecycle Stakeholder Groups.drawio,TARGET\[60] Delivery\[40] Core Service\[90] Development Requiring Detail\_media\C&A Risk Assessment View - Service Lifecycle Stakeholder Groups.drawio,MEDIA,SPLIT,MEDIUM,191,26cd87353eeb9e18d310527cd3e748bed9cac7718bdedbe8e716299b375c05ca,,
[04] Diagrams\00.C&A\02.Diagrams\_placeholder.txt,TARGET\[00] Management\[90] Review\[10] Classification Required\[07] 02.Diagrams\[10 - SUPERSEDED] placeholder.txt,DOCUMENT,REVIEW,LOW,155,e3b0c44298fc1c149afbf4c8996fb92427ae41e4649b934ca495991b7852b855,,
[04] Diagrams\00.C&A\02.Diagrams\00.Images\_placeholder.txt,TARGET\[00] Management\[90] Review\[10] Classification Required\[15 - SUPERSEDED] placeholder.txt,DOCUMENT,MERGE,HIGH,138,e3b0c44298fc1c149afbf4c8996fb92427ae41e4649b934ca495991b7852b855,,
[04] Diagrams\00.C&A\02.Diagrams\01.Document\C&A Risk Assessment View - Intended Audience.drawio,TARGET\[00] Management\[30] Registers\[10] Risks\_media\C&A Risk Assessment View - Intended Audience.drawio,MEDIA,MERGE,HIGH,148,85be8bf7dd89613c05366f498313088e959d641aed5574d3d94d098c6637eee0,,
[04] Diagrams\00.C&A\02.Diagrams\01.Document\C&A Risk Assessment View - Title Page.drawio,TARGET\[00] Management\[30] Registers\[10] Risks\_media\C&A Risk Assessment View - Title Page.drawio,MEDIA,MERGE,HIGH,141,0d81207182e66f563416b323ef14c927cf7b5b03d6d0d93c898a4df3ae9d603d,,
[04] Diagrams\Deployment View - Assets\072.2.051.Deployment (Assets) View - Decisions - Matrix.drawio,TARGET\[60] Delivery\[80] Release and Deployment\[20] Deployment\_media\Deployment (Assets) View - Decisions - Matrix.drawio,MEDIA,MERGE,HIGH,165,4f2daf97c2cfd7c3af7ab3071ed1052327d532007067bcc3503a3d9026dae40e,,
[04] Diagrams\Deployment View - Infrastructure\072.1.011.Deployment View - TODOSORT.drawio,TARGET\[60] Delivery\[80] Release and Deployment\[20] Deployment\_media\Deployment View - TODOSORT.drawio,MEDIA,MERGE,HIGH,146,2d3ac7dae16b01a050060911a8fea8563bbd69fdc2c99367eded95047483eb0b,,
[04] Diagrams\Deployment View - Infrastructure\072.1.021.Deployment View - Requirements.drawio,TARGET\[60] Delivery\[80] Release and Deployment\[20] Deployment\_media\Deployment View - Requirements.drawio,MEDIA,MERGE,HIGH,150,ab97a1b683097ae2f9679d50b464c537c463377c5cb5c01f87f5b5cdd8e57123,,
[04] Diagrams\Deployment View - Infrastructure\072.1.031.Deployment View - Constraints.drawio,TARGET\[60] Delivery\[80] Release and Deployment\[20] Deployment\_media\Deployment View - Constraints.drawio,MEDIA,MERGE,HIGH,149,20f85a7936912de6235307ac7883f75c7ee77ba976cc62db3a09e7259f65fcff,,
[04] Diagrams\Deployment View - Infrastructure\072.1.041.Deployment View - Risks.drawio,TARGET\[60] Delivery\[80] Release and Deployment\[20] Deployment\_media\Deployment View - Risks.drawio,MEDIA,MERGE,HIGH,143,6ffc254434254b64d2ad5b0df62d1f56c6b9a313ca746c3aec6d42787aed88fc,,
[04] Diagrams\Deployment View - Infrastructure\072.1.051.Deployment View - Decisions - Matrix.drawio,TARGET\[60] Delivery\[80] Release and Deployment\[20] Deployment\_media\Deployment View - Decisions - Matrix.drawio,MEDIA,MERGE,HIGH,156,a14c98d841bb1ce9716f1366392cf7a4cae8f3aaa713b036aaa166ecabeae432,,
[04] Diagrams\Deployment View - Infrastructure\072.1.061.Deployment View - Deliverables.drawio,TARGET\[60] Delivery\[80] Release and Deployment\[20] Deployment\_media\Deployment View - Deliverables.drawio,MEDIA,MERGE,HIGH,150,a052f22554681cbc774682cd0e37314e7f43ac073bdc1da08e131b6211d79658,,
[04] Diagrams\Deployment View - Infrastructure\072.1.062.Deployment View - Deliverables - Environments.drawio,TARGET\[60] Delivery\[80] Release and Deployment\[20] Deployment\_media\Deployment View - Deliverables - Environments.drawio,MEDIA,MERGE,HIGH,165,f81b208e7b45e7359d874f72e99813ff82220a7638c51650a936db1533a066af,,
[04] Diagrams\Deployment View - Infrastructure\072.1.062.Deployment View - Environments (HL).drawio,TARGET\[60] Delivery\[80] Release and Deployment\[20] Deployment\_media\Deployment View - Environments (HL).drawio,MEDIA,MERGE,HIGH,155,7686798220f49b9ff3521cb7d410baac617e6606403eddf4c80975f8e2558300,,
[04] Diagrams\Deployment View - Infrastructure\072.1.071.Deployment View - Deliverables - Environments - Hosts - Portable Containers Myth #1.drawio,TARGET\[60] Delivery\[80] Release and Deployment\[20] Deployment\_media\Deployment View - Deliverables - Environments - Hosts - Portable Containers Myth #1.drawio,MEDIA,MERGE,HIGH,203,a086f5695c8637ccc665ffa0a897f728d41d690fdcc5b538b36861eeb597f831,,
[04] Diagrams\Deployment View - Infrastructure\072.1.072.Deployment View - Deliverables - Environments - Hosts - Portable Containers Myth #2.drawio,TARGET\[60] Delivery\[80] Release and Deployment\[20] Deployment\_media\Deployment View - Deliverables - Environments - Hosts - Portable Containers Myth #2.drawio,MEDIA,MERGE,HIGH,203,0ad87c7d4776820b4a4fce97b26eabd10a75c8548ac28a9935c448abdb2b9eff,,
[04] Diagrams\Deployment View - Infrastructure\072.1.073.Deployment View - Deliverables - Environments - Hosts - Portable Containers Myth #3.drawio,TARGET\[60] Delivery\[80] Release and Deployment\[20] Deployment\_media\Deployment View - Deliverables - Environments - Hosts - Portable Containers Myth #3.drawio,MEDIA,MERGE,HIGH,203,458a2ff213596a26b95c27248ec51ca24b2f2f0a7f3a54b3a5ff45b81bd7e02d,,
[04] Diagrams\Diagrams\Environment as Code.drawio,TARGET\[00] Management\[90] Review\[10] Classification Required\[08] Diagrams\_media\Environment as Code.drawio,MEDIA,REVIEW,LOW,152,c382cc25260c164c9051f373a15174e39a38a583232856da5d215b9b73a0a928,,
[04] Diagrams\Diagrams\ETL Integration (HL).drawio,TARGET\[00] Management\[90] Review\[10] Classification Required\[08] Diagrams\_media\ETL Integration (HL).drawio,MEDIA,REVIEW,LOW,153,645c3be285eae298e2c4e51c1f8778ac5146103badf2293574abca62e327e766,,
[04] Diagrams\Diagrams\Generic - ERD - Users Persons. drawio.drawio,TARGET\[00] Management\[90] Review\[10] Classification Required\[08] Diagrams\_media\Generic - ERD - Users Persons. drawio.drawio,MEDIA,REVIEW,LOW,170,4659a17c815afc370772a2e4fe387e49b950efb47f220740adc776bc4250fc7a,,
[04] Diagrams\Diagrams\Identity brokering and attribute sourcing.drawio,TARGET\[50] Design\[50] Assurance\[20] Identity and Access Design\_media\Identity brokering and attribute sourcing.drawio,MEDIA,SPLIT,MEDIUM,162,c907ab1ba01d2da438140834676b13aa802d57147d5d7ad5cb8c3ec4e5dc6f36,,
[04] Diagrams\Diagrams\IdP - ERD - Chain.drawio,TARGET\[00] Management\[90] Review\[10] Classification Required\[08] Diagrams\_media\IdP - ERD - Chain.drawio,MEDIA,REVIEW,LOW,150,7c8877de9720864b9a045318feea15d1beac4f0206fb477b09ea0e2e7fbae0d2,,
[04] Diagrams\Diagrams\IdP - ERD - IdP DigitalIdentities to Persona.drawio,TARGET\[00] Management\[90] Review\[10] Classification Required\[08] Diagrams\_media\IdP - ERD - IdP DigitalIdentities to Persona.drawio,MEDIA,REVIEW,LOW,177,6964704c652479c34a46de28a8c954c0fe2de3df65d4fb86d777ec4c8d4f77aa,,
[04] Diagrams\Diagrams\IdP - ERD - Options.drawio,TARGET\[00] Management\[90] Review\[10] Classification Required\[08] Diagrams\_media\IdP - ERD - Options.drawio,MEDIA,REVIEW,LOW,152,28ec264bb3e91c839fe6e3f8415678c2ead56e75d7cf6e1c4feb7625c98f7880,,
[04] Diagrams\Diagrams\IdP - Something.drawio,TARGET\[00] Management\[90] Review\[10] Classification Required\[08] Diagrams\_media\IdP - Something.drawio,MEDIA,REVIEW,LOW,148,cb3cbee40526da77c5c4b5cde20f0ee810da9ecf188f5f44ddc60ffae0e425d9,,
[04] Diagrams\Diagrams\Te Rito - ESOL Integration.drawio,TARGET\[00] Management\[90] Review\[10] Classification Required\[08] Diagrams\_media\Te Rito - ESOL Integration.drawio,MEDIA,REVIEW,LOW,159,0486c1c615a7cb66ff3e52cbfac49ebcf6277c8d8f1ebcdc0b40f9e17f3199ec,,
[04] Diagrams\Diagrams\Untitled Diagram 11.drawio,TARGET\[00] Management\[90] Review\[10] Classification Required\[08] Diagrams\_media\Untitled Diagram 11.drawio,MEDIA,REVIEW,LOW,152,7e3efe3b7925d1c401188323ae94986166de5fd3dab5f28b75d1191889af4a7a,,
[04] Diagrams\Diagrams\Untitled Diagram SD.drawio,TARGET\[00] Management\[90] Review\[10] Classification Required\[08] Diagrams\_media\Untitled Diagram SD.drawio,MEDIA,REVIEW,LOW,152,d04d4d1c23b6914f65209c043156685f9b71f0badaa59fe76ea6af9b5e2b6cd3,,
[04] Diagrams\Diagrams\Untitled Diagram Z.drawio,TARGET\[00] Management\[90] Review\[10] Classification Required\[08] Diagrams\_media\Untitled Diagram Z.drawio,MEDIA,REVIEW,LOW,151,f159f4da281f5cc947dcc69d7137057eabca878adc20971cc85839eb72d94ef5,,
[04] Diagrams\Diagrams\Untitled Diagram.drawio,TARGET\[00] Management\[90] Review\[10] Classification Required\[08] Diagrams\_media\Untitled Diagram.drawio,MEDIA,REVIEW,LOW,149,4c2350c4700caa8c5b821bd511fe5bbb187f73ad9ebe84ef55599f981d3b2505,,
[04] Diagrams\Diagrams\What Servers Do.drawio,TARGET\[00] Management\[90] Review\[10] Classification Required\[08] Diagrams\_media\What Servers Do.drawio,MEDIA,REVIEW,LOW,148,f04fd470a007ff4d5733e02497bdbccd34fcf8ecc23387f47d25c6a6358391fd,,
[04] Diagrams\Diagrams\Development View - #Patterns\.$1.024.Development (Patterns) View - Patterns - Components - DDD Logical Module Component - Assemblies.drawio.dtmp,TARGET\[00] Management\[90] Review\[10] Classification Required\[09] Development View - #Patterns\$1.024.Development (Patterns) View - Patterns - Components - DDD L~8155dcc4.dtmp,OTHER,REVIEW,LOW,219,10baae41dd8186813b955dc7834df4ceaff08b4887351425f6e5cd31aab49659,,
[04] Diagrams\Diagrams\Development View - #Patterns\001.Development (Patterns) View - Title Page.drawio,TARGET\[60] Delivery\[40] Core Service\[90] Development Requiring Detail\_media\Development (Patterns) View - Title Page.drawio,MEDIA,SPLIT,MEDIUM,168,70ea2a6a27cdca10b113e3449c49bccab42f2ae0ed2398821b0cabf61fea88b2,,
[04] Diagrams\Diagrams\Development View - #Patterns\002.Development (Patterns) View - Intended Audience.drawio,TARGET\[60] Delivery\[40] Core Service\[90] Development Requiring Detail\_media\Development (Patterns) View - Intended Audience.drawio,MEDIA,SPLIT,MEDIUM,175,a4da4c15dbc103b2803b16f81fcf3c269d966d9538091b53be0be52ae9be690d,,
[04] Diagrams\Diagrams\Development View - #Patterns\021.Development (Patterns) View - Patterns - Delivery - Semantic Versioning.drawio,TARGET\[60] Delivery\[40] Core Service\[90] Development Requiring Detail\_media\Development (Patterns) View - Patterns - Delivery - Semantic Versioning.drawio,MEDIA,SPLIT,MEDIUM,199,e860800d91c68104061700ab60d89aa165cf3126352fc12255b96b3e87d9069d,,
[04] Diagrams\Diagrams\Development View - #Patterns\1.022.Development (Patterns) View - Patterns - Logical Modules - DDD Logical Module Component - (over Domain background).drawio,TARGET\[00] Management\[90] Review\[10] Classification Required\[09] Development View - #Patterns\_media\Development (Patterns) View - Patterns - Logical Modules~2e2a45b9.drawio,MEDIA,REVIEW,LOW,218,80ed4e769abfce9133e1796de69c98631a99ca37c5a760a9e9c2c5d62c5b22a9,,
[04] Diagrams\Diagrams\Development View - #Patterns\1.023.Development (Patterns) View - DDD Business IT Services.drawio,TARGET\[60] Delivery\[40] Core Service\[90] Development Requiring Detail\_media\Development (Patterns) View - DDD Business IT Services.drawio,MEDIA,SPLIT,MEDIUM,182,3c22b84bdd2d2947c80b53b76d4b5c3052e7bd57304b8d8322e79a4c6f5689bb,,
[04] Diagrams\Diagrams\Development View - #Patterns\1.024.Development (Patterns) View - Patterns - Components - DDD Logical Module Component - Assemblies.drawio,TARGET\[00] Management\[90] Review\[10] Classification Required\[09] Development View - #Patterns\_media\Development (Patterns) View - Patterns - Components - DDD~0bdb82d2.drawio,MEDIA,REVIEW,LOW,219,402dcd52334b8c3018825d789764dff422b22bb0bca9a8271f37c81b253b40f0,,
[04] Diagrams\Diagrams\Development View - #Patterns\1.025.Development (Patterns) View - Patterns - Components - DDD Logical Modules Arangement.drawio,TARGET\[60] Delivery\[40] Core Service\[10] Components and Modules\_media\Development (Patterns) View - Patterns - Components - DDD Logical Modules Arangement.drawio,MEDIA,SPLIT,MEDIUM,206,f488a313d7138cbd9d491a2ccfcb0ff7588f63e7c2482a6fd5f128e46a4f7461,,
[04] Diagrams\Diagrams\Development View - #Patterns\1.101.Development (Patterns) View - Patterns - UI - Viewpoints.drawio,TARGET\[60] Delivery\[40] Core Service\[90] Development Requiring Detail\_media\Development (Patterns) View - Patterns - UI - Viewpoints.drawio,MEDIA,SPLIT,MEDIUM,184,7b2aacf5ca099524c146f7bcba5512bdc19150eb4492f05be8063d6cae9c70f5,,
[04] Diagrams\Diagrams\Development View - #Patterns\1.101.Development (Patterns) View - TODOSORT - Patterns - Development - GRASP.drawio,TARGET\[60] Delivery\[40] Core Service\[90] Development Requiring Detail\_media\Development (Patterns) View - TODOSORT - Patterns - Development - GRASP.drawio,MEDIA,SPLIT,MEDIUM,199,29916055b6533424cbf7b47ec66abbe6d883fe50c0ecd1892cbb9b71c25d69c0,,
[04] Diagrams\Diagrams\Development View - #Patterns\1.102.Development (Patterns) View - Patterns - Development - SOLID.drawio,TARGET\[60] Delivery\[40] Core Service\[90] Development Requiring Detail\_media\Development (Patterns) View - Patterns - Development - SOLID.drawio,MEDIA,SPLIT,MEDIUM,188,b109fd8e5a09b19d8ae7af04969c9d14357f25400d5b7368d3c255317b0dad18,,
[04] Diagrams\Diagrams\Development View - #Patterns\1.102.Development (Patterns) View - Patterns - Logical Modules - Single.drawio,TARGET\[00] Management\[90] Review\[10] Classification Required\[09] Development View - #Patterns\_media\Development (Patterns) View - Patterns - Logical Modules - Single.drawio,MEDIA,REVIEW,LOW,218,715c8935c1288be5d2c5a75b607c2780735f634205b44d68fb3358d2e277319b,,
[04] Diagrams\Diagrams\Development View - #Patterns\1.103.Development (Patterns) View - Patterns - Development - OO.drawio,TARGET\[60] Delivery\[40] Core Service\[90] Development Requiring Detail\_media\Development (Patterns) View - Patterns - Development - OO.drawio,MEDIA,SPLIT,MEDIUM,185,d965eb233ae48440367e9dcc11f179dc9c0976508181d8cf2feecd810fbfc316,,
[04] Diagrams\Diagrams\Development View - #Patterns\1.104.Development (Patterns) View - Patterns - Development - Factory Pattern (Concrete).drawio,TARGET\[60] Delivery\[40] Core Service\[90] Development Requiring Detail\_media\Development (Patterns) View - Patterns - Development - Factory Pattern (Concrete).drawio,MEDIA,SPLIT,MEDIUM,209,34a519e6642b94bab4eb539cf2ee9121ab73c9908f5c7df586a037faedd3efa8,,
[04] Diagrams\Diagrams\Development View - #Patterns\1.105.Development (Patterns) View - Patterns - Development - Factory (Abstract).drawio,TARGET\[60] Delivery\[40] Core Service\[90] Development Requiring Detail\_media\Development (Patterns) View - Patterns - Development - Factory (Abstract).drawio,MEDIA,SPLIT,MEDIUM,201,253617485f6afd54b7a4ec4658b6c414386a13e7866b67749121a29971e1f3e6,,
[04] Diagrams\Diagrams\Development View - #Patterns\1.106.Development (Patterns) View - Patterns - Development - MVC.drawio,TARGET\[60] Delivery\[40] Core Service\[90] Development Requiring Detail\_media\Development (Patterns) View - Patterns - Development - MVC.drawio,MEDIA,SPLIT,MEDIUM,186,741b699ddb015fc09027466b0ba69946fa2f421476a1ed2eea77e8895309681f,,
[04] Diagrams\[--] EOI - Primary Identification\.$EOI - Primary Identification.drawio.dtmp,TARGET\[00] Management\[90] Review\[10] Classification Required\[10] [--] EOI - Primary Identification\$EOI - Primary Identification.drawio.dtmp,OTHER,REVIEW,LOW,185,77f2f688e3a4d193b7af2012768c0fb64ffa47861e4f46e4721665e6fa76222f,,
[04] Diagrams\[--] EOI - Primary Identification\EOI - Primary Identification.drawio,TARGET\[00] Management\[90] Review\[10] Classification Required\[10] [--] EOI - Primary Identification\_media\EOI - Primary Identification.drawio,MEDIA,REVIEW,LOW,186,f38cdf1820409fe008de3d40a961c119a64c3ebc4ba1bbb2cbdff19058008bc0,,
[04] Diagrams\[--] EOI - Secondary Identification\BLANK.drawio,TARGET\[00] Management\[90] Review\[10] Classification Required\_media\BLANK.drawio,MEDIA,MERGE,HIGH,124,f38cdf1820409fe008de3d40a961c119a64c3ebc4ba1bbb2cbdff19058008bc0,,
[04] Diagrams\[00].Specific\[64].NZ\.$Types of Places.drawio.bkp,TARGET\[00] Management\[90] Review\[10] Classification Required\[11] [64].NZ\$Types of Places.drawio.bkp,OTHER,REVIEW,LOW,145,f38cdf1820409fe008de3d40a961c119a64c3ebc4ba1bbb2cbdff19058008bc0,,
[04] Diagrams\[00].Specific\[64].NZ\NZ Specific - Maps.drawio,TARGET\[00] Management\[90] Review\[10] Classification Required\[11] [64].NZ\_media\NZ Specific - Maps.drawio,MEDIA,REVIEW,LOW,150,5ec98be81057b939bfc3d9527c5c25f6444055c9effa7b962602eb3a3b102d9a,,
[04] Diagrams\[00].Specific\[64].NZ\_placeholder.txt,TARGET\[00] Management\[90] Review\[10] Classification Required\[11] [64].NZ\[10 - SUPERSEDED] placeholder.txt,DOCUMENT,REVIEW,LOW,151,e3b0c44298fc1c149afbf4c8996fb92427ae41e4649b934ca495991b7852b855,,
[04] Diagrams\[00].Specific\[64].NZ\[00].Govt\_placeholder.txt,TARGET\[00] Management\[90] Review\[10] Classification Required\[20 - SUPERSEDED] placeholder.txt,DOCUMENT,MERGE,HIGH,138,e3b0c44298fc1c149afbf4c8996fb92427ae41e4649b934ca495991b7852b855,,
[04] Diagrams\[10.ab] Discovery\01.Legacy\Discovery (Users) View - LEGACY.drawio,TARGET\[90] Closure\[10] Retirement\[10] Planning and Exit\_media\Discovery (Users) View - LEGACY.drawio,MEDIA,MERGE,HIGH,145,993d1b7a54be85633a29deff30bd3fe428a19895c476b1ae4a4ead46d88b9eea,,
[04] Diagrams\[12.aa].Documentation\Templates\README.md,TARGET\[00] Management\[10] Repository\[10] Indexes and Navigation\[20] README.md,DOCUMENT,MERGE,HIGH,122,a443406a22a5348ea338dafe6debad488d3fd1db8724f5780c964116f41a7d07,,
[04] Diagrams\[21.aa] Context\ReadMe.md,TARGET\[30] Discovery\[10] Context\[30] Scope Constraints and Dependencies\[20] ReadMe.md,DOCUMENT,MERGE,HIGH,130,bd46a8707e875d7891a86488fef1cd68c0a59e605291eaf7fdd2819a7cba112e,,
[04] Diagrams\[21.aa] Context\03.Images\[21.aa] Context -  (Business) View - Strategic Position Decision Matrix.png,TARGET\[30] Discovery\[10] Context\[10] Business Context\_media\Context - (Business) View - Strategic Position Decision Matrix.png,MEDIA,SPLIT,MEDIUM,171,be1001f5caee84680f163db3c39e8f818ccfb01f26d0aaad3356452fd8b7aee6,,
[04] Diagrams\[21.aa] Context\03.Images\[21.aa] Context - (Business) View - SDLC.png,TARGET\[30] Discovery\[10] Context\[10] Business Context\_media\Context - (Business) View - SDLC.png,MEDIA,SPLIT,MEDIUM,141,32248f4d0612cc8836a5484237e49a6eb829901e94f8fb240bd2f692a6b723ad,,
[04] Diagrams\[21.aa] Context\03.Images\[21.aa] Context - Stakeholders.png,TARGET\[00] Management\[90] Review\[10] Classification Required\[12] 03.Images\_media\Context - Stakeholders.png,MEDIA,REVIEW,LOW,153,511a66ba7bc636542bdcc2eefc35793fc709c0abbfa291253e7d2419b5908101,,
[04] Diagrams\[21.aa] Context\03.Images\_placeholder.txt,TARGET\[00] Management\[90] Review\[10] Classification Required\[12] 03.Images\[10 - SUPERSEDED] placeholder.txt,DOCUMENT,REVIEW,LOW,153,e3b0c44298fc1c149afbf4c8996fb92427ae41e4649b934ca495991b7852b855,,
[04] Diagrams\[21.aa] Context\98.Resources\_placeholder.txt,TARGET\[30] Discovery\[10] Context\[30] Scope Constraints and Dependencies\[10 - SUPERSEDED] placeholder.txt,DOCUMENT,MERGE,HIGH,149,e3b0c44298fc1c149afbf4c8996fb92427ae41e4649b934ca495991b7852b855,,
[04] Diagrams\[21.ba] Context - Market\readme.md,TARGET\[30] Discovery\[10] Context\[10] Business Context\[20] readme.md,DOCUMENT,MERGE,HIGH,112,e3b0c44298fc1c149afbf4c8996fb92427ae41e4649b934ca495991b7852b855,,
[04] Diagrams\[21.ba] Context - Market\03.Images\Target Market - Template.drawio.png,TARGET\[30] Discovery\[10] Context\[10] Business Context\_media\Target Market - Template.drawio.png,MEDIA,MERGE,HIGH,140,b7c5db285548f288eba2a138953eabb026b57043c1153ffcc14219e99e64fdce,,
[04] Diagrams\[21.ba] Context - Market\99.Archive\01.Legacy\044.2.000.Analysis View - LEGACY.drawio,TARGET\[90] Closure\[30] Decommissioning\[20] Migration and Retention\_media\Analysis View - LEGACY.drawio,MEDIA,MERGE,HIGH,147,c7904f7a5628bff0340351bb3b90af8306d1364e6ed347159ded445d6ef60d3e,,
[04] Diagrams\[21.bb] Context - Trends\01.Legacy\00.Context (Market & Trends) View - LEGACY.drawio,TARGET\[90] Closure\[10] Retirement\[10] Planning and Exit\_media\Context (Market & Trends) View - LEGACY.drawio,MEDIA,MERGE,HIGH,153,bb6ea041e5b6094a45912b0973e493f453655c49d7f16c872d8bbc784b785d55,,
[04] Diagrams\[23.ca] Context - Business - Service - Users\00.Images\11.Context (Users) View - Usage - Default Users.drawio.png,TARGET\[30] Discovery\[10] Context\[10] Business Context\_media\Context (Users) View - Usage - Default Users.drawio.png,MEDIA,SPLIT,MEDIUM,160,bdcc134bf3587771e126b374ec9619874fbcd4540ecf084a9405207eb90287c0,,
[04] Diagrams\[23.ca] Context - Business - Service - Users\00.Images\12.Context (Users) View - Categorisation - Usage Context.drawio.png,TARGET\[30] Discovery\[10] Context\[10] Business Context\_media\Context (Users) View - Categorisation - Usage Context.drawio.png,MEDIA,SPLIT,MEDIUM,169,f83bc23d3675da83c11b479c4457f71091b2c7cbab4eaa210a675812c9e00e45,,
[04] Diagrams\[23.ca] Context - Business - Service - Users\00.Images\13.Context (Users) View - Categorisation - Equal Opportunity Environment Users.drawio.png,TARGET\[30] Discovery\[10] Context\[10] Business Context\_media\Context (Users) View - Categorisation - Equal Opportunity Environment Users.drawio.png,MEDIA,SPLIT,MEDIUM,191,93b58656f3b090def67c2f93e15e3d36bb21ae968ca54eac9622992411bc088c,,
[04] Diagrams\[23.ca] Context - Business - Service - Users\00.Images\14.Context (Users) View - Decision Matrix - Access - Blank.drawio.png,TARGET\[30] Discovery\[10] Context\[10] Business Context\_media\Context (Users) View - Decision Matrix - Access - Blank.drawio.png,MEDIA,SPLIT,MEDIUM,171,3820697973a260d0869ce0d558d396982046a35f5398d1b205906f2a87eba289,,
[04] Diagrams\[23.ca] Context - Business - Service - Users\00.Images\14.Context (Users) View - Decision Matrix - Access - Default.drawio.png,TARGET\[30] Discovery\[10] Context\[10] Business Context\_media\Context (Users) View - Decision Matrix - Access - Default.drawio.png,MEDIA,SPLIT,MEDIUM,173,f3a6fa565082ca8d7eeb4b39fe6223a2831b3fc9472790361c29bce3c4673c0e,,
[04] Diagrams\[23.ca] Context - Business - Service - Users\00.Images\14.Context (Users) View - Decisions Matrix - Access - Blank.drawio.png,TARGET\[30] Discovery\[10] Context\[10] Business Context\_media\Context (Users) View - Decisions Matrix - Access - Blank.drawio.png,MEDIA,SPLIT,MEDIUM,172,cf9aee187387465fb017f8b4585a96b79755585817235e577e96028e7efa4627,,
[04] Diagrams\[23.ca] Context - Business - Service - Users\00.Images\14.Context (Users) View - Decisions Matrix - Access - Default.drawio.png,TARGET\[30] Discovery\[10] Context\[10] Business Context\_media\Context (Users) View - Decisions Matrix - Access - Default.drawio.png,MEDIA,SPLIT,MEDIUM,174,c8a4f42b2c521b901b8a257e531e88fe8dc7f8cc901cedf4917cf63f6f5ee089,,
[04] Diagrams\[23.ca] Context - Business - Service - Users\00.Images\15.Context (Users) View - Decision Matrix - Users - Blank.drawio.png,TARGET\[30] Discovery\[10] Context\[10] Business Context\_media\Context (Users) View - Decision Matrix - Users - Blank.drawio.png,MEDIA,SPLIT,MEDIUM,170,1530d5b7913bbb979d12c978b83d50a3b476c5b819f18e80432898821d7e3350,,
[04] Diagrams\[23.ca] Context - Business - Service - Users\00.Images\15.Context (Users) View - Decision Matrix - Users - Example.drawio.png,TARGET\[30] Discovery\[10] Context\[10] Business Context\_media\Context (Users) View - Decision Matrix - Users - Example.drawio.png,MEDIA,SPLIT,MEDIUM,172,68e1b7a37180a2af550959a2cf55d87d55908202e951cec4bb110b0fc657fe43,,
[04] Diagrams\[23.ca] Context - Business - Service - Users\00.Images\15.Context (Users) View - Usage - User Journey - Scenarios - Template.drawio.png,TARGET\[30] Discovery\[10] Context\[10] Business Context\_media\Context (Users) View - Usage - User Journey - Scenarios - Template.drawio.png,MEDIA,SPLIT,MEDIUM,182,93c4e28e58050093f03db54d1588d19f25256c9cb75617183b15ad67ef0c65e7,,
[04] Diagrams\[23.ca] Context - Business - Service - Users\00.Images\15.Context (Users) View - Usage - User Journey - Template.drawio.png,TARGET\[30] Discovery\[10] Context\[10] Business Context\_media\Context (Users) View - Usage - User Journey - Template.drawio.png,MEDIA,SPLIT,MEDIUM,170,58c4d037d46b5829548e28cd833ffb177adeee822621ed7297df41a6c9dbdf3f,,
[04] Diagrams\[23.ca] Context - Business - Service - Users\00.Images\41.Context (Users) View - Decision Matrix - Resources - Blank.drawio.png,TARGET\[30] Discovery\[10] Context\[10] Business Context\_media\Context (Users) View - Decision Matrix - Resources - Blank.drawio.png,MEDIA,SPLIT,MEDIUM,174,3ee23762598e2b89e5a103441d73f8cb1cc08f30d14bfc51b76bd1dfc22f846f,,
[04] Diagrams\[23.ca] Context - Business - Service - Users\00.Images\41.Context (Users) View - Decision Matrix - Resources - Example.drawio.png,TARGET\[30] Discovery\[10] Context\[10] Business Context\_media\Context (Users) View - Decision Matrix - Resources - Example.drawio.png,MEDIA,SPLIT,MEDIUM,176,5fec1359fcc22f653a4db5303162c2d999e45d2c2987a4ceda6d4cefaa49788d,,
[04] Diagrams\[23.ca] Context - Business - Service - Users\00.Images\Discovery View - Context - Users - Demographics Matrix.drawio.png,TARGET\[30] Discovery\[10] Context\[10] Business Context\_media\Discovery View - Context - Users - Demographics Matrix.drawio.png,MEDIA,SPLIT,MEDIUM,170,6e958b23a7bd8cece3c2114fff8e6cb1efa40d4437991f25f0604c34c8f36ed4,,
[04] Diagrams\[23.ca] Context - Business - Service - Users\00.Images\Discovery View - Context - Users - Options - Comparison of User Mapping Methods.drawio.png,TARGET\[30] Discovery\[10] Context\[10] Business Context\_media\Discovery View - Context - Users - Options - Comparison of User Mapping Methods.drawio.png,MEDIA,SPLIT,MEDIUM,195,35244cf1d2f2f85acf7991da39ac8e05e88479c48e0846a0c4d1c489e952702f,,
[04] Diagrams\[23.ca] Context - Business - Service - Users\00.Images\Discovery View - Context - Users - Processes - User Journey Map Template.drawio.png,TARGET\[30] Discovery\[10] Context\[10] Business Context\_media\Discovery View - Context - Users - Processes - User Journey Map Template.drawio.png,MEDIA,SPLIT,MEDIUM,188,b8285ce35686dc27421868e04f27750c4b28ac3a898f01dc0b9da5cc99baef64,,
[04] Diagrams\[23.ca] Context - Business - Service - Users\00.Images\Discovery View - Context - Users - Tools - Persona Template-Page-25.drawio.png,TARGET\[30] Discovery\[10] Context\[10] Business Context\_media\Discovery View - Context - Users - Tools - Persona Template-Page-25.drawio.png,MEDIA,SPLIT,MEDIUM,183,d231bbfb1402b5fce99c575f94db465d9b4aecebe9bdbd11b700a4dd4c5a5e9a,,
[04] Diagrams\[23.ca] Context - Business - Service - Users\00.Images\_placeholder.txt,TARGET\[30] Discovery\[10] Context\[10] Business Context\[05 - SUPERSEDED] placeholder.txt,DOCUMENT,SPLIT,MEDIUM,131,e3b0c44298fc1c149afbf4c8996fb92427ae41e4649b934ca495991b7852b855,,
[04] Diagrams\[23.ca] Context - Business - Service - Users\01.Document\01.Context (Users) View - Title Page.drawio,TARGET\[30] Discovery\[10] Context\[10] Business Context\_media\Context (Users) View - Title Page.drawio,MEDIA,MERGE,HIGH,145,b2749c7d1c8f5fc461e7ca07f9479d01bde03196fcedcb7fa65f3d70546e8383,,
[04] Diagrams\[23.ca] Context - Business - Service - Users\01.Document\02.Context (Users) View - Intended Audience.drawio,TARGET\[30] Discovery\[10] Context\[10] Business Context\_media\Context (Users) View - Intended Audience.drawio,MEDIA,MERGE,HIGH,152,5026a9e930ad5ee362e2e80fd5ced280cb527eacf4909ea2729e5f2191ee8de3,,
[04] Diagrams\[23.ca] Context - Business - Service - Users\01.Legacy\00.Context (Users) View - LEGACY.drawio,TARGET\[90] Closure\[10] Retirement\[10] Planning and Exit\_media\Context (Users) View - LEGACY.drawio,MEDIA,MERGE,HIGH,143,6d6123294153349669740aeeccd40e9f07ef5afcacd60c547570bc09a3265251,,
[04] Diagrams\[23.fi] Context - Business - Service - Domains - Scheduling\readme.md,TARGET\[30] Discovery\[10] Context\[10] Business Context\[25] readme.md,DOCUMENT,MERGE,HIGH,112,e3b0c44298fc1c149afbf4c8996fb92427ae41e4649b934ca495991b7852b855,,
[04] Diagrams\[23.ga] Context - Business - Service - Standards\readme.md,TARGET\[30] Discovery\[10] Context\[10] Business Context\[30] readme.md,DOCUMENT,MERGE,HIGH,112,e3b0c44298fc1c149afbf4c8996fb92427ae41e4649b934ca495991b7852b855,,
[04] Diagrams\[23.ga] Context - Business - Service - Standards\02.Diagrams\BLANK.drawio,TARGET\[30] Discovery\[10] Context\[10] Business Context\_media\BLANK.drawio,MEDIA,SPLIT,MEDIUM,117,43995f34086a0c09bb0f809cb826266c89096458f77130e7060cd49c22b1f5ae,,
[04] Diagrams\[23.ga] Context - Business - Service - Standards\02.Diagrams\System - Integration View - Azure - AAD.drawio,TARGET\[30] Discovery\[10] Context\[10] Business Context\_media\System - Integration View - Azure - AAD.drawio,MEDIA,SPLIT,MEDIUM,151,7b9b51404f76a18f55866dba087fd340b763c18b3af51e5d79f1e03686c2ba7b,,
[04] Diagrams\[23.ga] Context - Business - Service - Standards\02.Diagrams\System - Integration View - Azure - Security - Malware Detection.drawio,TARGET\[30] Discovery\[10] Context\[10] Business Context\_media\System - Integration View - Azure - Security - Malware Detection.drawio,MEDIA,SPLIT,MEDIUM,176,3f4acac7d848cd25e69b731518c7bd6687643f8005d45fb14e90e1055e4dc3a0,,
[04] Diagrams\[23.ga] Context - Business - Service - Standards\02.Diagrams\System - Integration View - Azure - Storage - Blob - Private.drawio,TARGET\[30] Discovery\[10] Context\[10] Business Context\_media\System - Integration View - Azure - Storage - Blob - Private.drawio,MEDIA,SPLIT,MEDIUM,172,8ce4be6081493d2ba9aac72469ed2d3cd136e60c1a36156b6c09c0ba186a6482,,
[04] Diagrams\[23.ga] Context - Business - Service - Standards\02.Diagrams\System - Integration View - Azure - Storage - Blob - Public.drawio,TARGET\[30] Discovery\[10] Context\[10] Business Context\_media\System - Integration View - Azure - Storage - Blob - Public.drawio,MEDIA,SPLIT,MEDIUM,171,f24d5b0a49e88b1dd19be13205040f67f68fca196444baf5d40cc6a27f580960,,
[04] Diagrams\[23.ga] Context - Business - Service - Standards\02.Diagrams\System - Integration View - Azure - Storage - Cache - Shared.drawio,TARGET\[30] Discovery\[10] Context\[10] Business Context\_media\System - Integration View - Azure - Storage - Cache - Shared.drawio,MEDIA,SPLIT,MEDIUM,172,a2e217f04a105c7c5215ca8eac705ed7ca95823f9f692f854b313dcae1f72b4b,,
[04] Diagrams\[23.ga] Context - Business - Service - Standards\02.Diagrams\System - Integration View - Azure - Storage - DocumentDb.drawio,TARGET\[30] Discovery\[10] Context\[10] Business Context\_media\System - Integration View - Azure - Storage - DocumentDb.drawio,MEDIA,SPLIT,MEDIUM,168,94af4921a4361faedca60405b6fe136633eeb09e04274db1e6c0d17405bfda38,,
[04] Diagrams\[23.ga] Context - Business - Service - Standards\02.Diagrams\System - Integration View - Azure - Storage - KeyVault.drawio,TARGET\[30] Discovery\[10] Context\[10] Business Context\_media\System - Integration View - Azure - Storage - KeyVault.drawio,MEDIA,SPLIT,MEDIUM,166,2f703e2e5d78bd998391568c3692b6b59bef3c91d94e0f02fcb1f570ad1110a5,,
[04] Diagrams\[23.ga] Context - Business - Service - Standards\02.Diagrams\System - Integration View - Azure - Storage - Sql Server Services.drawio,TARGET\[30] Discovery\[10] Context\[10] Business Context\_media\System - Integration View - Azure - Storage - Sql Server Services.drawio,MEDIA,SPLIT,MEDIUM,177,36a9b7c852c04113dfc7bb27f5e41658e15fa8357de06abb5f6d49e11598ff05,,
[04] Diagrams\[23.ga] Context - Business - Service - Standards\02.Diagrams\System - Integration View - Protocol Range - Extended.drawio,TARGET\[30] Discovery\[10] Context\[10] Business Context\_media\System - Integration View - Protocol Range - Extended.drawio,MEDIA,SPLIT,MEDIUM,165,0852c8f3db5da8788ad0cc20453fba04550569fe59d59b3af2901c3a85fe523e,,
[04] Diagrams\[23.ga] Context - Business - Service - Standards\02.Diagrams\System - Integration View - Protocol Range.drawio,TARGET\[30] Discovery\[10] Context\[10] Business Context\_media\System - Integration View - Protocol Range.drawio,MEDIA,SPLIT,MEDIUM,154,fbb6f02d875d5b3707ea3ef1553500f503674911da53fab3c4d7b73b37e578a3,,
[04] Diagrams\[23.ga] Context - Business - Service - Standards\02.Diagrams\_placeholder.txt,TARGET\[30] Discovery\[10] Context\[10] Business Context\[10 - SUPERSEDED] placeholder.txt,DOCUMENT,SPLIT,MEDIUM,131,e3b0c44298fc1c149afbf4c8996fb92427ae41e4649b934ca495991b7852b855,,
[04] Diagrams\[23.ga] Context - Business - Service - Standards\02.Diagrams\00.Outputs\System - Integration View - Protocol Range - Extended.drawio.png,TARGET\[60] Delivery\[50] Integrations\[10] APIs and Endpoints\_media\System - Integration View - Protocol Range - Extended.drawio.png,MEDIA,MERGE,HIGH,175,f8726af7ec27f6f23a94d21a9c7a01c73ca97b7e88c8e108f7466a7d1146728e,,
[04] Diagrams\[23.ga] Context - Business - Service - Standards\02.Diagrams\00.Outputs\System - Integration View - Protocol Range.drawio.png,TARGET\[60] Delivery\[50] Integrations\[10] APIs and Endpoints\_media\System - Integration View - Protocol Range.drawio.png,MEDIA,MERGE,HIGH,164,bb76b48a8f6735e4062aca24260a1e556e8166a6bfce49120a66c3500a0ded75,,
[04] Diagrams\[23.ga] Context - Business - Service - Standards\02.Diagrams\test\-------------------------------------------------------------------------\---------------------------------------------------------------------.txt,TARGET\[60] Delivery\[70] Verification\[10] Component and System Testing\[60] unnamed.txt,DOCUMENT,MERGE,HIGH,130,e3b0c44298fc1c149afbf4c8996fb92427ae41e4649b934ca495991b7852b855,,
[04] Diagrams\[23.ha] Context - Business - Service - Integrations\readme.md,TARGET\[60] Delivery\[50] Integrations\[10] APIs and Endpoints\[60] readme.md,DOCUMENT,MERGE,HIGH,118,e3b0c44298fc1c149afbf4c8996fb92427ae41e4649b934ca495991b7852b855,,
[04] Diagrams\[23.ha] Context - Business - Service - Integrations\02.Diagrams\00.Outputs\System - Integration View - Protocol Range - Extended.drawio.png,TARGET\[60] Delivery\[50] Integrations\[10] APIs and Endpoints\_media\System - Integration View - Protocol Range - Extended.drawio - b1c4bc61.png,MEDIA,MERGE,HIGH,186,f8726af7ec27f6f23a94d21a9c7a01c73ca97b7e88c8e108f7466a7d1146728e,,
[04] Diagrams\[23.ha] Context - Business - Service - Integrations\02.Diagrams\00.Outputs\System - Integration View - Protocol Range.drawio.png,TARGET\[60] Delivery\[50] Integrations\[10] APIs and Endpoints\_media\System - Integration View - Protocol Range.drawio - cc5058a8.png,MEDIA,MERGE,HIGH,175,bb76b48a8f6735e4062aca24260a1e556e8166a6bfce49120a66c3500a0ded75,,
[04] Diagrams\[25.ab] Context - Business - Case - Drivers\readme.md,TARGET\[30] Discovery\[10] Context\[10] Business Context\[35] readme.md,DOCUMENT,MERGE,HIGH,112,e3b0c44298fc1c149afbf4c8996fb92427ae41e4649b934ca495991b7852b855,,
[04] Diagrams\[25.ab] Context - Business - Case - Drivers\00.Images\Discovery View - Context - Drivers - Default Set.drawio.png,TARGET\[30] Discovery\[10] Context\[10] Business Context\_media\Discovery View - Context - Drivers - Default Set.drawio.png,MEDIA,MERGE,HIGH,164,be5a7fbd96e490bf22daae2fe2bfb79b84bceccb3e56afb1b08d34718c348b59,,
[04] Diagrams\[25.ab] Context - Business - Case - Drivers\00.Images\Discovery View - Context - Drivers - SWOT.drawio.png,TARGET\[30] Discovery\[10] Context\[10] Business Context\_media\Discovery View - Context - Drivers - SWOT.drawio.png,MEDIA,MERGE,HIGH,157,51bc3a0185c88c82ea6ed51dc03471ec102ba6d1397a0fcd232ddd47b8fb8097,,
[04] Diagrams\[25.ab] Context - Business - Case - Drivers\01.Document\044.1.001.Discovery (Drivers) View - Document - Title Page.drawio,TARGET\[30] Discovery\[10] Context\[10] Business Context\_media\Discovery (Drivers) View - Document - Title Page.drawio,MEDIA,MERGE,HIGH,160,702b685bb1f0abe0c27ef2d15d03444397f2a00cf193cee5c9eea8012ea0491e,,
[04] Diagrams\[25.ac] Context - Business - Case - Objectives\readme.md,TARGET\[30] Discovery\[10] Context\[10] Business Context\[40] readme.md,DOCUMENT,MERGE,HIGH,112,e3b0c44298fc1c149afbf4c8996fb92427ae41e4649b934ca495991b7852b855,,
[04] Diagrams\[25.db] Context - Business - Case - BBC - Strategic Case\readme.md,TARGET\[30] Discovery\[10] Context\[10] Business Context\[45] readme.md,DOCUMENT,MERGE,HIGH,112,e3b0c44298fc1c149afbf4c8996fb92427ae41e4649b934ca495991b7852b855,,
[04] Diagrams\[25.dc] Context - Business - Case - BBC - Commercial Case\readme.md,TARGET\[30] Discovery\[10] Context\[10] Business Context\[50] readme.md,DOCUMENT,MERGE,HIGH,112,e3b0c44298fc1c149afbf4c8996fb92427ae41e4649b934ca495991b7852b855,,
[04] Diagrams\[25.dd] Context - Business - Case - BBC - Economic Case\readme.md,TARGET\[30] Discovery\[10] Context\[10] Business Context\[55] readme.md,DOCUMENT,MERGE,HIGH,112,e3b0c44298fc1c149afbf4c8996fb92427ae41e4649b934ca495991b7852b855,,
[04] Diagrams\[25.de] Context - Business - Case - BBC - Financial Case\readme.md,TARGET\[30] Discovery\[10] Context\[10] Business Context\[60] readme.md,DOCUMENT,MERGE,HIGH,112,e3b0c44298fc1c149afbf4c8996fb92427ae41e4649b934ca495991b7852b855,,
[04] Diagrams\[25.df] Context - Business - Case - BBC - Management Case\readme.md,TARGET\[30] Discovery\[10] Context\[10] Business Context\[65] readme.md,DOCUMENT,MERGE,HIGH,112,e3b0c44298fc1c149afbf4c8996fb92427ae41e4649b934ca495991b7852b855,,
[04] Diagrams\[28.aa] Context - System\readme.md,TARGET\[30] Discovery\[10] Context\[20] System Context\[30] readme.md,DOCUMENT,MERGE,HIGH,110,e3b0c44298fc1c149afbf4c8996fb92427ae41e4649b934ca495991b7852b855,,
[04] Diagrams\[28.aa] Context - System\00.Images\.11.Context (Systems) View - System Types.drawio.png,TARGET\[30] Discovery\[10] Context\[20] System Context\_media\11.Context (Systems) View - System Types.drawio.png,MEDIA,SPLIT,MEDIUM,154,59c93d4559d816e5434388c6c1509496b0e937cf5bf7eba86c18ac40f27e4ef4,,
[04] Diagrams\[28.aa] Context - System\00.Images\13.Context (Systems) View - System Logical Domains - Sub Aspects.drawio.png,TARGET\[30] Discovery\[10] Context\[20] System Context\_media\Context (Systems) View - System Logical Domains - Sub Aspects.drawio.png,MEDIA,SPLIT,MEDIUM,175,ac57b446162b284722578aeab2f3d63d1eb83cec22521bc98678b9c7766d146b,,
[04] Diagrams\[28.aa] Context - System\00.Images\21.Context (Systems) View - System Logical Domain Context.drawio.png,TARGET\[30] Discovery\[10] Context\[20] System Context\_media\Context (Systems) View - System Logical Domain Context.drawio.png,MEDIA,SPLIT,MEDIUM,168,a85c8e0b45b754fb6b0e2fa33b6ca1b1de863b7826e53eaec06012813962286b,,
[04] Diagrams\[28.aa] Context - System\00.Images\23.Context (Systems) View - Systm Logical Domains - Details.drawio.png,TARGET\[30] Discovery\[10] Context\[20] System Context\_media\Context (Systems) View - Systm Logical Domains - Details.drawio.png,MEDIA,SPLIT,MEDIUM,170,ee7fbfb30ca110dd5b69ccf645f78c1719f8af31e1c771b91ba1a52f18ac3950,,
[04] Diagrams\[28.aa] Context - System\00.Images\41.Context (Systems) View - Decision Matrix - Technical Choices.drawio.png,TARGET\[30] Discovery\[10] Context\[20] System Context\_media\Context (Systems) View - Decision Matrix - Technical Choices.drawio.png,MEDIA,SPLIT,MEDIUM,174,27c7b2bcdfee329f4a454145e09a663b9153c3edc80a7b268d5540ce23047e17,,
[04] Diagrams\[28.aa] Context - System\00.Images\51.Context (Systems) View - System Capabilities.drawio.png,TARGET\[30] Discovery\[10] Context\[20] System Context\_media\Context (Systems) View - System Capabilities.drawio.png,MEDIA,SPLIT,MEDIUM,158,a819f1d9e03946a474d9478f0b01795377c3cd6435c07ff356129acc1b317578,,
[04] Diagrams\[28.aa] Context - System\00.Images\52.Context (Systems) View - System Capabilities - Org Specific.drawio.png,TARGET\[30] Discovery\[10] Context\[20] System Context\_media\Context (Systems) View - System Capabilities - Org Specific.drawio.png,MEDIA,SPLIT,MEDIUM,173,75638b1b96fdd25cad41da28c761e3e8d9cfababe4cf08cad64ef44c5a94a027,,
[04] Diagrams\[28.aa] Context - System\01.Document\.01.Context (Systems) View - Title Page.drawio,TARGET\[30] Discovery\[10] Context\[20] System Context\_media\01.Context (Systems) View - Title Page.drawio,MEDIA,MERGE,HIGH,148,8a9b49315b1154e157469c40b080ae02e429876b4c9a9ffed9f786d3a01a91e7,,
[04] Diagrams\[28.aa] Context - System\01.Document\.02.Context (Systems) View - Intended Audience.drawio,TARGET\[30] Discovery\[10] Context\[20] System Context\_media\02.Context (Systems) View - Intended Audience.drawio,MEDIA,MERGE,HIGH,155,007e08600da4523ad56343e5fe8e86a0bc5d65d8ed013fa262c01ffdba2b56e7,,
[04] Diagrams\[28.aa] Context - System\01.Document\_placeholder.txt,TARGET\[30] Discovery\[10] Context\[20] System Context\[10 - SUPERSEDED] placeholder.txt,DOCUMENT,MERGE,HIGH,129,e3b0c44298fc1c149afbf4c8996fb92427ae41e4649b934ca495991b7852b855,,
[04] Diagrams\[28.aa] Context - System\02.Resources\_placeholder.txt,TARGET\[30] Discovery\[10] Context\[20] System Context\[20 - SUPERSEDED] placeholder.txt,DOCUMENT,MERGE,HIGH,129,e3b0c44298fc1c149afbf4c8996fb92427ae41e4649b934ca495991b7852b855,,
[04] Diagrams\[28.aa] Context - System\02.Resources\01.Legacy\.00.Context (Systems) View - LEGACY.drawio,TARGET\[90] Closure\[10] Retirement\[10] Planning and Exit\_media\00.Context (Systems) View - LEGACY.drawio,MEDIA,MERGE,HIGH,148,58337e096914df20d93b36531d607fca2ed243284b302e47ed29cab910e3e092,,
[04] Diagrams\[28.aa] Context - System\02.Resources\01.Legacy\_placeholder.txt,TARGET\[90] Closure\[10] Retirement\[10] Planning and Exit\[05 - SUPERSEDED] placeholder.txt,DOCUMENT,MERGE,HIGH,133,e3b0c44298fc1c149afbf4c8996fb92427ae41e4649b934ca495991b7852b855,,
[04] Diagrams\[28.ba] Context - System - Constraints\00.Images\11.Context (Obligations) View - Constraints - Obligations - Legal.drawio.png,TARGET\[30] Discovery\[10] Context\[20] System Context\_media\Context (Obligations) View - Constraints - Obligations - Legal.drawio.png,MEDIA,SPLIT,MEDIUM,176,37bc0945d084460caac1d6d367b666a4ace989da013afebed192396a3a7e0712,,
[04] Diagrams\[28.ba] Context - System - Constraints\00.Images\21.Context (Obligations) View - Constraints - Agreements - Principles - Categories.drawio.png,TARGET\[30] Discovery\[10] Context\[20] System Context\_media\Context (Obligations) View - Constraints - Agreements - Principles - Categories.drawio.png,MEDIA,SPLIT,MEDIUM,193,40233fdceaf374f0645ed0151371794bc585e53cc3107979987ec453c025c6b9,,
[04] Diagrams\[28.ba] Context - System - Constraints\00.Images\22.Context (Obligations) View - Constraints - Agreements - Principles - MOE Specific.drawio.png,TARGET\[30] Discovery\[10] Context\[20] System Context\_media\Context (Obligations) View - Constraints - Agreements - Principles - MOE Specific.drawio.png,MEDIA,SPLIT,MEDIUM,195,bc07fda1827657eb23d62dfa46f76cde7dceb1ac6afcb9aa24994aa68e796f88,,
[04] Diagrams\[28.ba] Context - System - Constraints\00.Images\22.Context (Obligations) View - Constraints - Agreements - Principles - NZ Specific - Summary Table.drawio.png,TARGET\[30] Discovery\[10] Context\[20] System Context\_media\Context (Obligations) View - Constraints - Agreements - Principles - NZ Specific - Summary Table.drawio.png,MEDIA,SPLIT,MEDIUM,210,5e2884f35931cbfd8242f616cd37ab4c840827eaaad80f71a3882cc95798e3fc,,
[04] Diagrams\[28.ba] Context - System - Constraints\00.Images\22.Context (Obligations) View - Constraints - Agreements - Principles - UN - Universal Design.drawio.png,TARGET\[00] Management\[90] Review\[10] Classification Required\[16] 00.Images\_media\Context (Obligations) View - Constraints - Agreements - Principles - UN - Unive~1c9f971d.png,MEDIA,REVIEW,LOW,219,e5c8342bce52324508b010102ed7248b001a5d259473f1466c323ae733520c51,,
[04] Diagrams\[28.ba] Context - System - Constraints\00.Images\23.Context (Obligations) View - Constraints - Agreements - Principles - NZ Specific - Privacy.drawio.png,TARGET\[30] Discovery\[10] Context\[20] System Context\_media\Context (Obligations) View - Constraints - Agreements - Principles - NZ Specific - Privacy.drawio.png,MEDIA,SPLIT,MEDIUM,204,5670efb9013eeab4324609b45dd33ba3b50f42d0b0c6fc1fa0533baccb37786e,,
[04] Diagrams\[28.ba] Context - System - Constraints\00.Images\24.Context (Obligations) View - Constraints - Agreements - Principles - NZ Specific - Digital Standards.drawio.png,TARGET\[30] Discovery\[10] Context\[20] System Context\_media\Context (Obligations) View - Constraints - Agreements - Principles - NZ Specific - Digital Standards.drawio.png,MEDIA,SPLIT,MEDIUM,214,924904b8ed2b4d2c42cedc8a6339c2d72ec789e88eec397f679679e9ce1e1dc8,,
[04] Diagrams\[28.ba] Context - System - Constraints\00.Images\25.Context (Obligations) View - Constraints - Agreements - Principles - NZ - Digital Service Design Standards.drawio.png,TARGET\[00] Management\[90] Review\[10] Classification Required\[16] 00.Images\_media\Context (Obligations) View - Constraints - Agreements - Principles - NZ - Digit~0004cb6f.png,MEDIA,REVIEW,LOW,219,9386a4a7a09fc3328ada1e0bc2c696eeebd02c01a72dfa669218fba90f8a0d72,,
[04] Diagrams\[28.ba] Context - System - Constraints\00.Images\26.Context (Obligations) View - Constraints - Agreements - Principles - NZ - System Data and Info Management.drawio.png,TARGET\[30] Discovery\[10] Context\[20] System Context\_media\Context (Obligations) View - Constraints - Agreements - Principles - NZ - System Data and Info Management.drawio.png,MEDIA,SPLIT,MEDIUM,219,3faaf57e3c526edc6b4fabb7b66b5e8dbda982b6d906d18accd6ae09cc39d102,,
[04] Diagrams\[28.ba] Context - System - Constraints\00.Images\Discovery View - Context - Contraints - Obligation Types.drawio.png,TARGET\[30] Discovery\[10] Context\[20] System Context\_media\Discovery View - Context - Contraints - Obligation Types.drawio.png,MEDIA,SPLIT,MEDIUM,170,c925bee23abf0294360bd3d313321256b72053ac43bed9947aff6d6152aeeedc,,
[04] Diagrams\[32.ea] Project - Execution - Planning\00.Images\Planning View - Processes - Key Epics.drawio.png,TARGET\[60] Delivery\[40] Core Service\[40] Registries and Work\_media\Planning View - Processes - Key Epics.drawio.png,MEDIA,MERGE,HIGH,160,49521144087878918b71eb5d5f1e0ab312872395aa70086d5c8b4a98fb9106d2,,
[04] Diagrams\[32.ea] Project - Execution - Planning\00.Images\Planning View - Processes - WorkItem Management.drawio.png,TARGET\[60] Delivery\[40] Core Service\[40] Registries and Work\_media\Planning View - Processes - WorkItem Management.drawio.png,MEDIA,MERGE,HIGH,170,db9ef260299d0e6e7e85f01e82556e172fd4ae078982b3521ae97a1124828b54,,
[04] Diagrams\[32.ea] Project - Execution - Planning\00.Images\Planning View - Resourcing - FTEs Required.drawio.png,TARGET\[60] Delivery\[40] Core Service\[40] Registries and Work\_media\Planning View - Resourcing - FTEs Required.drawio.png,MEDIA,MERGE,HIGH,165,e49577355a94b1a5032795c322cc34240065636e0475ade66f7cb0fe2af8fda7,,
[04] Diagrams\[32.ea] Project - Execution - Planning\00.Images\Planning View - Scheduling - FTE Resourcing over time.drawio.png,TARGET\[60] Delivery\[40] Core Service\[40] Registries and Work\_media\Planning View - Scheduling - FTE Resourcing over time.drawio.png,MEDIA,MERGE,HIGH,176,c5535aa253824d77e917ab7b70d7f78260bb8b77e116c381a8bc3b05844330a6,,
[04] Diagrams\[32.ea] Project - Execution - Planning\00.Images\Planning View - Scheduling - Gantt Template.drawio.png,TARGET\[60] Delivery\[40] Core Service\[40] Registries and Work\_media\Planning View - Scheduling - Gantt Template.drawio.png,MEDIA,MERGE,HIGH,166,0bb1d68e3ab91fc9341e38c3635416609663ed598ffff9dc544d47b8e38e3bbc,,
[04] Diagrams\[32.ea] Project - Execution - Planning\00.Images\Planning View - Scheduling - Template - Calendar.drawio.png,TARGET\[60] Delivery\[40] Core Service\[40] Registries and Work\_media\Planning View - Scheduling - Template - Calendar.drawio.png,MEDIA,MERGE,HIGH,171,bfc024bc273acfc05100a40d8b36ef275f38e06a978a08a47a2bc38f1748b71c,,
[04] Diagrams\[32.ea] Project - Execution - Planning\00.Images\_placeholder.txt,TARGET\[60] Delivery\[40] Core Service\[40] Registries and Work\[62 - SUPERSEDED] placeholder.txt,DOCUMENT,MERGE,HIGH,138,e3b0c44298fc1c149afbf4c8996fb92427ae41e4649b934ca495991b7852b855,,
[04] Diagrams\[32.fa] Project - Execution - WorkItems\readme.md,TARGET\[60] Delivery\[40] Core Service\[40] Registries and Work\[66] readme.md,DOCUMENT,MERGE,HIGH,119,e3b0c44298fc1c149afbf4c8996fb92427ae41e4649b934ca495991b7852b855,,
[04] Diagrams\[42.aa] Digital Service  - Interfaces\readme.md,TARGET\[00] Management\[10] Repository\[10] Indexes and Navigation\[30] readme.md,DOCUMENT,MERGE,HIGH,122,e3b0c44298fc1c149afbf4c8996fb92427ae41e4649b934ca495991b7852b855,,
[04] Diagrams\[42.aa] Digital Service  - Interfaces\01.Resources\02.Diagrams\Common User Interface Types.drawio,TARGET\[60] Delivery\[60] Client Applications\[30] User Interfaces\_media\Common User Interface Types.drawio,MEDIA,MERGE,HIGH,149,2e96d73fed38395adbabd0df45892e08c1f26a9c44047f96010805fdd8579804,,
[04] Diagrams\[42.aa] Digital Service - Capabilities\Capabilities View - System - HL.drawio,TARGET\[50] Design\[30] Functionality\[10] Capabilities and Functions\_media\Capabilities View - System - HL.drawio,MEDIA,MERGE,HIGH,156,3865e4de440e61cccb740f53aa4265efef096883a5e7abf2132551d27dabca57,,
[04] Diagrams\[42.aa] Digital Service - Capabilities\Capabilities View - System - HL2.drawio,TARGET\[50] Design\[30] Functionality\[10] Capabilities and Functions\_media\Capabilities View - System - HL2.drawio,MEDIA,MERGE,HIGH,157,f4aa6d801ebe44c79261b8ec02e83ba9a73dc55349d025beed3309cf221f90e3,,
[04] Diagrams\[42.aa] Digital Service - Capabilities\readme.md,TARGET\[50] Design\[30] Functionality\[10] Capabilities and Functions\[25] readme.md,DOCUMENT,MERGE,HIGH,125,e3b0c44298fc1c149afbf4c8996fb92427ae41e4649b934ca495991b7852b855,,
[04] Diagrams\[42.aa] Digital Service - Capabilities\_placeholder.txt,TARGET\[50] Design\[30] Functionality\[10] Capabilities and Functions\[10 - SUPERSEDED] placeholder.txt,DOCUMENT,MERGE,HIGH,144,e3b0c44298fc1c149afbf4c8996fb92427ae41e4649b934ca495991b7852b855,,
[04] Diagrams\[42.aa] Digital Service - Capabilities\Discovery View - System - Capabilities\Discovery View - System  - Capabilities - HL.drawio,TARGET\[50] Design\[30] Functionality\[10] Capabilities and Functions\_media\Discovery View - System - Capabilities - HL.drawio,MEDIA,MERGE,HIGH,168,c5a86a7da39adb9b7a4f4a13c468959181c6ec75f8614512c9c18915d4005344,,
[04] Diagrams\[42.aa] Digital Service - Capabilities\Images\Capabilities View - System - HL.drawio.png,TARGET\[50] Design\[30] Functionality\[10] Capabilities and Functions\_media\Capabilities View - System - HL.drawio.png,MEDIA,MERGE,HIGH,160,a25de0eb39ba17e15b1ea7729fb7755b859d67ad0e6e55d7193f090e3ce256b9,,
[04] Diagrams\[42.aa] Digital Service - Capabilities\Images\Capabilities View - System - HL2.drawio.png,TARGET\[50] Design\[30] Functionality\[10] Capabilities and Functions\_media\Capabilities View - System - HL2.drawio.png,MEDIA,MERGE,HIGH,161,fd11c672bfa09dd697580b2ce6a40f53ba49e4f291c4a51fbbdadf4bf5e98564,,
[04] Diagrams\[42.aa] Digital Service - Capabilities\Images\Capabilities View - System.drawio.png,TARGET\[50] Design\[30] Functionality\[10] Capabilities and Functions\_media\Capabilities View - System.drawio.png,MEDIA,MERGE,HIGH,155,7dcc9815689b3744f82dcc0bee00d55b779245c71a7ece82b6304a79e7367388,,
[04] Diagrams\[42.aa] Digital Service - Capabilities\Images\_placeholder.txt,TARGET\[50] Design\[30] Functionality\[10] Capabilities and Functions\[15 - SUPERSEDED] placeholder.txt,DOCUMENT,MERGE,HIGH,144,e3b0c44298fc1c149afbf4c8996fb92427ae41e4649b934ca495991b7852b855,,
[04] Diagrams\[43.aa] Digital Service - Information\readme.md,TARGET\[50] Design\[20] Information\[10] Information Architecture\[45] readme.md,DOCUMENT,MERGE,HIGH,121,e3b0c44298fc1c149afbf4c8996fb92427ae41e4649b934ca495991b7852b855,,
[04] Diagrams\[43.aa] Digital Service - Information\00.Images\Information View - Classification - Information Type Sequence.drawio.png,TARGET\[50] Design\[20] Information\[10] Information Architecture\_media\Information View - Classification - Information Type Sequence.drawio.png,MEDIA,SPLIT,MEDIUM,186,f7b414082c67a6c0c4058add79e24a2f369ec5f56e52100c17bea3d906ed4f86,,
[04] Diagrams\[43.aa] Digital Service - Information\00.Images\Information View - Classification - Information Types to Manage.drawio.png,TARGET\[50] Design\[20] Information\[10] Information Architecture\_media\Information View - Classification - Information Types to Manage.drawio.png,MEDIA,SPLIT,MEDIUM,188,937a01308771c3604548c752948ca59a071dcfa63c59f98f0eaece8215886c4b,,
[04] Diagrams\[43.aa] Digital Service - Information\00.Images\Information View - Classification - Information Types.drawio.png,TARGET\[50] Design\[20] Information\[10] Information Architecture\_media\Information View - Classification - Information Types.drawio.png,MEDIA,SPLIT,MEDIUM,178,ceed2b442f1eee4291c01c19f864b04aae5c40d7aaf2dde815113ee548f8562e,,
[04] Diagrams\[43.aa] Digital Service - Information\00.Images\Information View - Confirmations - Confirmations.drawio.png,TARGET\[50] Design\[20] Information\[10] Information Architecture\_media\Information View - Confirmations - Confirmations.drawio.png,MEDIA,SPLIT,MEDIUM,173,9d9a6219ef475e9fc1454527938cc53221fe11fd9b7da99e13a36623425b6630,,
[04] Diagrams\[43.aa] Digital Service - Information\00.Images\Information View - Documentation - Classification - Types.drawio.png,TARGET\[50] Design\[20] Information\[10] Information Architecture\_media\Information View - Documentation - Classification - Types.drawio.png,MEDIA,SPLIT,MEDIUM,182,625fed62fb1059a75cce8c379cea6754c63d60463a1b36993111ffdcae0a56e4,,
[04] Diagrams\[43.aa] Digital Service - Information\00.Images\Information View - Documentation - View - ReadMe Sections.drawio.png,TARGET\[50] Design\[20] Information\[10] Information Architecture\_media\Information View - Documentation - View - ReadMe Sections.drawio.png,MEDIA,SPLIT,MEDIUM,182,41b859a254bdfbf280cb97a45fd0a71fd5d93ec63e4bf3172753f5b65b285bd1,,
[04] Diagrams\[43.aa] Digital Service - Information\00.Images\Information View - Entities - System (HL).drawio.png,TARGET\[00] Management\[90] Review\[10] Classification Required\[17] 00.Images\_media\Information View - Entities - System (HL).drawio.png,MEDIA,REVIEW,LOW,179,fc56c68f84beb1a417a861485edaccceb463c3d2ce064bfc44c8cf56a4c7aadc,,
[04] Diagrams\[43.aa] Digital Service - Information\00.Images\Information View - Notifications - Confirmation Notifications.drawio.png,TARGET\[50] Design\[20] Information\[10] Information Architecture\_media\Information View - Notifications - Confirmation Notifications.drawio.png,MEDIA,SPLIT,MEDIUM,186,c419b322cc471de83e13cd53016eabc1ab4c6b43f6d2c26a5a1f1eeb566a1c27,,
[04] Diagrams\[43.aa] Digital Service - Information\00.Images\Information View - Notifications - Notifications.drawio.png,TARGET\[50] Design\[20] Information\[10] Information Architecture\_media\Information View - Notifications - Notifications.drawio.png,MEDIA,SPLIT,MEDIUM,173,53d6ef6d0b026ef7bb689aaf1ee92fe2b731442c0c4a96e08715a3a6f7cc9e83,,
[04] Diagrams\[43.aa] Digital Service - Information\00.Images\Information View - Requirements - Classification - CLEAR Requirement Attributes.drawio.png,TARGET\[50] Design\[20] Information\[10] Information Architecture\_media\Information View - Requirements - Classification - CLEAR Requirement Attributes.drawio.png,MEDIA,SPLIT,MEDIUM,204,8caf514768883d7ce05d5909ef026c77673f6a5cfa526a57d123b4ed23fdd4aa,,
[04] Diagrams\[43.aa] Digital Service - Information\00.Images\Information View - Requirements - Classification - ISO 25022 -System Qualities In Use.drawio.png,TARGET\[00] Management\[90] Review\[10] Classification Required\[17] 00.Images\_media\Information View - Requirements - Classification - ISO 25022 -System Qualities~f3e0a665.png,MEDIA,REVIEW,LOW,218,12fbe01e64f4f9834fffa342ebd36229d91edfbda6a37df96df74056923a65e8,,
[04] Diagrams\[43.aa] Digital Service - Information\00.Images\Information View - Requirements - Classification - Requirement Attributes.drawio.png,TARGET\[50] Design\[20] Information\[10] Information Architecture\_media\Information View - Requirements - Classification - Requirement Attributes.drawio.png,MEDIA,SPLIT,MEDIUM,198,ab1e9fd21e2ac0116ffb954847872e897acc38b21944e6a247d5bd63fecdde17,,
[04] Diagrams\[43.aa] Digital Service - Information\00.Images\Information View - Requirements - Classification - Requirement Objective Statements.drawio.png,TARGET\[50] Design\[20] Information\[10] Information Architecture\_media\Information View - Requirements - Classification - Requirement Objective Statements.drawio.png,MEDIA,SPLIT,MEDIUM,208,f715d823bfa7aa1209e492fc2238ebebc09f6898b53515441bb409ddc6d20bb4,,
[04] Diagrams\[43.aa] Digital Service - Information\00.Images\Information View - Requirements - Classification - SMART Requirement Attributes.drawio.png,TARGET\[50] Design\[20] Information\[10] Information Architecture\_media\Information View - Requirements - Classification - SMART Requirement Attributes.drawio.png,MEDIA,SPLIT,MEDIUM,204,d9904c303df424eee83f666ea0667b58922de0c79255948e3dcbf983511eeb68,,
[04] Diagrams\[43.aa] Digital Service - Information\00.Images\Information View - Requirements - Requirements Nesting - Flat.drawio.png,TARGET\[50] Design\[20] Information\[10] Information Architecture\_media\Information View - Requirements - Requirements Nesting - Flat.drawio.png,MEDIA,SPLIT,MEDIUM,186,a8ff0afbfa6bbc979f4708e05e967420fd1f06326b24df3f6236b3fe59ac7304,,
[04] Diagrams\[43.aa] Digital Service - Information\00.Images\Information View - Requirements - Requirements Nesting - Pyramid - (specific to Edu Govt Sectors).drawio.png,TARGET\[50] Design\[20] Information\[10] Information Architecture\_media\Information View - Requirements - Requirements Nesting - Pyramid - (specific to Edu Govt Sec~3c3a2e4f.png,MEDIA,SPLIT,MEDIUM,219,026d1c6938878cead980b4f4cf641b2946e42133022d13114a423b4c010fb429,,
[04] Diagrams\[43.aa] Digital Service - Information\00.Images\Information View - Requirements - Requirements Nesting - Pyramid.drawio.png,TARGET\[50] Design\[20] Information\[10] Information Architecture\_media\Information View - Requirements - Requirements Nesting - Pyramid.drawio.png,MEDIA,SPLIT,MEDIUM,189,93b16045ce8aafaff455332702e33e613d67f3a9c5c8fe8287b7947c7d3f548e,,
[04] Diagrams\[43.aa] Digital Service - Information\00.Images\Information View - Requirements - SMART Requirements.drawio.png,TARGET\[50] Design\[20] Information\[10] Information Architecture\_media\Information View - Requirements - SMART Requirements.drawio.png,MEDIA,SPLIT,MEDIUM,177,ab0b7fe2dd5784549cad6b18b005d8f829883c0f907b94d48c06c007af1fee10,,
[04] Diagrams\[43.aa] Digital Service - Information\00.Images\Information View - Types - WorkItems.drawio.png,TARGET\[50] Design\[20] Information\[10] Information Architecture\_media\Information View - Types - WorkItems.drawio.png,MEDIA,SPLIT,MEDIUM,161,a1a844cd2a3aff5b34eca294a6fe98530d3ef813fe92b036d0ced8390849f86e,,
[04] Diagrams\[43.aa] Digital Service - Information\00.Images\Information View - Urls.drawio.png,TARGET\[50] Design\[20] Information\[10] Information Architecture\_media\Information View - Urls.drawio.png,MEDIA,SPLIT,MEDIUM,148,d89cf6eec69e636c6b3a04f9896282d7a8a2a60631a1d7961e57f9c2a551f98c,,
[04] Diagrams\[43.aa] Digital Service - Information\00.Images\Information View - Urls.png,TARGET\[50] Design\[20] Information\[10] Information Architecture\_media\Information View - Urls.png,MEDIA,SPLIT,MEDIUM,141,5f6778ce1834fefa3d5800edc072b182c96590a2d151725669ee328df3bbaed1,,
[04] Diagrams\[43.aa] Digital Service - Information\00.Images\Information View - Validation - Classification - Validation Types.drawio.png,TARGET\[50] Design\[20] Information\[10] Information Architecture\_media\Information View - Validation - Classification - Validation Types.drawio.png,MEDIA,SPLIT,MEDIUM,190,1feac0b1757133a858dfe1b6bdade34a29be92fee653644385595265c2b95065,,
[04] Diagrams\[43.aa] Digital Service - Information\00.Images\Information View - Validation - Message Validation.drawio.png,TARGET\[50] Design\[20] Information\[10] Information Architecture\_media\Information View - Validation - Message Validation.drawio.png,MEDIA,SPLIT,MEDIUM,175,5ffe7364765d303491ff346b575b9d1490c7b53a3d510960ef1c4556bbdd6e6a,,
[04] Diagrams\[43.aa] Digital Service - Information\00.Images\Information View - WorkItems - Types.drawio.png,TARGET\[50] Design\[20] Information\[10] Information Architecture\_media\Information View - WorkItems - Types.drawio.png,MEDIA,SPLIT,MEDIUM,161,f5f54b919d22b315dfe2c3c3e15d82e1c20c14ef00f2835648862633c6a64351,,
[04] Diagrams\[43.aa] Digital Service - Information\00.Images\ISO Classification.drawio.png,TARGET\[50] Design\[20] Information\[10] Information Architecture\_media\ISO Classification.drawio.png,MEDIA,SPLIT,MEDIUM,143,624b1af09b50c751d1689b3184a9850e228155c70b689fe897e200b5d5b3ebfe,,
[04] Diagrams\[43.aa] Digital Service - Information\00.Images\_placeholder.txt,TARGET\[50] Design\[20] Information\[10] Information Architecture\[20 - SUPERSEDED] placeholder.txt,DOCUMENT,SPLIT,MEDIUM,140,e3b0c44298fc1c149afbf4c8996fb92427ae41e4649b934ca495991b7852b855,,
[04] Diagrams\[43.ba] Digital Service - Information - Qualities\readme.md,TARGET\[50] Design\[20] Information\[10] Information Architecture\[50] readme.md,DOCUMENT,MERGE,HIGH,121,e3b0c44298fc1c149afbf4c8996fb92427ae41e4649b934ca495991b7852b855,,
[04] Diagrams\[43.ba] Digital Service - Information - Qualities\02.Diagrams\11.Qualities View - Categorisation - Quality ISO Interrelationships.drawio,TARGET\[50] Design\[20] Information\[30] Quality Metadata and Records\_media\Qualities View - Categorisation - Quality ISO Interrelationships.drawio,MEDIA,SPLIT,MEDIUM,189,08c463fad8e3fa4e8139008f57f959e5243941ff9a45d2be09a143288154361c,,
[04] Diagrams\[43.ba] Digital Service - Information - Qualities\02.Diagrams\12.Qualities View - Categorisation - ISO 25030 Quality Requirements Classification.drawio,TARGET\[50] Design\[20] Information\[30] Quality Metadata and Records\_media\Qualities View - Categorisation - ISO 25030 Quality Requirements Classification.drawio,MEDIA,SPLIT,MEDIUM,204,6ed3f84cfc3707321977922f77392681516bc1fb0f853b2958675ef84adb61a4,,
[04] Diagrams\[43.ba] Digital Service - Information - Qualities\02.Diagrams\21.Qualities View - ISO-25022 - Quality in Use (HL).drawio,TARGET\[50] Design\[20] Information\[30] Quality Metadata and Records\_media\Qualities View - ISO-25022 - Quality in Use (HL).drawio,MEDIA,SPLIT,MEDIUM,173,4bc08ceeb3c9218ac9786ef4f0e8018c6f978abbc058e030db549f1b150ab47b,,
[04] Diagrams\[43.ba] Digital Service - Information - Qualities\02.Diagrams\22.Qualities View - ISO-25022 - Quality in Use.drawio,TARGET\[50] Design\[20] Information\[30] Quality Metadata and Records\_media\Qualities View - ISO-25022 - Quality in Use.drawio,MEDIA,SPLIT,MEDIUM,168,c5236ded33944ea24e6fad372b4507a4f4b16472cd76ed68a61f8e2e07367d20,,
[04] Diagrams\[43.ba] Digital Service - Information - Qualities\02.Diagrams\31.Qualities View - ISO 25010 - Product Qualities (HL) - Flat.drawio,TARGET\[00] Management\[90] Review\[10] Classification Required\[18] 02.Diagrams\_media\Qualities View - ISO 25010 - Product Qualities (HL) - Flat.drawio,MEDIA,REVIEW,LOW,194,1c628ab7327c47d48a828b645f92f04ce89d6c6230de9a7b97356ab8b4b1c69e,,
[04] Diagrams\[43.ba] Digital Service - Information - Qualities\02.Diagrams\31.Qualities View - ISO 25010 - Product Qualities (HL).drawio,TARGET\[00] Management\[90] Review\[10] Classification Required\[18] 02.Diagrams\_media\Qualities View - ISO 25010 - Product Qualities (HL).drawio,MEDIA,REVIEW,LOW,187,ec13b497c2f3bd6b5cee9f238576c0c3a540d99396a02c7ec9980d21f810f45a,,
[04] Diagrams\[43.ba] Digital Service - Information - Qualities\02.Diagrams\31.Qualities View - ISO 25010 - Project Qualities (HL) - Flat.drawio,TARGET\[00] Management\[90] Review\[10] Classification Required\[18] 02.Diagrams\_media\Qualities View - ISO 25010 - Project Qualities (HL) - Flat.drawio,MEDIA,REVIEW,LOW,194,52830ae6176975827d5991d6990bd4e09f567ca5bb4c07cbec2a580fd2a8a470,,
[04] Diagrams\[43.ba] Digital Service - Information - Qualities\02.Diagrams\32.Qualities View - ISO 25010 - Product Qualities (HL) Standard.drawio,TARGET\[00] Management\[90] Review\[10] Classification Required\[18] 02.Diagrams\_media\Qualities View - ISO 25010 - Product Qualities (HL) Standard.drawio,MEDIA,REVIEW,LOW,196,c1b8f77866d4a3f26095c2bb82b4ddbde62b267dabdf7f0f51813ae6d6cb390d,,
[04] Diagrams\[43.ba] Digital Service - Information - Qualities\02.Diagrams\32.Qualities View - ISO 25010 - Product Qualities - Compatibility.drawio,TARGET\[00] Management\[90] Review\[10] Classification Required\[18] 02.Diagrams\_media\Qualities View - ISO 25010 - Product Qualities - Compatibility.drawio,MEDIA,REVIEW,LOW,198,7b81bd833cc3792341a0818d03699f9dc1b142c433bfb3fc0044db846fbe11d4,,
[04] Diagrams\[43.ba] Digital Service - Information - Qualities\02.Diagrams\32.Qualities View - ISO 25010 - Product Qualities - Functionality.drawio,TARGET\[00] Management\[90] Review\[10] Classification Required\[18] 02.Diagrams\_media\Qualities View - ISO 25010 - Product Qualities - Functionality.drawio,MEDIA,REVIEW,LOW,198,619d237eeaa4634f4f68a52ef238625d77f6accd67ac054ceb004d7aca027224,,
[04] Diagrams\[43.ba] Digital Service - Information - Qualities\02.Diagrams\32.Qualities View - ISO 25010 - Product Qualities - Maintainability.drawio,TARGET\[00] Management\[90] Review\[10] Classification Required\[18] 02.Diagrams\_media\Qualities View - ISO 25010 - Product Qualities - Maintainability.drawio,MEDIA,REVIEW,LOW,200,4683b00909e416fc8b477e37b229cdab449dfa21208a74f85819708ecbad3039,,
[04] Diagrams\[43.ba] Digital Service - Information - Qualities\02.Diagrams\32.Qualities View - ISO 25010 - Product Qualities - Performance Efficiency.drawio,TARGET\[00] Management\[90] Review\[10] Classification Required\[18] 02.Diagrams\_media\Qualities View - ISO 25010 - Product Qualities - Performance Efficiency.drawio,MEDIA,REVIEW,LOW,207,387b490ebe502aa7f6eadd6cdbcbf152c243c4a47733635ea7946b500ce81a22,,
[04] Diagrams\[43.ba] Digital Service - Information - Qualities\02.Diagrams\32.Qualities View - ISO 25010 - Product Qualities - Portability.drawio,TARGET\[00] Management\[90] Review\[10] Classification Required\[18] 02.Diagrams\_media\Qualities View - ISO 25010 - Product Qualities - Portability.drawio,MEDIA,REVIEW,LOW,196,084adb556dcf6c9ba083915e911d5f3a942517a4f97dd7fddff30f8d6df0944e,,
[04] Diagrams\[43.ba] Digital Service - Information - Qualities\02.Diagrams\32.Qualities View - ISO 25010 - Product Qualities - Reliability.drawio,TARGET\[00] Management\[90] Review\[10] Classification Required\[18] 02.Diagrams\_media\Qualities View - ISO 25010 - Product Qualities - Reliability.drawio,MEDIA,REVIEW,LOW,196,5a379ff8d11c10e0db1e76717477c1edb766e3a9768a090a01081c7d4bac37d8,,
[04] Diagrams\[43.ba] Digital Service - Information - Qualities\02.Diagrams\32.Qualities View - ISO 25010 - Product Qualities - Security.drawio,TARGET\[00] Management\[90] Review\[10] Classification Required\[18] 02.Diagrams\_media\Qualities View - ISO 25010 - Product Qualities - Security.drawio,MEDIA,REVIEW,LOW,193,b0effcfe411c29c99d4f55818046644bdce0086f83c7add69ec37cfe08f8b57c,,
[04] Diagrams\[43.ba] Digital Service - Information - Qualities\02.Diagrams\32.Qualities View - ISO 25010 - Product Qualities - Usability.drawio,TARGET\[00] Management\[90] Review\[10] Classification Required\[18] 02.Diagrams\_media\Qualities View - ISO 25010 - Product Qualities - Usability.drawio,MEDIA,REVIEW,LOW,194,cef3882859cb5048b76cd8c3588c6b8eeab3d579813aa2df6cacbfafd3715c5a,,
[04] Diagrams\[43.ba] Digital Service - Information - Qualities\02.Diagrams\32.Qualities View - ISO 25010 - Product Qualities.drawio,TARGET\[00] Management\[90] Review\[10] Classification Required\[18] 02.Diagrams\_media\Qualities View - ISO 25010 - Product Qualities.drawio,MEDIA,REVIEW,LOW,182,444bc48c16f07182d10a0c3634c5709d0f0a8dbf7965280b6198db37ae997221,,
[04] Diagrams\[43.ba] Digital Service - Information - Qualities\02.Diagrams\41.Qualities View - ISO 25012 - (HL).drawio,TARGET\[00] Management\[90] Review\[10] Classification Required\[18] 02.Diagrams\_media\Qualities View - ISO 25012 - (HL).drawio,MEDIA,REVIEW,LOW,169,8473e574756f7e3173f4368385b6b919bf8219e776d6467706705e3f68b9f3dd,,
[04] Diagrams\[43.ba] Digital Service - Information - Qualities\02.Diagrams\51.Qualities View - ISO 25010 - Product Qualities (Detailed)   Security.drawio,TARGET\[00] Management\[90] Review\[10] Classification Required\[18] 02.Diagrams\_media\Qualities View - ISO 25010 - Product Qualities (Detailed) Security.drawio,MEDIA,REVIEW,LOW,202,4cb164e592257f0da5a70bfd601252f38e09088218f181db884f0a880a8fa4e1,,
[04] Diagrams\[43.ba] Digital Service - Information - Qualities\02.Diagrams\52.Qualities View - ISO 25010 - Product Qualities (Detailed)   Security (Cont).drawio,TARGET\[00] Management\[90] Review\[10] Classification Required\[18] 02.Diagrams\_media\Qualities View - ISO 25010 - Product Qualities (Detailed) Security (Cont).drawio,MEDIA,REVIEW,LOW,209,6d66a2303e1999f111fb9257fa3b8bc426473320f6f82ddc037a1bbe57477245,,
[04] Diagrams\[43.ba] Digital Service - Information - Qualities\02.Diagrams\53.Qualities View - ISO 25010 - Product Qualities (Detailed)   Functionality.drawio,TARGET\[00] Management\[90] Review\[10] Classification Required\[18] 02.Diagrams\_media\Qualities View - ISO 25010 - Product Qualities (Detailed) Functionality.drawio,MEDIA,REVIEW,LOW,207,da20b1ab45c2c6f3b1986e5dfafa5ff6ca5e93ea0921a585deb5842fd85ed729,,
[04] Diagrams\[43.ba] Digital Service - Information - Qualities\02.Diagrams\54.Qualities View - ISO 25010 - Product Qualities (Detailed)   Usability.drawio,TARGET\[00] Management\[90] Review\[10] Classification Required\[18] 02.Diagrams\_media\Qualities View - ISO 25010 - Product Qualities (Detailed) Usability.drawio,MEDIA,REVIEW,LOW,203,7d0979289cdbf4d78f582c172f5a21d69a27f8c0dad6cf3949f703fd63ce3393,,
[04] Diagrams\[43.ba] Digital Service - Information - Qualities\02.Diagrams\55.Qualities View - ISO 25010 - Product Qualities (Detailed)   Usability (Cont).drawio,TARGET\[00] Management\[90] Review\[10] Classification Required\[18] 02.Diagrams\_media\Qualities View - ISO 25010 - Product Qualities (Detailed) Usability (Cont).drawio,MEDIA,REVIEW,LOW,210,ed64e7ac8fb6e22da0ef1fb1a4b6814337daf97fe554681f5bb82e83172041d8,,
[04] Diagrams\[43.ba] Digital Service - Information - Qualities\02.Diagrams\56.Qualities View - ISO 25010 - Product Qualities (Detailed)   Compatibility.drawio,TARGET\[00] Management\[90] Review\[10] Classification Required\[18] 02.Diagrams\_media\Qualities View - ISO 25010 - Product Qualities (Detailed) Compatibility.drawio,MEDIA,REVIEW,LOW,207,885081cf03e0dcb5f857d612df7e3f582edc5ab66f7a99031bf8f77505683e7a,,
[04] Diagrams\[43.ba] Digital Service - Information - Qualities\02.Diagrams\57.Qualities View - ISO 25010 - Product Qualities (Detailed)   Compatibility (Cont).drawio,TARGET\[00] Management\[90] Review\[10] Classification Required\[18] 02.Diagrams\_media\Qualities View - ISO 25010 - Product Qualities (Detailed) Compatibility (Cont).drawio,MEDIA,REVIEW,LOW,214,eb4387d202c270725282f789300f0b990c57714e87fd279979d7177ca1453600,,
[04] Diagrams\[43.ba] Digital Service - Information - Qualities\02.Diagrams\58.Qualities View - ISO 25010 - Product Qualities (Detailed)   Reliability.drawio,TARGET\[00] Management\[90] Review\[10] Classification Required\[18] 02.Diagrams\_media\Qualities View - ISO 25010 - Product Qualities (Detailed) Reliability.drawio,MEDIA,REVIEW,LOW,205,dddee250c528c745c453ad6e2c4e0605e9fe0c6b5b99ab071e3a1050e692a469,,
[04] Diagrams\[43.ba] Digital Service - Information - Qualities\02.Diagrams\59.Qualities View - ISO 25010 - Product Qualities (Detailed)   Performance.drawio,TARGET\[00] Management\[90] Review\[10] Classification Required\[18] 02.Diagrams\_media\Qualities View - ISO 25010 - Product Qualities (Detailed) Performance.drawio,MEDIA,REVIEW,LOW,205,485581ef86237562857304091f4d988c7cb912c2b3bfc4835e6cd284a8d32188,,
[04] Diagrams\[43.ba] Digital Service - Information - Qualities\02.Diagrams\60.Qualities View - ISO 25010 - Product Qualities (Detailed)   Maintainability.drawio,TARGET\[00] Management\[90] Review\[10] Classification Required\[18] 02.Diagrams\_media\Qualities View - ISO 25010 - Product Qualities (Detailed) Maintainability.drawio,MEDIA,REVIEW,LOW,209,6cbdd12760899613cdd26688b63a346a8af783ec0bfd9fb05f10565e25b98d07,,
[04] Diagrams\[43.ba] Digital Service - Information - Qualities\02.Diagrams\61.Qualities View - ISO 25010 - Product Qualities (Detailed)   Privacy.drawio,TARGET\[00] Management\[90] Review\[10] Classification Required\[18] 02.Diagrams\_media\Qualities View - ISO 25010 - Product Qualities (Detailed) Privacy.drawio,MEDIA,REVIEW,LOW,201,b45736d8e4e4870e242ce93faa71c4b0513a017b4bf7eece400bad8441387a52,,
[04] Diagrams\[43.ba] Digital Service - Information - Qualities\02.Diagrams\62.Qualities View - ISO 25010 - Product Qualities (Detailed)   Portability.drawio,TARGET\[00] Management\[90] Review\[10] Classification Required\[18] 02.Diagrams\_media\Qualities View - ISO 25010 - Product Qualities (Detailed) Portability.drawio,MEDIA,REVIEW,LOW,205,55d29341a1cd140ab45d9b80b053b5cfac9f3970799e3ecdb0b001ca54bd81d1,,
[04] Diagrams\[43.ba] Digital Service - Information - Qualities\02.Diagrams\07.Qualities - ISO 25030\_placeholder..txt,TARGET\[50] Design\[20] Information\[10] Information Architecture\[25 - SUPERSEDED] placeholder.txt,DOCUMENT,MERGE,HIGH,140,e3b0c44298fc1c149afbf4c8996fb92427ae41e4649b934ca495991b7852b855,,
[04] Diagrams\[43.ba] Digital Service - Information - Qualities\03.Images\00.Images32.Qualities View - ISO 25010 - Product Qualities - Reliability.drawio.png,TARGET\[00] Management\[90] Review\[10] Classification Required\[19] 03.Images\_media\Images32.Qualities View - ISO 25010 - Product Qualities - Reliability.drawio.png,MEDIA,REVIEW,LOW,207,7dbd97ed490fdc890ce5d3e93720f6b8b6e48642a44c74f5c22756a8b670fe7c,,
[04] Diagrams\[43.ba] Digital Service - Information - Qualities\03.Images\12.Qualities View - Categorisation - ISO 25030 Quality Requirements Classification.drawio.png,TARGET\[50] Design\[20] Information\[30] Quality Metadata and Records\_media\Qualities View - Categorisation - ISO 25030 Quality Requirements Classification.drawio.png,MEDIA,SPLIT,MEDIUM,208,4ba4c4acfd690e4e470aa29272dd1e8d3cc24c95f8471dbdcb6f9e891b46f5ab,,
[04] Diagrams\[43.ba] Digital Service - Information - Qualities\03.Images\12.Qualities View - ISO 25030 Quality Requirements Classification.drawio.png,TARGET\[50] Design\[20] Information\[30] Quality Metadata and Records\_media\Qualities View - ISO 25030 Quality Requirements Classification.drawio.png,MEDIA,SPLIT,MEDIUM,191,d8f3575106203cb1139e0dd53504945322fbd0b90f59b289e17a773feee18044,,
[04] Diagrams\[43.ba] Digital Service - Information - Qualities\03.Images\21.Qualities View - ISO-25022 - Quality in Use (HL).drawio.png,TARGET\[50] Design\[20] Information\[30] Quality Metadata and Records\_media\Qualities View - ISO-25022 - Quality in Use (HL).drawio.png,MEDIA,SPLIT,MEDIUM,177,ac25ef1cd77a5b7f4f9e1d1c313a4cf3ae3906aae9c213de3f39301c23070c85,,
[04] Diagrams\[43.ba] Digital Service - Information - Qualities\03.Images\22.Qualities View - ISO-25022 - Quality in Use.drawio.png,TARGET\[50] Design\[20] Information\[30] Quality Metadata and Records\_media\Qualities View - ISO-25022 - Quality in Use.drawio.png,MEDIA,SPLIT,MEDIUM,172,25f422afea8b679a007dd5defae3dd35269052dcc544086f6a08a07459ca8a59,,
[04] Diagrams\[43.ba] Digital Service - Information - Qualities\03.Images\31.Qualities View - ISO 25010 - Product Qualities (HL) - Flat.drawio.png,TARGET\[00] Management\[90] Review\[10] Classification Required\[19] 03.Images\_media\Qualities View - ISO 25010 - Product Qualities (HL) - Flat.drawio.png,MEDIA,REVIEW,LOW,196,c694842c831f91e468b1e2e0a160714dbb49b3a54472f6537f390fc535cfc8c3,,
[04] Diagrams\[43.ba] Digital Service - Information - Qualities\03.Images\31.Qualities View - ISO 25010 - Product Qualities (HL).drawio.png,TARGET\[00] Management\[90] Review\[10] Classification Required\[19] 03.Images\_media\Qualities View - ISO 25010 - Product Qualities (HL).drawio.png,MEDIA,REVIEW,LOW,189,f730c76e3534e0dbb2424bd4f7e194e2957308b9cfb657599481eb40e29b7fac,,
[04] Diagrams\[43.ba] Digital Service - Information - Qualities\03.Images\31.Qualities View - ISO 25010 - Project Qualities (HL) - Flat.drawio.png,TARGET\[00] Management\[90] Review\[10] Classification Required\[19] 03.Images\_media\Qualities View - ISO 25010 - Project Qualities (HL) - Flat.drawio.png,MEDIA,REVIEW,LOW,196,762bb4a6f0fc3ef7b5997dc330b0dce1301119226834694c74d7e5a1935d7978,,
[04] Diagrams\[43.ba] Digital Service - Information - Qualities\03.Images\32.Qualities View - ISO 25010 - Product Qualities (HL) Standard.drawio.png,TARGET\[00] Management\[90] Review\[10] Classification Required\[19] 03.Images\_media\Qualities View - ISO 25010 - Product Qualities (HL) Standard.drawio.png,MEDIA,REVIEW,LOW,198,cbcb97388c252a2761aa22a27ad68c1453a74ab6413d81b7a1f3f2516ed8e1a3,,
[04] Diagrams\[43.ba] Digital Service - Information - Qualities\03.Images\32.Qualities View - ISO 25010 - Product Qualities - Compatibility.drawio.png,TARGET\[00] Management\[90] Review\[10] Classification Required\[19] 03.Images\_media\Qualities View - ISO 25010 - Product Qualities - Compatibility.drawio.png,MEDIA,REVIEW,LOW,200,2197a4db957d56e11f017ddcfdf5d4075fa1db303318955c1a5cd18e1862b499,,
[04] Diagrams\[43.ba] Digital Service - Information - Qualities\03.Images\32.Qualities View - ISO 25010 - Product Qualities - Functionality.drawio.png,TARGET\[00] Management\[90] Review\[10] Classification Required\[19] 03.Images\_media\Qualities View - ISO 25010 - Product Qualities - Functionality.drawio.png,MEDIA,REVIEW,LOW,200,bad713c109b58774be9d697aa65b401c52813d23954e8ae9d46c6cb2b2783535,,
[04] Diagrams\[43.ba] Digital Service - Information - Qualities\03.Images\32.Qualities View - ISO 25010 - Product Qualities - Maintainability.drawio.png,TARGET\[00] Management\[90] Review\[10] Classification Required\[19] 03.Images\_media\Qualities View - ISO 25010 - Product Qualities - Maintainability.drawio.png,MEDIA,REVIEW,LOW,202,39db289814ec73072a62cbdb32d7c184ed79332a854a017055ad90419aa118c5,,
[04] Diagrams\[43.ba] Digital Service - Information - Qualities\03.Images\32.Qualities View - ISO 25010 - Product Qualities - Performance Efficiency.drawio.png,TARGET\[00] Management\[90] Review\[10] Classification Required\[19] 03.Images\_media\Qualities View - ISO 25010 - Product Qualities - Performance Efficiency.drawio.png,MEDIA,REVIEW,LOW,209,96b451e48106a5cf0b43387ec8427dba6e467750c5c63e33e49736d8b57f9f32,,
[04] Diagrams\[43.ba] Digital Service - Information - Qualities\03.Images\32.Qualities View - ISO 25010 - Product Qualities - Portability.drawio.png,TARGET\[00] Management\[90] Review\[10] Classification Required\[19] 03.Images\_media\Qualities View - ISO 25010 - Product Qualities - Portability.drawio.png,MEDIA,REVIEW,LOW,198,c36372fd0730c90f72e1f226536b5878f9a7b20ad6dcb306dafb7bca1dc621e0,,
[04] Diagrams\[43.ba] Digital Service - Information - Qualities\03.Images\32.Qualities View - ISO 25010 - Product Qualities - Reliability.drawio.png,TARGET\[00] Management\[90] Review\[10] Classification Required\[19] 03.Images\_media\Qualities View - ISO 25010 - Product Qualities - Reliability.drawio.png,MEDIA,REVIEW,LOW,198,967e4fa307491a8dbaaac7f535c869374ce44a24bacf1cd250a039b26e93640f,,
[04] Diagrams\[43.ba] Digital Service - Information - Qualities\03.Images\32.Qualities View - ISO 25010 - Product Qualities - Security.drawio.png,TARGET\[00] Management\[90] Review\[10] Classification Required\[19] 03.Images\_media\Qualities View - ISO 25010 - Product Qualities - Security.drawio.png,MEDIA,REVIEW,LOW,195,57d1a1c20ca942e4a3447feb8404759f64dd70bc6b254a33a2bd4d3da4343cab,,
[04] Diagrams\[43.ba] Digital Service - Information - Qualities\03.Images\32.Qualities View - ISO 25010 - Product Qualities - Usability.drawio.png,TARGET\[00] Management\[90] Review\[10] Classification Required\[19] 03.Images\_media\Qualities View - ISO 25010 - Product Qualities - Usability.drawio.png,MEDIA,REVIEW,LOW,196,339561ea5a79fb3548ad7bd8b86742febf61cd159159ceab0324d9cd9d947bc7,,
[04] Diagrams\[43.ba] Digital Service - Information - Qualities\03.Images\32.Qualities View - ISO 25010 - Product Qualities.drawio.png,TARGET\[00] Management\[90] Review\[10] Classification Required\[19] 03.Images\_media\Qualities View - ISO 25010 - Product Qualities.drawio.png,MEDIA,REVIEW,LOW,184,6fb454a5433a02022208f97b2b7cb057d011266f28b48fb7be0d11c1be16826a,,
[04] Diagrams\[43.ba] Digital Service - Information - Qualities\03.Images\41.Qualities View - ISO 25012 (HL).drawio.png,TARGET\[00] Management\[90] Review\[10] Classification Required\[19] 03.Images\_media\Qualities View - ISO 25012 (HL).drawio.png,MEDIA,REVIEW,LOW,169,ab23605a08b34665399fdc24e3c4a35f89381abfe77a603ea225b1e18f47aadb,,
[04] Diagrams\[43.ba] Digital Service - Information - Qualities\03.Images\51.Qualities View - ISO 25010 - Product Qualities (Detailed)   Security.drawio.png,TARGET\[00] Management\[90] Review\[10] Classification Required\[19] 03.Images\_media\Qualities View - ISO 25010 - Product Qualities (Detailed) Security.drawio.png,MEDIA,REVIEW,LOW,204,347206533adc7810c5d41415feeaa167e59fd630aa7214a2b467477926d444b0,,
[04] Diagrams\[43.ba] Digital Service - Information - Qualities\03.Images\52.Qualities View - ISO 25010 - Product Qualities (Detailed)   Security (Cont).drawio.png,TARGET\[00] Management\[90] Review\[10] Classification Required\[19] 03.Images\_media\Qualities View - ISO 25010 - Product Qualities (Detailed) Security (Cont).drawio.png,MEDIA,REVIEW,LOW,211,f9f1e87520554fa7f0c1aaaa496796b1cf4ceded3b97aa452740332dd3dc6e68,,
[04] Diagrams\[43.ba] Digital Service - Information - Qualities\03.Images\53.Qualities View - ISO 25010 - Product Qualities (Detailed)   Functionality.drawio.png,TARGET\[00] Management\[90] Review\[10] Classification Required\[19] 03.Images\_media\Qualities View - ISO 25010 - Product Qualities (Detailed) Functionality.drawio.png,MEDIA,REVIEW,LOW,209,263449d861998aa99a5c8e971ed4a1f6774bdc1275d09d8cc4dbec6bee4f3dc3,,
[04] Diagrams\[43.ba] Digital Service - Information - Qualities\03.Images\54.Qualities View - ISO 25010 - Product Qualities (Detailed)   Usability.drawio.png,TARGET\[00] Management\[90] Review\[10] Classification Required\[19] 03.Images\_media\Qualities View - ISO 25010 - Product Qualities (Detailed) Usability.drawio.png,MEDIA,REVIEW,LOW,205,a027059e7bef7c8778bd1e601014678ef21d76507101d84590d80952df158917,,
[04] Diagrams\[43.ba] Digital Service - Information - Qualities\03.Images\55.Qualities View - ISO 25010 - Product Qualities (Detailed)   Usability (Cont).drawio.png,TARGET\[00] Management\[90] Review\[10] Classification Required\[19] 03.Images\_media\Qualities View - ISO 25010 - Product Qualities (Detailed) Usability (Cont).drawio.png,MEDIA,REVIEW,LOW,212,924bb8d22a73d4645dc2ce478b5e111324aa4920066551b16d1119d10caeb8a2,,
[04] Diagrams\[43.ba] Digital Service - Information - Qualities\03.Images\56.Qualities View - ISO 25010 - Product Qualities (Detailed)   Compatibility.drawio.png,TARGET\[00] Management\[90] Review\[10] Classification Required\[19] 03.Images\_media\Qualities View - ISO 25010 - Product Qualities (Detailed) Compatibility.drawio.png,MEDIA,REVIEW,LOW,209,33dbebc1edc709048f30d21de5843c04cbb8ec4cede9a6e1635cd252d8d199a0,,
[04] Diagrams\[43.ba] Digital Service - Information - Qualities\03.Images\57.Qualities View - ISO 25010 - Product Qualities (Detailed)   Compatibility (Cont).drawio.png,TARGET\[00] Management\[90] Review\[10] Classification Required\[19] 03.Images\_media\Qualities View - ISO 25010 - Product Qualities (Detailed) Compatibility (Cont).drawio.png,MEDIA,REVIEW,LOW,216,d72e61902b95257c39e3cd6dc506ee4c20fab66a67acc77998dc412aeb8a02b6,,
[04] Diagrams\[43.ba] Digital Service - Information - Qualities\03.Images\58.Qualities View - ISO 25010 - Product Qualities (Detailed)   Reliability.drawio.png,TARGET\[00] Management\[90] Review\[10] Classification Required\[19] 03.Images\_media\Qualities View - ISO 25010 - Product Qualities (Detailed) Reliability.drawio.png,MEDIA,REVIEW,LOW,207,3cbcb4defd23685bcae73c116910b3b1dac91d3394e54fc025bd861ef96d7f38,,
[04] Diagrams\[43.ba] Digital Service - Information - Qualities\03.Images\59.Qualities View - ISO 25010 - Product Qualities (Detailed)   Performance.drawio.png,TARGET\[00] Management\[90] Review\[10] Classification Required\[19] 03.Images\_media\Qualities View - ISO 25010 - Product Qualities (Detailed) Performance.drawio.png,MEDIA,REVIEW,LOW,207,a93f85e6f8453c35a2cf52bc04f1d65df3272e2e1665b528c4677b2f56d6b8a5,,
[04] Diagrams\[43.ba] Digital Service - Information - Qualities\03.Images\60.Qualities View - ISO 25010 - Product Qualities (Detailed)   Maintainability.drawio.png,TARGET\[00] Management\[90] Review\[10] Classification Required\[19] 03.Images\_media\Qualities View - ISO 25010 - Product Qualities (Detailed) Maintainability.drawio.png,MEDIA,REVIEW,LOW,211,5449ba0a4b38ae51c3141db501fc8cca3c6fa7ad73eb300b8eccd74d49da3eb9,,
[04] Diagrams\[43.ba] Digital Service - Information - Qualities\03.Images\61.Qualities View - ISO 25010 - Product Qualities (Detailed)   Privacy.drawio.png,TARGET\[00] Management\[90] Review\[10] Classification Required\[19] 03.Images\_media\Qualities View - ISO 25010 - Product Qualities (Detailed) Privacy.drawio.png,MEDIA,REVIEW,LOW,203,890fdeb32e8b240b65bc581bbcf8f3829ab630f2a4450a30694aff1dd464f4b6,,
[04] Diagrams\[43.ba] Digital Service - Information - Qualities\03.Images\62.Qualities View - ISO 25010 - Product Qualities (Detailed)   Portability.drawio.png,TARGET\[00] Management\[90] Review\[10] Classification Required\[19] 03.Images\_media\Qualities View - ISO 25010 - Product Qualities (Detailed) Portability.drawio.png,MEDIA,REVIEW,LOW,207,5130ee543dda8bdcddcf73be15693c56b722cc1237cf70b2f316577bbfabc67d,,
[04] Diagrams\[43.ba] Digital Service - Information - Qualities\03.Images\ISO (relationship between).drawio.png,TARGET\[00] Management\[90] Review\[10] Classification Required\[19] 03.Images\_media\ISO (relationship between).drawio.png,MEDIA,REVIEW,LOW,164,a0de61de3975aa20862e772e86223f0f18fae1503a5385ac7cdd6adeb9266739,,
[04] Diagrams\[43.ba] Digital Service - Information - Qualities\03.Images\_placeholder.txt,TARGET\[00] Management\[90] Review\[10] Classification Required\[19] 03.Images\[10 - SUPERSEDED] placeholder.txt,DOCUMENT,REVIEW,LOW,153,e3b0c44298fc1c149afbf4c8996fb92427ae41e4649b934ca495991b7852b855,,
[04] Diagrams\[43.ba] Digital Service - Information - Qualities\99.Archive\00.Qualities View - LEGACY.drawio,TARGET\[50] Design\[20] Information\[10] Information Architecture\_media\Qualities View - LEGACY.drawio,MEDIA,SPLIT,MEDIUM,144,26fcd11989cf69894402c627cd0f1e38863e84cc41e68653eb3fcd1032c3b62a,,
[04] Diagrams\[43.ba] Digital Service - Information - Qualities\99.Archive\_placeholder.txt,TARGET\[50] Design\[20] Information\[10] Information Architecture\[35 - SUPERSEDED] placeholder.txt,DOCUMENT,SPLIT,MEDIUM,140,e3b0c44298fc1c149afbf4c8996fb92427ae41e4649b934ca495991b7852b855,,
[04] Diagrams\[43.ba] Digital Service - Information - Qualities\99.Archive\01.Document\01.Qualities View - Title Page.drawio,TARGET\[50] Design\[20] Information\[10] Information Architecture\_media\Qualities View - Title Page.drawio,MEDIA,MERGE,HIGH,148,8b93b0534a6c2fe492c273a761b47b8e3901603964d5918677cdd4794bdbd213,,
[04] Diagrams\[43.ba] Digital Service - Information - Qualities\99.Archive\01.Document\02.Qualities View - Intended Audience.drawio,TARGET\[50] Design\[20] Information\[10] Information Architecture\_media\Qualities View - Intended Audience.drawio,MEDIA,MERGE,HIGH,155,25d0a39d35b83a984d9d4a1a7e3f0a0ebf1f7819024582d3ac4fb90be5cd5b58,,
[04] Diagrams\[43.ba] Digital Service - Information - Qualities\99.Archive\01.Document\_placeholder.txt,TARGET\[50] Design\[20] Information\[10] Information Architecture\[30 - SUPERSEDED] placeholder.txt,DOCUMENT,MERGE,HIGH,140,e3b0c44298fc1c149afbf4c8996fb92427ae41e4649b934ca495991b7852b855,,
[04] Diagrams\[43.ca] Digital Service - Information - Requirements\Information View -  Requirements - Triangles with Custom.drawio,TARGET\[00] Management\[90] Review\[10] Classification Required\[21] [43.ca] Digital Service - Information - Requi\_media\Information View - Requirements - Triang~73c47df0.drawio,MEDIA,REVIEW,LOW,219,829d295e8543833366dc4d82416b8a96f30d7d188f3cd721759181c664f896e3,,
[04] Diagrams\[43.ca] Digital Service - Information - Requirements\Information View - Requirements - BABOK Requirements Classification.drawio,TARGET\[00] Management\[90] Review\[10] Classification Required\[21] [43.ca] Digital Service - Information - Requi\_media\Information View - Requirements - BABOK~be717b44.drawio,MEDIA,REVIEW,LOW,218,64c5995e18977b7c7a4cf9542ae566f03779c5a9b450ef0ada5a1fbabfe6e898,,
[04] Diagrams\[43.ca] Digital Service - Information - Requirements\Information View - Requirements - Classification - CLEAR Requirement Attributes.drawio,TARGET\[00] Management\[90] Review\[10] Classification Required\[21] [43.ca] Digital Service - Information - Requi\_media\Information View - Requirements - Classi~146a301e.drawio,MEDIA,REVIEW,LOW,219,9693077fe4fd35c72ea4f86f659b6d529e7c5d9f7d65d6bed055331ba933b4c5,,
[04] Diagrams\[43.ca] Digital Service - Information - Requirements\Information View - Requirements - Classification - ISO 25022 -System Qualities In Use.drawio,TARGET\[00] Management\[90] Review\[10] Classification Required\[21] [43.ca] Digital Service - Information - Requi\_media\Information View - Requirements - Classi~05acf41a.drawio,MEDIA,REVIEW,LOW,219,8a33ce637d9392b314fbb3c3f9770a4b15e4bd9b981813a500cb78eb288afd67,,
[04] Diagrams\[43.ca] Digital Service - Information - Requirements\Information View - Requirements - Classification - ISO 25030 - Quality Requirements Classification.drawio,TARGET\[50] Design\[20] Information\[30] Quality Metadata and Records\_media\Information View - Requirements - Classification - ISO 25030 - Quality Requirements C~8b0a8a97.drawio,MEDIA,SPLIT,MEDIUM,219,0ed14a572013bd2150a48cb25104df7cce88bb036936fbe4948b5c39ad558283,,
[04] Diagrams\[43.ca] Digital Service - Information - Requirements\Information View - Requirements - Classification - Requirement Attributes.drawio,TARGET\[00] Management\[90] Review\[10] Classification Required\[21] [43.ca] Digital Service - Information - Requi\_media\Information View - Requirements - Classi~69da60cd.drawio,MEDIA,REVIEW,LOW,219,2a0021b4bf70a6f846e6bbe400792cb3d04896d9d72d0fab45b59c923f0e65fa,,
[04] Diagrams\[43.ca] Digital Service - Information - Requirements\Information View - Requirements - Classification - Requirement Objective Statements.drawio,TARGET\[00] Management\[90] Review\[10] Classification Required\[21] [43.ca] Digital Service - Information - Requi\_media\Information View - Requirements - Classi~299570f1.drawio,MEDIA,REVIEW,LOW,219,d4aa8d107876e37cccd7c49d60e85015fc65088d47927004b1db1fdc54939ff8,,
[04] Diagrams\[43.ca] Digital Service - Information - Requirements\Information View - Requirements - Classification - SMART Requirement Attributes.drawio,TARGET\[00] Management\[90] Review\[10] Classification Required\[21] [43.ca] Digital Service - Information - Requi\_media\Information View - Requirements - Classi~4ca541bf.drawio,MEDIA,REVIEW,LOW,219,bb6d3b9752933aa1eb69c1dc321fb30cdbe5d4c5fe9f18763d32161eb9740e59,,
[04] Diagrams\[43.ca] Digital Service - Information - Requirements\Information View - Requirements - Layers - Custom Development.drawio,TARGET\[60] Delivery\[40] Core Service\[90] Development Requiring Detail\_media\Information View - Requirements - Layers - Custom Development.drawio,MEDIA,SPLIT,MEDIUM,189,f8697cb05fc9c7e9d3dea7c165a51621b42af6a5a829013b173351de2ede7502,,
[04] Diagrams\[43.ca] Digital Service - Information - Requirements\Information View - Requirements - Layers.drawio,TARGET\[00] Management\[90] Review\[10] Classification Required\[21] [43.ca] Digital Service - Information - Requi\_media\Information View - Requirements - Layers.drawio,MEDIA,REVIEW,LOW,210,d287e83e8ea29040e13815136fad8ba1b032d898169b166ef5f9bea3df5c1aa3,,
[04] Diagrams\[43.ca] Digital Service - Information - Requirements\Information View - Requirements - Requirement Types.drawio,TARGET\[00] Management\[90] Review\[10] Classification Required\[21] [43.ca] Digital Service - Information - Requi\_media\Information View - Requirements - Requir~f54d75df.drawio,MEDIA,REVIEW,LOW,219,095969fce479405f333e6089231323ca356701f83aedc04a9226b769e3de0758,,
[04] Diagrams\[43.ca] Digital Service - Information - Requirements\Information View - Requirements - Requirements Nesting - Flat.drawio,TARGET\[00] Management\[90] Review\[10] Classification Required\[21] [43.ca] Digital Service - Information - Requi\_media\Information View - Requirements - Requir~8b43c810.drawio,MEDIA,REVIEW,LOW,219,e8311d674098a5319beb406fa35b741777b560facde86cf8206c691f70f4f113,,
[04] Diagrams\[43.ca] Digital Service - Information - Requirements\Information View - Requirements - Requirements Nesting - Pyramid - (specific to Edu Govt Sectors).drawio,TARGET\[00] Management\[90] Review\[10] Classification Required\[21] [43.ca] Digital Service - Information - Requi\_media\Information View - Requirements - Requir~26604faf.drawio,MEDIA,REVIEW,LOW,219,05969aba2e60cff7be209fdd21d7fd9eed0e3a5e9e0199fc933c02d874b0c711,,
[04] Diagrams\[43.ca] Digital Service - Information - Requirements\Information View - Requirements - Requirements Nesting - Pyramid.drawio,TARGET\[00] Management\[90] Review\[10] Classification Required\[21] [43.ca] Digital Service - Information - Requi\_media\Information View - Requirements - Requir~dc49b1e8.drawio,MEDIA,REVIEW,LOW,219,8c3a27827f8691f27c8c2981fd703da14897b32a1640a6ded5819af51436ae7d,,
[04] Diagrams\[43.ca] Digital Service - Information - Requirements\Information View - Requirements - SMART Requirements.drawio,TARGET\[00] Management\[90] Review\[10] Classification Required\[21] [43.ca] Digital Service - Information - Requi\_media\Information View - Requirements - SMART~c3f2770d.drawio,MEDIA,REVIEW,LOW,218,c63268ccb067f1be93fe644e2fc540f1feedc5fbab7d50e589bd938d2d876dc6,,
[04] Diagrams\[43.ca] Digital Service - Information - Requirements\Information View - Requirements - Triangles without Custom.drawio,TARGET\[00] Management\[90] Review\[10] Classification Required\[21] [43.ca] Digital Service - Information - Requi\_media\Information View - Requirements - Triang~1627fb70.drawio,MEDIA,REVIEW,LOW,219,3f36ef1d2f211a27b847a75f1e37b021af2df6007b230c68cf13d4509ad20170,,
[04] Diagrams\[43.ca] Digital Service - Information - Requirements\01.Document\01.Definition View - Title Page.drawio,TARGET\[50] Design\[20] Information\[10] Information Architecture\_media\Definition View - Title Page.drawio,MEDIA,MERGE,HIGH,149,d52cb8fecd2da881747f872fb51251a564ab9aedfb040e597fb229fe65595557,,
[04] Diagrams\[43.ca] Digital Service - Information - Requirements\02.Resources\01.Legacy\00.Information (Requirements) View - LEGACY.drawio,TARGET\[90] Closure\[10] Retirement\[10] Planning and Exit\_media\Information (Requirements) View - LEGACY.drawio,MEDIA,MERGE,HIGH,154,ca16e5b8f6c5516dcd4f14967111ae5041bd26485b5d3fc05923b98798581674,,
[04] Diagrams\[43.da] Digital Service - Information - WorkItems\Information View - WorkItems - Types.drawio,TARGET\[50] Design\[20] Information\[10] Information Architecture\_media\Information View - WorkItems - Types.drawio,MEDIA,MERGE,HIGH,157,b4a65db0c9a8454632ab846cf9010caea0de3fb82dece7fbf7391674b1f633d2,,
[04] Diagrams\[44.ea] Digital Service - Information - URLs\Information View - Urls.drawio,TARGET\[50] Design\[20] Information\[10] Information Architecture\_media\Information View - Urls.drawio,MEDIA,MERGE,HIGH,144,a430086749c968eb673a2989ee9556002501217fc5875f40c694cdc300a0a6b5,,
[04] Diagrams\[44.fa] Digital Service -Information - Messages\_placeholder.txt,TARGET\[60] Delivery\[50] Integrations\[20] Messaging and Events\[10 - SUPERSEDED] placeholder.txt,DOCUMENT,MERGE,HIGH,139,e3b0c44298fc1c149afbf4c8996fb92427ae41e4649b934ca495991b7852b855,,
[04] Diagrams\[44.fb] Digital Service - Information - Notifications\Information View - Notifications - Confirmation Notifications.drawio,TARGET\[60] Delivery\[50] Integrations\[20] Messaging and Events\_media\Information View - Notifications - Confirmation Notifications.drawio,MEDIA,MERGE,HIGH,181,3762c067c8e0d9d1558ffcefded17b3563bb9502195268ff2047ec42a4bfca79,,
[04] Diagrams\[44.fb] Digital Service - Information - Notifications\Information View - Notifications - Notifications.drawio,TARGET\[60] Delivery\[50] Integrations\[20] Messaging and Events\_media\Information View - Notifications - Notifications.drawio,MEDIA,MERGE,HIGH,168,64cdaa77b4a356fd7ba0724e91e87e5ff16926c021a0e8936b633cb66a7d1a00,,
[04] Diagrams\[44.fc] Digital Service - Information - Confirmation\Information View - Confirmations - Confirmations.drawio,TARGET\[50] Design\[20] Information\[10] Information Architecture\_media\Information View - Confirmations - Confirmations.drawio,MEDIA,MERGE,HIGH,169,79d62454bb637fef354042176a0613def0b5b45537c9d330c22d993b121061e1,,
[04] Diagrams\[44.ga] Digital Service - Information - Validation\Information View - Validation - Classification - Validation Types.drawio,TARGET\[60] Delivery\[70] Verification\[10] Component and System Testing\_media\Information View - Validation - Classification - Validation Types.drawio,MEDIA,MERGE,HIGH,193,9764e8cbd35b11601a3720d845c5e347e6aea54540cce7b046ec0f41e94ce2b8,,
[04] Diagrams\[44.ga] Digital Service - Information - Validation\Information View - Validation - Message Validation.drawio,TARGET\[60] Delivery\[70] Verification\[10] Component and System Testing\_media\Information View - Validation - Message Validation.drawio,MEDIA,MERGE,HIGH,178,ae73a5098c5b3d29a80601f2d24b40dcf833c035f87c5d5e5ca3634cfef452c9,,
[04] Diagrams\[44.ga] Digital Service - Information - Validation\02.Resources\01.Legacy\64.11.00.Information (Validation) View - LEGACY.drawio,TARGET\[90] Closure\[10] Retirement\[10] Planning and Exit\_media\Information (Validation) View - LEGACY.drawio,MEDIA,MERGE,HIGH,152,fcb110b54dccbd9b622838541f68dfeaf1933683b8a321af235031565acac9fd,,
[04] Diagrams\[44.hb] Digital Service - Information - Documentation\Information View - Documentation - Classification - Types.drawio,TARGET\[50] Design\[20] Information\[10] Information Architecture\_media\Information View - Documentation - Classification - Types.drawio,MEDIA,MERGE,HIGH,178,477728173e4e31e2d5ead5d27d8f87c927e71162e385a9c7f34b338c0a0b7813,,
[04] Diagrams\[44.hb] Digital Service - Information - Documentation\Information View - Documentation - Intended Audience.drawio,TARGET\[50] Design\[20] Information\[10] Information Architecture\_media\Information View - Documentation - Intended Audience.drawio,MEDIA,MERGE,HIGH,173,1d93cb473441c78201ffd07dc7713b591ca87acf3fad4c06335dd52e0263add8,,
[04] Diagrams\[44.hb] Digital Service - Information - Documentation\Information View - Documentation - View - ReadMe Sections.drawio,TARGET\[50] Design\[20] Information\[10] Information Architecture\_media\Information View - Documentation - View - ReadMe Sections.drawio,MEDIA,MERGE,HIGH,178,9cdd8ba1f564c677ed22eba74b53d17640fe5d2bb8b85ed4ebe5ef0aa86020fe,,
[04] Diagrams\[44.ia] Digital Service - Information - Domains\README.md,TARGET\[50] Design\[20] Information\[10] Information Architecture\[55] README.md,DOCUMENT,MERGE,HIGH,121,ba3989188e3c2307ae686486c6489fb39454f017f0d5cc516e8c974761995ca0,,
[04] Diagrams\[44.ja] Digital Service - Information - Entities\Information View - Entities - System (HL).drawio,TARGET\[50] Design\[20] Information\[10] Information Architecture\_media\Information View - Entities - System (HL).drawio,MEDIA,MERGE,HIGH,162,653117e4dc136dff5329035a5f912b3252be38d551836d426d6565c36a7090a0,,
[04] Diagrams\[44.ja] Digital Service - Information - Entities\README.md,TARGET\[50] Design\[20] Information\[10] Information Architecture\[60] README.md,DOCUMENT,MERGE,HIGH,121,ba3989188e3c2307ae686486c6489fb39454f017f0d5cc516e8c974761995ca0,,
[04] Diagrams\[45.aa] Digital Service - Functionality\readme.md,TARGET\[50] Design\[30] Functionality\[10] Capabilities and Functions\[30] readme.md,DOCUMENT,MERGE,HIGH,125,e3b0c44298fc1c149afbf4c8996fb92427ae41e4649b934ca495991b7852b855,,
[04] Diagrams\[45.aa] Digital Service - Functionality\_placeholder.txt,TARGET\[50] Design\[30] Functionality\[10] Capabilities and Functions\[20 - SUPERSEDED] placeholder.txt,DOCUMENT,MERGE,HIGH,144,e3b0c44298fc1c149afbf4c8996fb92427ae41e4649b934ca495991b7852b855,,
[04] Diagrams\[45.aa] Digital Service - Functionality\00.Images\000 -.Functionality View - Pyramid of Functionality-Page-1.drawio.png,TARGET\[00] Management\[90] Review\[10] Classification Required\[22] 00.Images\_media\Functionality View - Pyramid of Functionality-Page-1.drawio.png,MEDIA,REVIEW,LOW,190,e2966253141800506254486ecd7eccbdc826ac7e61ebdd7e4af936c53806807a,,
[04] Diagrams\[45.aa] Digital Service - Functionality\00.Images\000 -.Functionality View - Pyramid of Functionality.drawio.png,TARGET\[00] Management\[90] Review\[10] Classification Required\[22] 00.Images\_media\Functionality View - Pyramid of Functionality.drawio.png,MEDIA,REVIEW,LOW,183,697966243296ffed1910016b1727c0b7f8ba46f7492ae331b77125181d00701f,,
[04] Diagrams\[45.aa] Digital Service - Functionality\00.Images\Functionality View - Analysis - Capabilities Required for User & Group Management.drawio.png,TARGET\[50] Design\[30] Functionality\[10] Capabilities and Functions\_media\Functionality View - Analysis - Capabilities Required for User & Group Management.drawio.png,MEDIA,SPLIT,MEDIUM,210,bc7820786b1663c9b0788d5b00aeae0a298f5bf2c5f080006277e04ffd50f64f,,
[04] Diagrams\[45.aa] Digital Service - Functionality\00.Images\Functionality View - Analysis - Comparison of different User & Group Management Capabilities Depending on Platform Choices.drawio.png,TARGET\[50] Design\[30] Functionality\[10] Capabilities and Functions\_media\Functionality View - Analysis - Comparison of different User & Group Management Capabili~1a3f207b.png,MEDIA,SPLIT,MEDIUM,219,028c965605dca273dd87e2565042017bdfb772f6ce5c1e084905ae28d6327ee7,,
[04] Diagrams\[45.aa] Digital Service - Functionality\00.Images\Functionality View - Capabilities - Base System Logical Module - User & Group Management.drawio.png,TARGET\[50] Design\[30] Functionality\[10] Capabilities and Functions\_media\Functionality View - Capabilities - Base System Logical Module - User & Group Management.drawio.png,MEDIA,SPLIT,MEDIUM,217,f490ca51b4e0ba7c9d67a3507b7e2b3810019d7466603bbe6b2fa77491426a48,,
[04] Diagrams\[45.aa] Digital Service - Functionality\00.Images\Functionality View - Capabilities- Media Management Functionality.drawio.png,TARGET\[50] Design\[30] Functionality\[10] Capabilities and Functions\_media\Functionality View - Capabilities- Media Management Functionality.drawio.png,MEDIA,SPLIT,MEDIUM,194,4959a84dddbe937a2ed1a74faddf634f8972e1146e8c870ad19ae6e68cf5387a,,
[04] Diagrams\[45.aa] Digital Service - Functionality\00.Images\Functionality View - Classification - ITC (People Last)-IT.drawio.png,TARGET\[00] Management\[90] Review\[10] Classification Required\[22] 00.Images\_media\Functionality View - Classification - ITC (People Last)-IT.drawio.png,MEDIA,REVIEW,LOW,196,82ad871f8989c7318c552348fae9ae83508223c2e5223ea29ebee2a72ddb89fd,,
[04] Diagrams\[45.aa] Digital Service - Functionality\00.Images\Functionality View - Functionality - Command Queue Management Operations.drawio.png,TARGET\[80] Operations\[10] Service\[10] Operation and Support\_media\Functionality View - Functionality - Command Queue Management Operations.drawio.png,MEDIA,SPLIT,MEDIUM,194,6ed8776d113c6eae67c1b0cbdcc3c0211213b1b8c3667ad77b248d26bb220c57,,
[04] Diagrams\[45.aa] Digital Service - Functionality\00.Images\Functionality View - Functionality - Dashboard Widgets.drawio.png,TARGET\[00] Management\[90] Review\[10] Classification Required\[22] 00.Images\_media\Functionality View - Functionality - Dashboard Widgets.drawio.png,MEDIA,REVIEW,LOW,192,7c0443e6bddefeedefd65b25e3e7a261c26fc47551e99e3af8a76cae0422aff2,,
[04] Diagrams\[45.aa] Digital Service - Functionality\00.Images\Functionality View - Functionality - Group Role Management Operations.drawio.png,TARGET\[80] Operations\[10] Service\[10] Operation and Support\_media\Functionality View - Functionality - Group Role Management Operations.drawio.png,MEDIA,SPLIT,MEDIUM,191,89707135298366da0b0ffe17f00e5b498e6edf928cc2990bc6412f60c3a7f3a3,,
[04] Diagrams\[45.aa] Digital Service - Functionality\00.Images\Functionality View - Functionality - Group T&C & Disclosure.drawio.png,TARGET\[00] Management\[90] Review\[10] Classification Required\[22] 00.Images\_media\Functionality View - Functionality - Group T&C & Disclosure.drawio.png,MEDIA,REVIEW,LOW,197,2225ea326e5a3293d171e3b002723cddd7c9ef706230d99e1d1b724d0c68ea72,,
[04] Diagrams\[45.aa] Digital Service - Functionality\00.Images\Functionality View - Functionality - Notifications.drawio.png,TARGET\[00] Management\[90] Review\[10] Classification Required\[22] 00.Images\_media\Functionality View - Functionality - Notifications.drawio.png,MEDIA,REVIEW,LOW,188,73aa41c625acd0cffb32f1187bf0d0893f76e7544b253b277ee4b7d742877195,,
[04] Diagrams\[45.aa] Digital Service - Functionality\00.Images\Functionality View - Functionality - System Developer Information.drawio.png,TARGET\[00] Management\[90] Review\[10] Classification Required\[22] 00.Images\_media\Functionality View - Functionality - System Developer Information.drawio.png,MEDIA,REVIEW,LOW,203,338f5c52fc519f8e07feee0d11a9e66536e450bef0fe69e03448d71fbaab1a2c,,
[04] Diagrams\[45.aa] Digital Service - Functionality\00.Images\Functionality View - Functionality - System Information.drawio.png,TARGET\[00] Management\[90] Review\[10] Classification Required\[22] 00.Images\_media\Functionality View - Functionality - System Information.drawio.png,MEDIA,REVIEW,LOW,193,1bf7da16814a61835791924ac178b820d2425dca891587cb023023d99b6cb3fb,,
[04] Diagrams\[45.aa] Digital Service - Functionality\00.Images\Functionality View - Functionality - Tags Management Operations.drawio.png,TARGET\[80] Operations\[10] Service\[10] Operation and Support\_media\Functionality View - Functionality - Tags Management Operations.drawio.png,MEDIA,SPLIT,MEDIUM,185,3f664abe32a4a1c9f13704d6969035f8c8d04c5b5e7a02ade945277386b2401b,,
[04] Diagrams\[45.aa] Digital Service - Functionality\00.Images\Functionality View - Functionality - Task Scheduling Management Operations.drawio.png,TARGET\[80] Operations\[10] Service\[10] Operation and Support\_media\Functionality View - Functionality - Task Scheduling Management Operations.drawio.png,MEDIA,SPLIT,MEDIUM,196,2ff3488a95e8d732fb47dfef9aa40a30aa5be4c5f3b27cfbb0c3ee75bacb20ac,,
[04] Diagrams\[45.aa] Digital Service - Functionality\00.Images\Functionality View - Functionality - User Delegation Operations.drawio.png,TARGET\[80] Operations\[10] Service\[10] Operation and Support\_media\Functionality View - Functionality - User Delegation Operations.drawio.png,MEDIA,SPLIT,MEDIUM,185,c22e3cea42da437268d882e20b0d39d7086be07d6d887b7af9e19d5df0d23a94,,
[04] Diagrams\[45.aa] Digital Service - Functionality\00.Images\Functionality View - Functionality - User Group Management Operations.drawio.png,TARGET\[80] Operations\[10] Service\[10] Operation and Support\_media\Functionality View - Functionality - User Group Management Operations.drawio.png,MEDIA,SPLIT,MEDIUM,191,4d88aaf384dd4c29863b03312a398bffd9c4046677fe9ac19db35c79b7478d15,,
[04] Diagrams\[45.aa] Digital Service - Functionality\00.Images\Functionality View - Functionality - User Management Operations.drawio.png,TARGET\[80] Operations\[10] Service\[10] Operation and Support\_media\Functionality View - Functionality - User Management Operations.drawio.png,MEDIA,SPLIT,MEDIUM,185,a51a9525b4ae1c7f50d788ab5cca5c58fa5d82fe2ae8b5811d7ed71004d3f59f,,
[04] Diagrams\[45.aa] Digital Service - Functionality\00.Images\Functionality View - Functions - Maintenance - Diagnostics.drawio.png,TARGET\[50] Design\[30] Functionality\[10] Capabilities and Functions\_media\Functionality View - Functions - Maintenance - Diagnostics.drawio.png,MEDIA,SPLIT,MEDIUM,187,e26bf05248be517778a5f72a1b3e7fd95f3919731ae303f6132cc1f5558d66ac,,
[04] Diagrams\[45.aa] Digital Service - Functionality\00.Images\Functionality View - Functions - System Modules.drawio.png,TARGET\[00] Management\[90] Review\[10] Classification Required\[22] 00.Images\_media\Functionality View - Functions - System Modules.drawio.png,MEDIA,REVIEW,LOW,185,411e535a66b8bc6b97f11b20a04f4095021d52bb515e8b52f8679e2e21034b32,,
[04] Diagrams\[45.aa] Digital Service - Functionality\00.Images\Functionality View - Functions - System Status Messages.drawio.png,TARGET\[50] Design\[30] Functionality\[10] Capabilities and Functions\_media\Functionality View - Functions - System Status Messages.drawio.png,MEDIA,SPLIT,MEDIUM,184,63f6245407b60095f285c6b30ad886292afea904363c25097f1ab3a193c4158b,,
[04] Diagrams\[45.aa] Digital Service - Functionality\00.Images\Functionality View - Functions Configuration Host.drawio.png,TARGET\[00] Management\[90] Review\[10] Classification Required\[22] 00.Images\_media\Functionality View - Functions Configuration Host.drawio.png,MEDIA,REVIEW,LOW,187,622328cd31107d42c52702a1baa949df5f4bb515eb589a7a381d4bc56483589d,,
[04] Diagrams\[45.aa] Digital Service - Functionality\00.Images\Functionality View - Functions Configuration Integration.drawio.png,TARGET\[00] Management\[90] Review\[10] Classification Required\[22] 00.Images\_media\Functionality View - Functions Configuration Integration.drawio.png,MEDIA,REVIEW,LOW,194,1e3ef2ed09c85b546b778673d64af3a68b5ef998299654950111e0d095c6f6aa,,
[04] Diagrams\[45.aa] Digital Service - Functionality\00.Images\Functionality View - Human User Interface Functionality.drawio.png,TARGET\[00] Management\[90] Review\[10] Classification Required\[22] 00.Images\_media\Functionality View - Human User Interface Functionality.drawio.png,MEDIA,REVIEW,LOW,193,cac40b8fcd8ba8eb606deb05a1da3b626d311539181515a837ce514584b9d715,,
[04] Diagrams\[45.aa] Digital Service - Functionality\00.Images\Functionality View - Operations - System Exceptions.drawio.png,TARGET\[80] Operations\[10] Service\[10] Operation and Support\_media\Functionality View - Operations - System Exceptions.drawio.png,MEDIA,SPLIT,MEDIUM,173,97cadd4c7dd22ca8bc77873ad7f6a6ceccfaa09fb366938862ee925ce4042a24,,
[04] Diagrams\[45.aa] Digital Service - Functionality\00.Images\Functionality View - Organisation - Capabilities - Base System Logical Module.drawio.png,TARGET\[50] Design\[30] Functionality\[10] Capabilities and Functions\_media\Functionality View - Organisation - Capabilities - Base System Logical Module.drawio.png,MEDIA,SPLIT,MEDIUM,206,4ca8caba56d4c595c28482e530aa2149a139ce1454d3f14a5faedb3c1fddbdc3,,
[04] Diagrams\[45.aa] Digital Service - Functionality\00.Images\Functionality View - Organisation - Capabilities - Logical Modules (HL).drawio.png,TARGET\[00] Management\[90] Review\[10] Classification Required\[22] 00.Images\_media\Functionality View - Organisation - Capabilities - Logical Modules (HL).drawio.png,MEDIA,REVIEW,LOW,209,b1f49f134f0db6d57079181c7ac7ab7a7d6c0cfa28300698b5b229657d32a65f,,
[04] Diagrams\[45.aa] Digital Service - Functionality\00.Images\Functionality View - Organisation - Capabilities - Logical Modules-Copy of Conceptual Logical Modules.drawio.png,TARGET\[00] Management\[90] Review\[10] Classification Required\[22] 00.Images\_media\Functionality View - Organisation - Capabilities - Logical Modules-Copy of Conc~0bd6f67d.png,MEDIA,REVIEW,LOW,219,7e291f71157555955fc8b1b3cc9c2431ef6b694f917d14c37610c9a29092a31c,,
[04] Diagrams\[45.aa] Digital Service - Functionality\00.Images\Functionality View - Required Capabilities - Deployment Specialist.drawio.png,TARGET\[50] Design\[30] Functionality\[10] Capabilities and Functions\_media\Functionality View - Required Capabilities - Deployment Specialist.drawio.png,MEDIA,SPLIT,MEDIUM,195,97b199a1ec1b441b683e9342219ab0440581d6cb9feb17dd73e9863a974d7a2e,,
[04] Diagrams\[45.aa] Digital Service - Functionality\00.Images\Functionality View - Required Capabilities - Maintenance Specialist.drawio.png,TARGET\[50] Design\[30] Functionality\[10] Capabilities and Functions\_media\Functionality View - Required Capabilities - Maintenance Specialist.drawio.png,MEDIA,SPLIT,MEDIUM,196,a27c48c0eaa8d262245eda6818e728b3671478d581c21970a7147d548e3ae757,,
[04] Diagrams\[45.aa] Digital Service - Functionality\00.Images\Functionality View - Required Capabilities - Monitoring Specialist.drawio.png,TARGET\[50] Design\[30] Functionality\[10] Capabilities and Functions\_media\Functionality View - Required Capabilities - Monitoring Specialist.drawio.png,MEDIA,SPLIT,MEDIUM,195,4b28cceb42a32ee32bff0e7cd398193ad65e69005033567ef07b80919caebfc8,,
[04] Diagrams\[45.aa] Digital Service - Functionality\00.Images\Functionality View - Required Capabilities - Operations Specialist.drawio.png,TARGET\[00] Management\[90] Review\[10] Classification Required\[22] 00.Images\_media\Functionality View - Required Capabilities - Operations Specialist.drawio.png,MEDIA,REVIEW,LOW,204,99da1f6580d9bdabb4c7c63aa9f85b4f7800e17500d74bec41311c20fc0a2120,,
[04] Diagrams\[45.aa] Digital Service - Functionality\00.Images\Functionality View - System Exceptions-Diagnostics - Errors.drawio.png,TARGET\[00] Management\[90] Review\[10] Classification Required\[22] 00.Images\_media\Functionality View - System Exceptions-Diagnostics - Errors.drawio.png,MEDIA,REVIEW,LOW,197,356376140eec4027309571b3919e489c87a7fc24c0627f58a20165ba8abc7e3c,,
[04] Diagrams\[45.aa] Digital Service - Functionality\00.Images\Functionality View - System Provider Information.drawio.png,TARGET\[00] Management\[90] Review\[10] Classification Required\[22] 00.Images\_media\Functionality View - System Provider Information.drawio.png,MEDIA,REVIEW,LOW,186,574583537b1db89c2c6da364150015e6a0a07ace27684a1fb45606ef9ae523d6,,
[04] Diagrams\[45.aa] Digital Service - Functionality\00.Images\Functionality View - System Sponsor Information.drawio.png,TARGET\[00] Management\[90] Review\[10] Classification Required\[22] 00.Images\_media\Functionality View - System Sponsor Information.drawio.png,MEDIA,REVIEW,LOW,185,2cd4efdb02fbaa5aa6d6ce5f3a6760bf223948446ad0536566a3ca53ecbdb809,,
[04] Diagrams\[45.aa] Digital Service - Functionality\00.Images\Functionality View - Workflows.drawio.png,TARGET\[50] Design\[30] Functionality\[20] Workflows\_media\Functionality View - Workflows.drawio.png,MEDIA,SPLIT,MEDIUM,142,8b7f140629cbc4d43aa910c1a204ce227b61313b95368b0a74ea65e3e670036b,,
[04] Diagrams\[45.aa] Digital Service - Functionality\00.Images\_placeholder.txt,TARGET\[00] Management\[90] Review\[10] Classification Required\[22] 00.Images\[10 - SUPERSEDED] placeholder.txt,DOCUMENT,REVIEW,LOW,153,e3b0c44298fc1c149afbf4c8996fb92427ae41e4649b934ca495991b7852b855,,
[04] Diagrams\[45.ba] Digital Service - Functionality - User\readme.md,TARGET\[50] Design\[30] Functionality\[10] Capabilities and Functions\[35] readme.md,DOCUMENT,MERGE,HIGH,125,e3b0c44298fc1c149afbf4c8996fb92427ae41e4649b934ca495991b7852b855,,
[04] Diagrams\[45.ca] Digital Service - Functionality - Public\readme.md,TARGET\[50] Design\[30] Functionality\[10] Capabilities and Functions\[40] readme.md,DOCUMENT,MERGE,HIGH,125,e3b0c44298fc1c149afbf4c8996fb92427ae41e4649b934ca495991b7852b855,,
[04] Diagrams\[45.da] Digital Service - Functionality - Consumer\readme.md,TARGET\[50] Design\[30] Functionality\[10] Capabilities and Functions\[45] readme.md,DOCUMENT,MERGE,HIGH,125,e3b0c44298fc1c149afbf4c8996fb92427ae41e4649b934ca495991b7852b855,,
[04] Diagrams\[45.da] Digital Service - Functionality - Member\readme.md,TARGET\[50] Design\[30] Functionality\[10] Capabilities and Functions\[50] readme.md,DOCUMENT,MERGE,HIGH,125,e3b0c44298fc1c149afbf4c8996fb92427ae41e4649b934ca495991b7852b855,,
[04] Diagrams\[45.db] Digital Service - Functionality - Consumer - Admin\readme.md,TARGET\[50] Design\[30] Functionality\[10] Capabilities and Functions\[55] readme.md,DOCUMENT,MERGE,HIGH,125,e3b0c44298fc1c149afbf4c8996fb92427ae41e4649b934ca495991b7852b855,,
[04] Diagrams\[45.ea] Digital Service - Functionality - Consumer - Business\readme.md,TARGET\[50] Design\[30] Functionality\[10] Capabilities and Functions\[60] readme.md,DOCUMENT,MERGE,HIGH,125,e3b0c44298fc1c149afbf4c8996fb92427ae41e4649b934ca495991b7852b855,,
[04] Diagrams\[45.eb] Digital Service - Functionality - Consumer - Business Admin\readme.md,TARGET\[50] Design\[30] Functionality\[10] Capabilities and Functions\[65] readme.md,DOCUMENT,MERGE,HIGH,125,e3b0c44298fc1c149afbf4c8996fb92427ae41e4649b934ca495991b7852b855,,
[04] Diagrams\[45.fa] Digital Service - Functionality - Consumer - Support\readme.md,TARGET\[80] Operations\[10] Service\[10] Operation and Support\[20] readme.md,DOCUMENT,MERGE,HIGH,118,e3b0c44298fc1c149afbf4c8996fb92427ae41e4649b934ca495991b7852b855,,
[04] Diagrams\[45.fb] Digital Service - Functionality - Consumer - Support - Public\readme.md,TARGET\[80] Operations\[10] Service\[10] Operation and Support\[25] readme.md,DOCUMENT,MERGE,HIGH,118,e3b0c44298fc1c149afbf4c8996fb92427ae41e4649b934ca495991b7852b855,,
[04] Diagrams\[45.fc] Digital Service - Functionality - Consumer - Support - Member\readme.md,TARGET\[80] Operations\[10] Service\[10] Operation and Support\[30] readme.md,DOCUMENT,MERGE,HIGH,118,e3b0c44298fc1c149afbf4c8996fb92427ae41e4649b934ca495991b7852b855,,
[04] Diagrams\[45.fd] Digital Service - Functionality - Consumer - Support - Consumer\readme.md,TARGET\[80] Operations\[10] Service\[10] Operation and Support\[35] readme.md,DOCUMENT,MERGE,HIGH,118,e3b0c44298fc1c149afbf4c8996fb92427ae41e4649b934ca495991b7852b855,,
[04] Diagrams\[45.fe] Digital Service - Functionality - Consumer - Support - Business\readme.md,TARGET\[80] Operations\[10] Service\[10] Operation and Support\[40] readme.md,DOCUMENT,MERGE,HIGH,118,e3b0c44298fc1c149afbf4c8996fb92427ae41e4649b934ca495991b7852b855,,
[04] Diagrams\[45.ga] Digital Service - Functionality - Consumer - Operations\readme.md,TARGET\[80] Operations\[10] Service\[10] Operation and Support\[45] readme.md,DOCUMENT,MERGE,HIGH,118,e3b0c44298fc1c149afbf4c8996fb92427ae41e4649b934ca495991b7852b855,,
[04] Diagrams\[47.aa] Digital Service - Workflows\[47.aa] readme.md,TARGET\[50] Design\[30] Functionality\[20] Workflows\[20] readme.md,DOCUMENT,MERGE,HIGH,108,e3b0c44298fc1c149afbf4c8996fb92427ae41e4649b934ca495991b7852b855,,
[04] Diagrams\[47.aa] Digital Service - Workflows\_placeholder.txt,TARGET\[50] Design\[30] Functionality\[20] Workflows\[10 - SUPERSEDED] placeholder.txt,DOCUMENT,MERGE,HIGH,127,e3b0c44298fc1c149afbf4c8996fb92427ae41e4649b934ca495991b7852b855,,
[04] Diagrams\[47.fa] Digital Service - Workflows - Support\readme.md,TARGET\[80] Operations\[10] Service\[10] Operation and Support\[50] readme.md,DOCUMENT,MERGE,HIGH,118,e3b0c44298fc1c149afbf4c8996fb92427ae41e4649b934ca495991b7852b855,,
[04] Diagrams\[47.fb] Digital Service - Workflows - Support - Public\readme.md,TARGET\[80] Operations\[10] Service\[10] Operation and Support\[55] readme.md,DOCUMENT,MERGE,HIGH,118,e3b0c44298fc1c149afbf4c8996fb92427ae41e4649b934ca495991b7852b855,,
[04] Diagrams\[47.fc] Digital Service - Workflows - Support - Consumers\readme.md,TARGET\[80] Operations\[10] Service\[10] Operation and Support\[60] readme.md,DOCUMENT,MERGE,HIGH,118,e3b0c44298fc1c149afbf4c8996fb92427ae41e4649b934ca495991b7852b855,,
[04] Diagrams\[48.aa] Digital Service - Interoperability\readme.md,TARGET\[60] Delivery\[50] Integrations\[40] Interoperability and Discovery\[74] readme.md,DOCUMENT,MERGE,HIGH,130,e3b0c44298fc1c149afbf4c8996fb92427ae41e4649b934ca495991b7852b855,,
[04] Diagrams\[48.aa] Digital Service - Interoperability\_placeholder.txt,TARGET\[60] Delivery\[50] Integrations\[40] Interoperability and Discovery\[50 - SUPERSEDED] placeholder.txt,DOCUMENT,MERGE,HIGH,149,e3b0c44298fc1c149afbf4c8996fb92427ae41e4649b934ca495991b7852b855,,
[04] Diagrams\[48.aa] Digital Service - Interoperability\00.Images\BLANK.drawio,TARGET\[60] Delivery\[50] Integrations\[40] Interoperability and Discovery\_media\BLANK.drawio,MEDIA,SPLIT,MEDIUM,135,43995f34086a0c09bb0f809cb826266c89096458f77130e7060cd49c22b1f5ae,,
[04] Diagrams\[48.aa] Digital Service - Interoperability\00.Images\System - Integration View - Client Service - Authentication.drawio,TARGET\[00] Management\[90] Review\[10] Classification Required\[23] 00.Images\_media\System - Integration View - Client Service - Authentication.drawio,MEDIA,REVIEW,LOW,193,2d28e942acd528dd0552e767365ed6e1dba95a64e8eddf352ec1ba09cff262b3,,
[04] Diagrams\[48.aa] Digital Service - Interoperability\00.Images\_placeholder.txt,TARGET\[60] Delivery\[50] Integrations\[40] Interoperability and Discovery\[48 - SUPERSEDED] placeholder.txt,DOCUMENT,SPLIT,MEDIUM,149,e3b0c44298fc1c149afbf4c8996fb92427ae41e4649b934ca495991b7852b855,,
[04] Diagrams\[48.aa] Digital Service - Interoperability\01.Document\Interoperability View - Title Page.drawio,TARGET\[60] Delivery\[50] Integrations\[40] Interoperability and Discovery\_media\Interoperability View - Title Page.drawio,MEDIA,MERGE,HIGH,164,cd9da4c4d3c0fbc666e98468899d015e9326576f79dcdaaed6092214ce483579,,
[04] Diagrams\[50.aa] Digital Service - Security\readme.md,TARGET\[50] Design\[50] Assurance\[10] Security and Assurance Design\[20] readme.md,DOCUMENT,MERGE,HIGH,124,e3b0c44298fc1c149afbf4c8996fb92427ae41e4649b934ca495991b7852b855,,
[04] Diagrams\[50.aa] Digital Service - Security\Diagrams\_placeholder.txt,TARGET\[50] Design\[50] Assurance\[10] Security and Assurance Design\[10 - SUPERSEDED] placeholder.txt,DOCUMENT,MERGE,HIGH,143,e3b0c44298fc1c149afbf4c8996fb92427ae41e4649b934ca495991b7852b855,,
[04] Diagrams\[50.aa] Digital Service - Security\Diagrams\00.Images\Dynamic horizontal scalability.drawio.png,TARGET\[00] Management\[90] Review\[10] Classification Required\[24] 00.Images\_media\Dynamic horizontal scalability.drawio.png,MEDIA,REVIEW,LOW,168,c361391934b8d7591167b0c4bd985d5c103d53ebc137130854cf9454cd43dc51,,
[04] Diagrams\[50.aa] Digital Service - Security\Diagrams\00.Images\Security View - Availability - Failover.drawio.png,TARGET\[00] Management\[90] Review\[10] Classification Required\[24] 00.Images\_media\Security View - Availability - Failover.drawio.png,MEDIA,REVIEW,LOW,177,a96356845823b3b0f2a007e29495c85234891f38970d73dcf4b1174d83fd1de4,,
[04] Diagrams\[50.aa] Digital Service - Security\Diagrams\00.Images\Security View - Availability - Multiple Concurrent Sessions.drawio.png,TARGET\[60] Delivery\[40] Core Service\[30] Identity Access and Sessions\_media\Security View - Availability - Multiple Concurrent Sessions.drawio.png,MEDIA,SPLIT,MEDIUM,191,8cdd361043f831d5287a7a23aef384f319b24aaef89eb4df856d2128b628abf8,,
[04] Diagrams\[50.aa] Digital Service - Security\Diagrams\00.Images\Security View - Availability - P2P.drawio.png,TARGET\[00] Management\[90] Review\[10] Classification Required\[24] 00.Images\_media\Security View - Availability - P2P.drawio.png,MEDIA,REVIEW,LOW,172,7b8c690a5193450fe8e24e5475cfb4be04792a856c7f4a7658b80e3a6541f446,,
[04] Diagrams\[50.aa] Digital Service - Security\Diagrams\00.Images\Security View - Categorisation - Aspects v CIA-P Matrix.drawio.png,TARGET\[00] Management\[90] Review\[10] Classification Required\[24] 00.Images\_media\Security View - Categorisation - Aspects v CIA-P Matrix.drawio.png,MEDIA,REVIEW,LOW,193,fb288adfd4644394d83081ae5aaaca0a0a800b517697f29095679415711a2b68,,
[04] Diagrams\[50.aa] Digital Service - Security\Diagrams\00.Images\Security View - Categorisation - CIA-P.drawio.png,TARGET\[00] Management\[90] Review\[10] Classification Required\[24] 00.Images\_media\Security View - Categorisation - CIA-P.drawio.png,MEDIA,REVIEW,LOW,176,2e93f60e1b6ed31eb9d28c8b7ca23bef053df7ae2ff0cd952943be266e3c5a12,,
[04] Diagrams\[50.aa] Digital Service - Security\Diagrams\00.Images\Security View - Categorisation - Cyber Security - Aspects.drawio.png,TARGET\[00] Management\[90] Review\[10] Classification Required\[24] 00.Images\_media\Security View - Categorisation - Cyber Security - Aspects.drawio.png,MEDIA,REVIEW,LOW,195,60f0b06a89a5eacccb6daffacbd6c1a6584b032652f0159b70950a167818ad7f,,
[04] Diagrams\[50.aa] Digital Service - Security\Diagrams\00.Images\Security View - Confidentiality - At Rest - Encrypted Database.drawio.png,TARGET\[00] Management\[90] Review\[10] Classification Required\[24] 00.Images\_media\Security View - Confidentiality - At Rest - Encrypted Database.drawio.png,MEDIA,REVIEW,LOW,200,214ee36cdf9d7d12f55149f9f55c35542dab9ad95c1e71f4c1ae50325307e146,,
[04] Diagrams\[50.aa] Digital Service - Security\Diagrams\00.Images\Security View - Confidentiality - At Rest - Encrypted HardDrive.drawio.png,TARGET\[00] Management\[90] Review\[10] Classification Required\[24] 00.Images\_media\Security View - Confidentiality - At Rest - Encrypted HardDrive.drawio.png,MEDIA,REVIEW,LOW,201,b2c6e633b07aac5d9953b3aa8255b438ef2680c7087acc1661be272795a7883a,,
[04] Diagrams\[50.aa] Digital Service - Security\Diagrams\00.Images\Security View - Confidentiality - Data - Types.requiring protection.drawio.png,TARGET\[00] Management\[90] Review\[10] Classification Required\[24] 00.Images\_media\Security View - Confidentiality - Data - Types.requiring protection.drawio.png,MEDIA,REVIEW,LOW,205,6df2465cdd2b98bb79c7ee04853151181fbe01d4b2ffc23c85b42e75c7c90182,,
[04] Diagrams\[50.aa] Digital Service - Security\Diagrams\00.Images\Security View - Confidentiality - In Transit - Encrypted Channel (Secure) Cookies.drawio.png,TARGET\[00] Management\[90] Review\[10] Classification Required\[24] 00.Images\_media\Security View - Confidentiality - In Transit - Encrypted Channel (Secure) Cookies.drawio.png,MEDIA,REVIEW,LOW,219,61e257b38b754d184a02f58520ab3255523d2001f7c234ceb915c9d1123658de,,
[04] Diagrams\[50.aa] Digital Service - Security\Diagrams\00.Images\Security View - Confidentiality - In Transit - Encrypted Channels.drawio.png,TARGET\[00] Management\[90] Review\[10] Classification Required\[24] 00.Images\_media\Security View - Confidentiality - In Transit - Encrypted Channels.drawio.png,MEDIA,REVIEW,LOW,203,48693b3e223ef5c4d6ed96048d1d374295c5b4fa6936bd23dab3d99395fb505f,,
[04] Diagrams\[50.aa] Digital Service - Security\Diagrams\00.Images\Security View - Confidentiality - In Transit - Unencrypted Channel - Emails.drawio.png,TARGET\[00] Management\[90] Review\[10] Classification Required\[24] 00.Images\_media\Security View - Confidentiality - In Transit - Unencrypted Channel - Emails.drawio.png,MEDIA,REVIEW,LOW,213,c8e050fb23ad3004e92b6f00c478b27993829d70d6e91f16a444110b2b1be1cf,,
[04] Diagrams\[50.aa] Digital Service - Security\Diagrams\00.Images\Security View - Integrity - Accountability - Auditing versus Diagnostics Logging.drawio.png,TARGET\[00] Management\[90] Review\[10] Classification Required\[24] 00.Images\_media\Security View - Integrity - Accountability - Auditing versus Diagnostics Logging.drawio.png,MEDIA,REVIEW,LOW,218,52d226b64b2569748055649d7e48ec392824481dfa85cd20f203fccab115cb7c,,
[04] Diagrams\[50.aa] Digital Service - Security\Diagrams\00.Images\Security View - Integrity - Accountability - Multiple Session Operation Accountability.drawio.png,TARGET\[80] Operations\[10] Service\[10] Operation and Support\_media\Security View - Integrity - Accountability - Multiple Session Operation Accountability.drawio.png,MEDIA,SPLIT,MEDIUM,208,5cd321e53160bc361a5351ce6ff58be7088dc526828dbc090255450a18e22158,,
[04] Diagrams\[50.aa] Digital Service - Security\Diagrams\00.Images\Security View - Integrity - Control - Operations - Default Resource Operations.drawio.png,TARGET\[80] Operations\[10] Service\[10] Operation and Support\_media\Security View - Integrity - Control - Operations - Default Resource Operations.drawio.png,MEDIA,SPLIT,MEDIUM,200,863a343414d6f7ffe736cfaded8c5898fc81b7c3829beed455900aa390a4e8d4,,
[04] Diagrams\[50.aa] Digital Service - Security\Diagrams\00.Images\Security View - Integrity - Control - Permission Groups.drawio.png,TARGET\[00] Management\[90] Review\[10] Classification Required\[24] 00.Images\_media\Security View - Integrity - Control - Permission Groups.drawio.png,MEDIA,REVIEW,LOW,193,f0a379baa8fb96e2e4ff171c27ed7fcbc633b94246362cef3a97d9218889299f,,
[04] Diagrams\[50.aa] Digital Service - Security\Diagrams\00.Images\Security View - Integrity - Control - Roles - Default for Tenancies.drawio.png,TARGET\[00] Management\[90] Review\[10] Classification Required\[24] 00.Images\_media\Security View - Integrity - Control - Roles - Default for Tenancies.drawio.png,MEDIA,REVIEW,LOW,205,72a7ad3002b8a11abecd0327eb9f960be67dd37da8f70fa3468dd1ef7d412b25,,
[04] Diagrams\[50.aa] Digital Service - Security\Diagrams\00.Images\Security View - Privacy - Tracking - Cookie Categories.drawio.png,TARGET\[00] Management\[90] Review\[10] Classification Required\[24] 00.Images\_media\Security View - Privacy - Tracking - Cookie Categories.drawio.png,MEDIA,REVIEW,LOW,192,fc91d0ae8c774cf84fa8db909fb7decb6509599dc7b244f224c70a5657713627,,
[04] Diagrams\[50.aa] Digital Service - Security\Diagrams\00.Images\_placeholder.txt,TARGET\[00] Management\[90] Review\[10] Classification Required\[24] 00.Images\[10 - SUPERSEDED] placeholder.txt,DOCUMENT,REVIEW,LOW,153,e3b0c44298fc1c149afbf4c8996fb92427ae41e4649b934ca495991b7852b855,,
[04] Diagrams\[50.ca] Digital Service - Privacy\01.Diagrams\00.Images\Privacy View - Databases - Encrypted Columns (PII).drawio.png,TARGET\[50] Design\[50] Assurance\[30] Privacy Design\_media\Privacy View - Databases - Encrypted Columns (PII).drawio.png,MEDIA,MERGE,HIGH,163,e9c5086a02e19baae259d7ac2b89d4841f2b26d472268133821bf7173d3f9162,,
[04] Diagrams\[50.ca] Digital Service - Privacy\01.Diagrams\00.Images\Privacy View - Databases - Encrypted Columns.drawio.png,TARGET\[50] Design\[50] Assurance\[30] Privacy Design\_media\Privacy View - Databases - Encrypted Columns.drawio.png,MEDIA,MERGE,HIGH,157,1d180987a7d0a227fbc3b416db4eea8ada9339528ff5b6c65fc6c49e2e5f69d1,,
[04] Diagrams\[50.ca] Digital Service - Privacy\01.Diagrams\00.Images\Privacy View - NZ Govt Specific - Privacy Or Security Marking.drawio.png,TARGET\[50] Design\[50] Assurance\[30] Privacy Design\_media\Privacy View - NZ Govt Specific - Privacy Or Security Marking.drawio.png,MEDIA,MERGE,HIGH,174,7cbb7a4bdf7429f9174408525e789901d2b202e4f3efd51c9b4f9a32a0921d88,,
[04] Diagrams\[50.ca] Digital Service - Privacy\01.Diagrams\00.Images\_placeholder.txt,TARGET\[50] Design\[50] Assurance\[30] Privacy Design\[10 - SUPERSEDED] placeholder.txt,DOCUMENT,MERGE,HIGH,128,e3b0c44298fc1c149afbf4c8996fb92427ae41e4649b934ca495991b7852b855,,
[04] Diagrams\[52.aa] Digital Service - Operations\02.Diagrams\00.Images\Metrics.drawio.png,TARGET\[80] Operations\[10] Service\[10] Operation and Support\_media\Metrics.drawio.png,MEDIA,MERGE,HIGH,129,8062e3ca8d0c0fe23e108e734c15db26b0684de1cf37b70c3d71b202837ee918,,
[04] Diagrams\[52.aa] Digital Service - Operations\02.Diagrams\00.Images\Operations View - Triggered Notifications.drawio.png,TARGET\[80] Operations\[10] Service\[10] Operation and Support\_media\Operations View - Triggered Notifications.drawio.png,MEDIA,MERGE,HIGH,163,663cf1eb8df0916822c0bb8909cafbf97255a5d6dfd06cf0a66ef16d744af302,,
[04] Diagrams\[52.aa] Digital Service - Operations\02.Diagrams\00.Images\_placeholder.txt,TARGET\[80] Operations\[10] Service\[10] Operation and Support\[15 - SUPERSEDED] placeholder.txt,DOCUMENT,MERGE,HIGH,137,e3b0c44298fc1c149afbf4c8996fb92427ae41e4649b934ca495991b7852b855,,
[04] Diagrams\[53.aa] Digital Service - Monitoring\02.Diagrams\00.Images\Monitoring View - Categorisation - Operation Counters.drawio.png,TARGET\[80] Operations\[10] Service\[10] Operation and Support\_media\Monitoring View - Categorisation - Operation Counters.drawio.png,MEDIA,SPLIT,MEDIUM,175,eab44205f696bf763a2c01392a9c19094677c2351734d487abe9a15e002ca4d1,,
[04] Diagrams\[53.aa] Digital Service - Monitoring\02.Diagrams\00.Images\_placeholder.txt,TARGET\[00] Management\[90] Review\[10] Classification Required\[25] 00.Images\[10 - SUPERSEDED] placeholder.txt,DOCUMENT,REVIEW,LOW,153,e3b0c44298fc1c149afbf4c8996fb92427ae41e4649b934ca495991b7852b855,,
[04] Diagrams\[54.aa] Digital Service - Maintenance\67.1.Maintenance View - #DR\01.Images\Maintenance DR View - Categorisation - Restoration Aspects.drawio.png,TARGET\[80] Operations\[30] Maintenance\[10] Change and Maintenance\_media\Maintenance DR View - Categorisation - Restoration Aspects.drawio.png,MEDIA,MERGE,HIGH,185,57a875766055297052fb3eeb4f3ce897a57bb55bf4259b94c53e782f75ad0de9,,
[04] Diagrams\[54.aa] Digital Service - Maintenance\67.1.Maintenance View - #DR\01.Images\Maintenance DR View - Categorisation - RPO & RTO.drawio.png,TARGET\[80] Operations\[30] Maintenance\[10] Change and Maintenance\_media\Maintenance DR View - Categorisation - RPO & RTO.drawio.png,MEDIA,MERGE,HIGH,175,88819c590e86be3c402907d354af552a9d617bb450818da4a7b74fd8936f371e,,
[04] Diagrams\[54.aa] Digital Service - Maintenance\67.1.Maintenance View - #DR\01.Images\Maintenance DR View - Implementation - Azure - Long Term Storage.drawio.png,TARGET\[80] Operations\[30] Maintenance\[10] Change and Maintenance\_media\Maintenance DR View - Implementation - Azure - Long Term Storage.drawio.png,MEDIA,MERGE,HIGH,191,4b115fa4d9d4604c93c052bdafb6d11543e729bee71f873b7723cd5ac61de4ca,,
[04] Diagrams\[54.aa] Digital Service - Maintenance\67.1.Maintenance View - #DR\01.Images\Maintenance View - Target SLA Reporting.drawio.png,TARGET\[80] Operations\[30] Maintenance\[10] Change and Maintenance\_media\Maintenance View - Target SLA Reporting.drawio.png,MEDIA,MERGE,HIGH,166,fb17a3e3b93a97db686fb7103e33b0ff7fb367d77a875351571071597392f8a5,,
[04] Diagrams\[54.aa] Digital Service - Maintenance\67.1.Maintenance View - #DR\01.Images\_placeholder.txt,TARGET\[80] Operations\[30] Maintenance\[10] Change and Maintenance\[30 - SUPERSEDED] placeholder.txt,DOCUMENT,MERGE,HIGH,142,e3b0c44298fc1c149afbf4c8996fb92427ae41e4649b934ca495991b7852b855,,
[04] Diagrams\[55.ab] Digital Service - Disestablishment\readme.md,TARGET\[00] Management\[10] Repository\[10] Indexes and Navigation\[40] readme.md,DOCUMENT,MERGE,HIGH,122,e3b0c44298fc1c149afbf4c8996fb92427ae41e4649b934ca495991b7852b855,,
[04] Diagrams\[55.ab] Digital Service - Disestablishment\00.Images\_placeholder.txt,TARGET\[00] Management\[90] Review\[10] Classification Required\[25 - SUPERSEDED] placeholder.txt,DOCUMENT,MERGE,HIGH,138,e3b0c44298fc1c149afbf4c8996fb92427ae41e4649b934ca495991b7852b855,,
[04] Diagrams\[72.aa] Digital Service  - QA\0.QA View - Overview\00.Images\Quality Assurance (QA) View - Classification - Testing Approaches.drawio.png,TARGET\[00] Management\[90] Review\[10] Classification Required\[26] 00.Images\_media\Quality Assurance (QA) View - Classification - Testing Approaches.drawio.png,MEDIA,REVIEW,LOW,203,45eca604c3657ff325c8964e06c4a6e27bf300800351ed07c5dfb9f9ff2459de,,
[04] Diagrams\[72.aa] Digital Service  - QA\0.QA View - Overview\00.Images\Quality Assurance (QA) View - Classification - Testing Groups.drawio.png,TARGET\[00] Management\[90] Review\[10] Classification Required\[26] 00.Images\_media\Quality Assurance (QA) View - Classification - Testing Groups.drawio.png,MEDIA,REVIEW,LOW,199,9d867ee0aee984fa2bf31bbe5df19064d7af98e767bf1c8df4632076177fb1cd,,
[04] Diagrams\[72.aa] Digital Service  - QA\0.QA View - Overview\00.Images\Quality Assurance (QA) View - Classification - Testing Scope.drawio.png,TARGET\[00] Management\[90] Review\[10] Classification Required\[26] 00.Images\_media\Quality Assurance (QA) View - Classification - Testing Scope.drawio.png,MEDIA,REVIEW,LOW,198,9e57a48eca55863c8d4bc1dbb781fa8e0e5d69360d7e38efd4203904a0a69019,,
[04] Diagrams\[72.aa] Digital Service  - QA\0.QA View - Overview\00.Images\Quality Assurance (QA) View - Classification - Testing Types .drawio.png,TARGET\[00] Management\[90] Review\[10] Classification Required\[26] 00.Images\_media\Quality Assurance (QA) View - Classification - Testing Types .drawio.png,MEDIA,REVIEW,LOW,199,e26cd10623b058e6d1684385c91c4a9c725352dc9a465302583c18d91548acf4,,
[04] Diagrams\[72.aa] Digital Service  - QA\0.QA View - Overview\00.Images\Quality Assurance (QA) View - Decisions - Matrix.drawio.png,TARGET\[00] Management\[90] Review\[10] Classification Required\[26] 00.Images\_media\Quality Assurance (QA) View - Decisions - Matrix.drawio.png,MEDIA,REVIEW,LOW,186,94eb7599103799c1ab33ec74bf8d97667e7d312c6fda558637d05fbb38b27dcb,,
[04] Diagrams\[72.aa] Digital Service  - QA\0.QA View - Overview\00.Images\Quality Assurance (QA) View - Testing - By Automation - Branch Validations that can be Automated.drawio.png,TARGET\[00] Management\[90] Review\[10] Classification Required\[26] 00.Images\_media\Quality Assurance (QA) View - Testing - By Automation - Branch Validations that~b4c77ce2.png,MEDIA,REVIEW,LOW,219,cdbfd4a808f9c4c4f35aaa99530dccab9f9a6348aa128284d63512b17ae035fb,,
[04] Diagrams\[72.aa] Digital Service  - QA\0.QA View - Overview\00.Images\Quality Assurance (QA) View - Testing - By Automation - Security - Checklist.drawio.png,TARGET\[60] Delivery\[70] Verification\[40] Security Testing\_media\Quality Assurance (QA) View - Testing - By Automation - Security - Checklist.drawio.png,MEDIA,SPLIT,MEDIUM,196,3893f10bd1163121a5a317f77b534839bd099b671226238648d006275bad6485,,
[04] Diagrams\[72.aa] Digital Service  - QA\0.QA View - Overview\00.Images\Quality Assurance (QA) View - Testing - By Automation - UI - Tools.drawio.png,TARGET\[00] Management\[90] Review\[10] Classification Required\[26] 00.Images\_media\Quality Assurance (QA) View - Testing - By Automation - UI - Tools.drawio.png,MEDIA,REVIEW,LOW,204,201d8b239f2284ab2fce3f5f6606e96903512ef0ff06131eb775d8c65206a828,,
[04] Diagrams\[72.aa] Digital Service  - QA\0.QA View - Overview\00.Images\Quality Assurance (QA) View - Testing - Process.drawio.png,TARGET\[00] Management\[90] Review\[10] Classification Required\[26] 00.Images\_media\Quality Assurance (QA) View - Testing - Process.drawio.png,MEDIA,REVIEW,LOW,185,5b20ed6b4ec95d369a4db411edfe3ac14d8e0890494db58d053630688deca0f6,,
[04] Diagrams\[80.aa] Digital Service - Accreditation\00.Images\01.Accreditation View - Deliverables - Reports.drawio.png,TARGET\[00] Management\[90] Review\[10] Classification Required\_media\Accreditation View - Deliverables - Reports.drawio.png,MEDIA,MERGE,HIGH,166,666aaeec8ce6f3eae8612ecc5b44e1ca78363499f2edc51454c454fc570242b9,,
[04] Diagrams\[80.aa] Digital Service - Accreditation\00.Images\81.0.104.Accreditation View - Processes - Complete Flow (A3).drawio.png,TARGET\[00] Management\[90] Review\[10] Classification Required\_media\Accreditation View - Processes - Complete Flow (A3).drawio.png,MEDIA,MERGE,HIGH,174,9e5fd5dea0512abbc3a717552fd6e81eb2beabc230a017c2cf42b505c121c977,,
[04] Diagrams\[80.aa] Digital Service - Accreditation\00.Images\92.Accreditation View - Accreditation Process.drawio.png,TARGET\[00] Management\[90] Review\[10] Classification Required\_media\Accreditation View - Accreditation Process.drawio.png,MEDIA,MERGE,HIGH,165,1aad0ee280159618fed9975db0f20b8594563e72b05eca9dd5c3f98d30131d83,,
[04] Diagrams\[80.aa] Digital Service - Accreditation\00.Images\Accreditation View - Deliverables - Reports.drawio.png,TARGET\[00] Management\[90] Review\[10] Classification Required\_media\Accreditation View - Deliverables - Reports.drawio - 5314a958.png,MEDIA,MERGE,HIGH,177,480f274451384da5e0e6bfb5a25ce9027d0a474199f7869c1317fe55b335161d,,
[04] Diagrams\[80.aa] Digital Service - Accreditation\00.Images\_placeholder.txt,TARGET\[00] Management\[90] Review\[10] Classification Required\[30 - SUPERSEDED] placeholder.txt,DOCUMENT,MERGE,HIGH,138,e3b0c44298fc1c149afbf4c8996fb92427ae41e4649b934ca495991b7852b855,,
[04] Diagrams\[81.aa] Digital Service - Change Management\readme.md,TARGET\[00] Management\[10] Repository\[10] Indexes and Navigation\[60] readme.md,DOCUMENT,MERGE,HIGH,122,e3b0c44298fc1c149afbf4c8996fb92427ae41e4649b934ca495991b7852b855,,
[04] Diagrams\[81.aa] Digital Service - Change Management\01.Diagrams\Change Management.drawio,TARGET\[00] Management\[90] Review\[10] Classification Required\_media\Change Management - f59cb732.drawio,MEDIA,MERGE,HIGH,147,69aa74f050e80cfeaeee3bf9cc45152c237090bb763ea510260a48b8a1cbeffa,,
[04] Diagrams\[81.aa] Digital Service - Change Management\01.Diagrams\00.Images\_placeholder.txt,TARGET\[00] Management\[90] Review\[10] Classification Required\[40 - SUPERSEDED] placeholder.txt,DOCUMENT,MERGE,HIGH,138,e3b0c44298fc1c149afbf4c8996fb92427ae41e4649b934ca495991b7852b855,,
[04] Diagrams\[81.aa] Digital Service - Change Management - ATO\readme.md,TARGET\[00] Management\[10] Repository\[10] Indexes and Navigation\[50] readme.md,DOCUMENT,MERGE,HIGH,122,e3b0c44298fc1c149afbf4c8996fb92427ae41e4649b934ca495991b7852b855,,
[04] Diagrams\[81.aa] Digital Service - Change Management - ATO\01.Diagrams\Change Management.drawio,TARGET\[00] Management\[90] Review\[10] Classification Required\_media\Change Management.drawio,MEDIA,MERGE,HIGH,136,69aa74f050e80cfeaeee3bf9cc45152c237090bb763ea510260a48b8a1cbeffa,,
[04] Diagrams\[81.aa] Digital Service - Change Management - ATO\01.Diagrams\00.Images\_placeholder.txt,TARGET\[00] Management\[90] Review\[10] Classification Required\[35 - SUPERSEDED] placeholder.txt,DOCUMENT,MERGE,HIGH,138,e3b0c44298fc1c149afbf4c8996fb92427ae41e4649b934ca495991b7852b855,,
[04] Diagrams\[82.aa] Delivery\readme.md,TARGET\[00] Management\[10] Repository\[10] Indexes and Navigation\[80] readme.md,DOCUMENT,MERGE,HIGH,122,e3b0c44298fc1c149afbf4c8996fb92427ae41e4649b934ca495991b7852b855,,
[04] Diagrams\[82.aa] Delivery\00.Guidance\README.md,TARGET\[00] Management\[10] Repository\[10] Indexes and Navigation\[70] README.md,DOCUMENT,MERGE,HIGH,122,70135565a1670fea55852da440bf28c409d95d9c6d5e44f5096af7a0df59f789,,
[04] Diagrams\[82.aa] Delivery\Diagrams\_placeholder.txt,TARGET\[00] Management\[90] Review\[10] Classification Required\[45 - SUPERSEDED] placeholder.txt,DOCUMENT,MERGE,HIGH,138,e3b0c44298fc1c149afbf4c8996fb92427ae41e4649b934ca495991b7852b855,,
[04] Diagrams\[82.aa] Delivery\Diagrams\00.Images\00.Delivery View (Risks) - Lifespan.drawio.png,TARGET\[00] Management\[90] Review\[10] Classification Required\[27] 00.Images\_media\Delivery View (Risks) - Lifespan.drawio.png,MEDIA,REVIEW,LOW,170,5b9119decc63779c40bde23d738594347238d63d00e580688972c2a974491f79,,
[04] Diagrams\[82.aa] Delivery\Diagrams\00.Images\11.Delivery View (Deliverables) - System Types & delivery Thereof Matrix.drawio.png,TARGET\[00] Management\[90] Review\[10] Classification Required\[27] 00.Images\_media\Delivery View (Deliverables) - System Types & delivery Thereof Matrix.drawio.png,MEDIA,REVIEW,LOW,207,dc65aa8244c8290a6e2ef762375dc19c2995ec42531e5bc12b291ac3e6af357f,,
[04] Diagrams\[82.aa] Delivery\Diagrams\00.Images\11.Delivery View (Risks) - Scope - MVP (Expected).drawio.png,TARGET\[00] Management\[90] Review\[10] Classification Required\[27] 00.Images\_media\Delivery View (Risks) - Scope - MVP (Expected).drawio.png,MEDIA,REVIEW,LOW,184,420e68ff1a9b57ab9993a699ad7a7ecbd06b87309413dba58f1d237d781da9d7,,
[04] Diagrams\[82.aa] Delivery\Diagrams\00.Images\12.Delivery View (Deliverables) - Scheduling - Dependencies.drawio.png,TARGET\[00] Management\[90] Review\[10] Classification Required\[27] 00.Images\_media\Delivery View (Deliverables) - Scheduling - Dependencies.drawio.png,MEDIA,REVIEW,LOW,194,5bef4428fce19ea6fecbe6dfb0249296abbd6cd7b3757d77d33b8815abd8f551,,
[04] Diagrams\[82.aa] Delivery\Diagrams\00.Images\12.Delivery View (Risks) - Scope - MVP (Actual)-MVP - Lack of Undestanding Scope - Solution.drawio.png,TARGET\[00] Management\[90] Review\[10] Classification Required\[27] 00.Images\_media\Delivery View (Risks) - Scope - MVP (Actual)-MVP - Lack of Undestanding Scope~c8f007db.png,MEDIA,REVIEW,LOW,217,b38ba55e40be73ac25097c4218d16f5e919909e89a163a11c6c5b4b8cbec12cc,,
[04] Diagrams\[82.aa] Delivery\Diagrams\00.Images\13.Delivery View (Deliverables) - Scheduling - Technical View (Deliverables).drawio.png,TARGET\[00] Management\[90] Review\[10] Classification Required\[27] 00.Images\_media\Delivery View (Deliverables) - Scheduling - Technical View (Deliverables).drawio.png,MEDIA,REVIEW,LOW,211,0b2120c4074a56bb539d4b34a91c6e9a87350874b7fb7be2809c5cd91d592bdb,,
[04] Diagrams\[82.aa] Delivery\Diagrams\00.Images\14.Delivery View (Deliverables) - Categories.drawio.png,TARGET\[00] Management\[90] Review\[10] Classification Required\[27] 00.Images\_media\Delivery View (Deliverables) - Categories.drawio.png,MEDIA,REVIEW,LOW,179,f964206ec348bdf52022b6a1eb1e36549e0eb93c0789b46bb6c7c7a17fb330da,,
[04] Diagrams\[82.aa] Delivery\Diagrams\00.Images\21.Delivery View (Deliverables) - Governance View (Deliverables) (Aspects).drawio.png,TARGET\[00] Management\[90] Review\[10] Classification Required\[27] 00.Images\_media\Delivery View (Deliverables) - Governance View (Deliverables) (Aspects).drawio.png,MEDIA,REVIEW,LOW,209,59c0417e1ec758171bdccc488994021349dcedb73d6b874d822a74b8a767d965,,
[04] Diagrams\[82.aa] Delivery\Diagrams\00.Images\21.Delivery View (Risks) - Failure Stats.drawio.png,TARGET\[00] Management\[90] Review\[10] Classification Required\[27] 00.Images\_media\Delivery View (Risks) - Failure Stats.drawio.png,MEDIA,REVIEW,LOW,175,d0811d460ec39a781eb419b5f0c8bc588fd2d56ef573169905d299bf8e620089,,
[04] Diagrams\[82.aa] Delivery\Diagrams\00.Images\22.Delivery View (Deliverables) - Governance - Reporting (Direction).drawio.png,TARGET\[00] Management\[90] Review\[10] Classification Required\[27] 00.Images\_media\Delivery View (Deliverables) - Governance - Reporting (Direction).drawio.png,MEDIA,REVIEW,LOW,203,0063baf0e7d28b0310b609ac21ca0c12b7ddbb619bd8129b59f0839ab37ba5bc,,
[04] Diagrams\[82.aa] Delivery\Diagrams\00.Images\23.Delivery View (Deliverables) - Governance - Progress.drawio.png,TARGET\[00] Management\[90] Review\[10] Classification Required\[27] 00.Images\_media\Delivery View (Deliverables) - Governance - Progress.drawio.png,MEDIA,REVIEW,LOW,190,c65e7b04e225389be15d5e7ea5d6f4913321c9abe25bf5f5e82436c76356208d,,
[04] Diagrams\[82.aa] Delivery\Diagrams\00.Images\23.Delivery View (Risks) - Failure - Causes (Common).drawio.png,TARGET\[00] Management\[90] Review\[10] Classification Required\[27] 00.Images\_media\Delivery View (Risks) - Failure - Causes (Common).drawio.png,MEDIA,REVIEW,LOW,187,705ae9b7bc89cca664589d4dbc28cbe060f7d80f877a269419a9bc2dc5772d7d,,
[04] Diagrams\[82.aa] Delivery\Diagrams\00.Images\24.Delivery View (Deliverables) - Governance - Operational Status-Governance Reporting Aspects.drawio.png,TARGET\[00] Management\[90] Review\[10] Classification Required\[27] 00.Images\_media\Delivery View (Deliverables) - Governance - Operational Status-Governance Repor~1e9a097b.png,MEDIA,REVIEW,LOW,219,31ff12c02d0ae2f6d7b99a290c7e3b4ff60787c0c2da9bb09de0aa0b465d5865,,
[04] Diagrams\[82.aa] Delivery\Diagrams\00.Images\24.Delivery View (Risks) - Failure - Key Success Improvers.drawio.png,TARGET\[00] Management\[90] Review\[10] Classification Required\[27] 00.Images\_media\Delivery View (Risks) - Failure - Key Success Improvers.drawio.png,MEDIA,REVIEW,LOW,193,ec7342dff3daa98fd0c90171fcc35a39a8b457352ccabe1ddcfd9e7535787e20,,
[04] Diagrams\[82.aa] Delivery\Diagrams\00.Images\26.Delivery View (Risks) - Failure - Quotes.drawio.png,TARGET\[00] Management\[90] Review\[10] Classification Required\[27] 00.Images\_media\Delivery View (Risks) - Failure - Quotes.drawio.png,MEDIA,REVIEW,LOW,178,c6b56e6e68e94a0f1085ba2407c976e03daa7ec336dd4f5d55a101bdbf4f0ea1,,
[04] Diagrams\[82.aa] Delivery\Diagrams\00.Images\31.Delivery View (Risks) - Uncertainty - Reducing the Cone of Uncertainty.drawio.png,TARGET\[00] Management\[90] Review\[10] Classification Required\[27] 00.Images\_media\Delivery View (Risks) - Uncertainty - Reducing the Cone of Uncertainty.drawio.png,MEDIA,REVIEW,LOW,208,d8667acd1acfbde984d17c346ce91998043bab0917cefd9560c6d14985c6e8a6,,
[04] Diagrams\[82.aa] Delivery\Diagrams\00.Images\32.Delivery View (Deliverables) - Dependencies - ALM.drawio.png,TARGET\[00] Management\[90] Review\[10] Classification Required\[27] 00.Images\_media\Delivery View (Deliverables) - Dependencies - ALM.drawio.png,MEDIA,REVIEW,LOW,187,2a9bbb29798afade532a5cfd27fa4f33fb6db3d7a44cd14c01cf28cd6310675e,,
[04] Diagrams\[82.aa] Delivery\Diagrams\00.Images\41.Delivery View (Deliverables) - Code - System.drawio.png,TARGET\[00] Management\[90] Review\[10] Classification Required\[27] 00.Images\_media\Delivery View (Deliverables) - Code - System.drawio.png,MEDIA,REVIEW,LOW,182,c047e9ab33eb765920792f98ab9e793a255f192b84db2821c945aa839e23d559,,
[04] Diagrams\[82.aa] Delivery\Diagrams\00.Images\41.Delivery View (Risks) - Risk Categories.drawio.png,TARGET\[00] Management\[90] Review\[10] Classification Required\[27] 00.Images\_media\Delivery View (Risks) - Risk Categories.drawio.png,MEDIA,REVIEW,LOW,177,fa5ecb871e7595c108d8e3a2d1aa0ec34a9ef6a47c41a3f7d079b722fa5f42c8,,
[04] Diagrams\[82.aa] Delivery\Diagrams\00.Images\42.Delivery View (Deliverables) - Code - Pipeline.drawio.png,TARGET\[00] Management\[90] Review\[10] Classification Required\[27] 00.Images\_media\Delivery View (Deliverables) - Code - Pipeline.drawio.png,MEDIA,REVIEW,LOW,184,184ac0c3d83fe3ba156279440c174f710afbe4d21c517a9d588bb0f733c4018d,,
[04] Diagrams\[82.aa] Delivery\Diagrams\00.Images\43.Delivery View (Deliverables) - Code to Artefact Relationship.drawio.png,TARGET\[00] Management\[90] Review\[10] Classification Required\[27] 00.Images\_media\Delivery View (Deliverables) - Code to Artefact Relationship.drawio.png,MEDIA,REVIEW,LOW,198,59e6ccdb21637b656f8f059c8d7090dc0fba40d0021812718ff13fef4d393d59,,
[04] Diagrams\[82.aa] Delivery\Diagrams\00.Images\51.Delivery View (Deliverables) - Environments.drawio.png,TARGET\[00] Management\[90] Review\[10] Classification Required\[27] 00.Images\_media\Delivery View (Deliverables) - Environments.drawio.png,MEDIA,REVIEW,LOW,181,4c04f766941b5b45c70b583fe86e500fc712f8ea66d99e3d11da4b7aa4d30e14,,
[04] Diagrams\[82.aa] Delivery\Diagrams\00.Images\51.Delivery View (Risks) - Indicative Epics.drawio.png,TARGET\[00] Management\[90] Review\[10] Classification Required\[27] 00.Images\_media\Delivery View (Risks) - Indicative Epics.drawio.png,MEDIA,REVIEW,LOW,178,75388dda649c2f3b90cf7cfa70e7c75665b23d9a9b4707a52ea0d61f88f7a96c,,
[04] Diagrams\[82.aa] Delivery\Diagrams\00.Images\52.Delivery View (Deliverables) - Environments - Configuration Dependencies.drawio.png,TARGET\[60] Delivery\[40] Core Service\[20] Configuration Storage and Caching\_media\Delivery View (Deliverables) - Environments - Configuration Dependencies.drawio.png,MEDIA,SPLIT,MEDIUM,209,ab0ecc6b9d9c6141bbbef248b49874ac465dfa494d64c8178828e14eb367e0f4,,
[04] Diagrams\[82.aa] Delivery\Diagrams\00.Images\60.Delivery View (Risks) - Unnamed (Tips )-Page-67.drawio.png,TARGET\[00] Management\[90] Review\[10] Classification Required\[27] 00.Images\_media\Delivery View (Risks) - Unnamed (Tips )-Page-67.drawio.png,MEDIA,REVIEW,LOW,185,90344deb33cb2fce5f99c2b40f0f02e33fc54d58243b63f194b61aab3a0acf0a,,
[04] Diagrams\[82.aa] Delivery\Diagrams\00.Images\61.Delivery View (Deliverables) - Integration - Enterprise.drawio.png,TARGET\[00] Management\[90] Review\[10] Classification Required\[27] 00.Images\_media\Delivery View (Deliverables) - Integration - Enterprise.drawio.png,MEDIA,REVIEW,LOW,193,0d657059791b3eb3b8e1d9cd1b4b052e0454f34b4792eeb0af32f23bcf327d76,,
[04] Diagrams\[82.aa] Delivery\Diagrams\00.Images\61.Delivery View (Risks) - Defects - Exponential Impact the later they are addressed-Page-67.drawio.png,TARGET\[00] Management\[90] Review\[10] Classification Required\[27] 00.Images\_media\Delivery View (Risks) - Defects - Exponential Impact the later they are address~b455a377.png,MEDIA,REVIEW,LOW,219,4d8c87c54f74e7074d4b42b9b5bfc9d6856078d3e9369fbf44640f10c62bd872,,
[04] Diagrams\[82.aa] Delivery\Diagrams\00.Images\62.Delivery View (Deliverables) - Integration - 3rd Party Services-Environment - Corporate Sites integration.drawio.png,TARGET\[00] Management\[90] Review\[10] Classification Required\[27] 00.Images\_media\Delivery View (Deliverables) - Integration - 3rd Party Services-Environment - C~f3e392ba.png,MEDIA,REVIEW,LOW,219,49ae5a3a0f0eeb8c656070eb08257280d4b622189e3f8570055c2df3b7cc8ed7,,
[04] Diagrams\[82.aa] Delivery\Diagrams\00.Images\63.Delivery View (Deliverables) - Corp & Partner Sites.drawio.png,TARGET\[00] Management\[90] Review\[10] Classification Required\[27] 00.Images\_media\Delivery View (Deliverables) - Corp & Partner Sites.drawio.png,MEDIA,REVIEW,LOW,189,9e223e6d783b7535f4443eaded5c77e71c4f13f307617e8f5f74208148e8d527,,
[04] Diagrams\[82.aa] Delivery\Diagrams\00.Images\71.Delivery View (Deliverables) - Media Copy - System.drawio.png,TARGET\[00] Management\[90] Review\[10] Classification Required\[27] 00.Images\_media\Delivery View (Deliverables) - Media Copy - System.drawio.png,MEDIA,REVIEW,LOW,188,8b8505f4c401f3b2e4a158db30da9443639ea77ad87f17261c9fd97daa147f99,,
[04] Diagrams\[82.aa] Delivery\Diagrams\00.Images\73.Delivery View (Deliverables) - Declarations.drawio.png,TARGET\[00] Management\[90] Review\[10] Classification Required\[27] 00.Images\_media\Delivery View (Deliverables) - Declarations.drawio.png,MEDIA,REVIEW,LOW,181,e2d889f6b269e47c06235ceeda5f4ca7f446e7afb50f2f16cffbc48a79cfaa03,,
[04] Diagrams\[82.aa] Delivery\Diagrams\00.Images\74.Delivery View (Deliverables) - Media Copy (Overview ).drawio.png,TARGET\[60] Delivery\[30] Data and Content\[30] Content Media and Localisation\_media\Delivery View (Deliverables) - Media Copy (Overview ).drawio.png,MEDIA,SPLIT,MEDIUM,191,600c5cb607c13003338009eb6c3ddbd6056f68680b4ab1cea0ad8d0bdaf38614,,
[04] Diagrams\[82.aa] Delivery\Diagrams\00.Images\81.Delivery View (Deliverables) - Data Migration-Data Migration.drawio.png,TARGET\[60] Delivery\[80] Release and Deployment\[30] Data Migration\_media\Delivery View (Deliverables) - Data Migration-Data Migration.drawio.png,MEDIA,SPLIT,MEDIUM,188,8b87572699a950ae3b935a5a8d62b44f8cf6c2e16e38267b3fe57099d5d0790e,,
[04] Diagrams\[82.aa] Delivery\Diagrams\00.Images\81.Delivery View (Deliverables) - Data Migration.drawio.png,TARGET\[60] Delivery\[80] Release and Deployment\[30] Data Migration\_media\Delivery View (Deliverables) - Data Migration.drawio.png,MEDIA,SPLIT,MEDIUM,173,96bbcee3520960dde6883731481260bc85e65e776a61c762f176e3f7ee5d9712,,
[04] Diagrams\[82.aa] Delivery\Diagrams\00.Images\82.Delivery View (Deliverables) - Testing.drawio.png,TARGET\[60] Delivery\[70] Verification\[10] Component and System Testing\_media\Delivery View (Deliverables) - Testing.drawio.png,MEDIA,SPLIT,MEDIUM,170,3f5836b022c5a31d4e2d24b1f5c2cf45a507452825ce044cf9dc0e92bc7c4b3d,,
[04] Diagrams\[82.aa] Delivery\Diagrams\00.Images\83.Delivery View (Deliverables) - SDK.drawio.png,TARGET\[00] Management\[90] Review\[10] Classification Required\[27] 00.Images\_media\Delivery View (Deliverables) - SDK.drawio.png,MEDIA,REVIEW,LOW,172,179ea999a3116422b4f45c7b3aa53e64372610d60aec561e1e1c761431f35470,,
[04] Diagrams\[82.aa] Delivery\Diagrams\00.Images\84.Delivery View (Deliverables) - Documentation.drawio.png,TARGET\[00] Management\[90] Review\[10] Classification Required\[27] 00.Images\_media\Delivery View (Deliverables) - Documentation.drawio.png,MEDIA,REVIEW,LOW,182,1444ecffdd44dd9cdbf06bcace10e11e6edbfa0460e22c0f0f3e4b5902cee1b4,,
[04] Diagrams\[82.aa] Delivery\Diagrams\00.Images\91.Delivery View (Deliverables) - Assurance.drawio.png,TARGET\[00] Management\[90] Review\[10] Classification Required\[27] 00.Images\_media\Delivery View (Deliverables) - Assurance.drawio.png,MEDIA,REVIEW,LOW,178,2341e7c5fcfaafbf3911a5fd078072e9d3d7adf00b06914d4f26402ab998685b,,
[04] Diagrams\[82.aa] Delivery\Diagrams\00.Images\Org Sites.drawio.png,TARGET\[00] Management\[90] Review\[10] Classification Required\[27] 00.Images\_media\Org Sites.drawio.png,MEDIA,REVIEW,LOW,147,f55d64ed4ab9298d0f0a311fd5a6f8e7fd13f8fb43e3d54bd6108d2ab26e2167,,
[04] Diagrams\[82.aa] Delivery\Diagrams\00.Images\SEO.drawio.png,TARGET\[00] Management\[90] Review\[10] Classification Required\[27] 00.Images\_media\SEO.drawio.png,MEDIA,REVIEW,LOW,141,1a4b30b9392d1dad4ff0acfad61383b00da3eb525fe44e038d561b505cce6d07,,
[04] Diagrams\[82.aa] Delivery\Diagrams\00.Images\Subscriptions.drawio.png,TARGET\[00] Management\[90] Review\[10] Classification Required\[27] 00.Images\_media\Subscriptions.drawio.png,MEDIA,REVIEW,LOW,151,f96de309298a0769139543d5b1725a9f8304400ce75271649f130506f0becd67,,
[04] Diagrams\[82.aa] Delivery\Diagrams\00.Images\_placeholder.txt,TARGET\[00] Management\[90] Review\[10] Classification Required\[27] 00.Images\[10 - SUPERSEDED] placeholder.txt,DOCUMENT,REVIEW,LOW,153,e3b0c44298fc1c149afbf4c8996fb92427ae41e4649b934ca495991b7852b855,,
[04] Diagrams\[82.aa] Delivery\Diagrams\01.Document\02.Delivery View (Deliverables) - Intended Audience.drawio,TARGET\[00] Management\[90] Review\[10] Classification Required\[28] 01.Document\_media\Delivery View (Deliverables) - Intended Audience.drawio,MEDIA,REVIEW,LOW,184,86fc28e06ab18cab09e88f7de05a1b63a407830d1c241b8e162d5c63c57d5345,,
[04] Diagrams\[82.aa] Delivery\Diagrams\01.Document\02.Delivery View (Dependencies) - Intended Audience.drawio,TARGET\[00] Management\[90] Review\[10] Classification Required\[28] 01.Document\_media\Delivery View (Dependencies) - Intended Audience.drawio,MEDIA,REVIEW,LOW,184,453b911ab16371baf3a67ce040a2603059ba64908e5cd67656f2c3c0b232508f,,
[04] Diagrams\[82.aa] Delivery\Diagrams\01.Document\02.Delivery View (Management) - Intended Audience.drawio,TARGET\[00] Management\[90] Review\[10] Classification Required\[28] 01.Document\_media\Delivery View (Management) - Intended Audience.drawio,MEDIA,REVIEW,LOW,182,1cbbe326cb8d03b7cf8dee32a6f12519f66a01efe94d7ffc0f68f9909ce41191,,
[04] Diagrams\[82.aa] Delivery\Diagrams\01.Document\02.Delivery View (Methodologies) - Intended Audience.drawio,TARGET\[00] Management\[90] Review\[10] Classification Required\[28] 01.Document\_media\Delivery View (Methodologies) - Intended Audience.drawio,MEDIA,REVIEW,LOW,185,5e19e7b30ff827f9b263f6018ede55ea9ffb1df22f23cf8137fedb37228e492f,,
[04] Diagrams\[82.aa] Delivery\Diagrams\01.Document\02.Delivery View (Organisation) - Intended Audience.drawio,TARGET\[00] Management\[90] Review\[10] Classification Required\[28] 01.Document\_media\Delivery View (Organisation) - Intended Audience.drawio,MEDIA,REVIEW,LOW,184,2ba4077b9d786b39dbf44ab1baddcfe5cc7ce845033aac3952266953a91bcd49,,
[04] Diagrams\[82.aa] Delivery\Diagrams\01.Document\02.Delivery View (Risks) - Intended Audience.drawio,TARGET\[00] Management\[30] Registers\[10] Risks\_media\Delivery View (Risks) - Intended Audience.drawio,MEDIA,SPLIT,MEDIUM,145,8a2d3a754f4f3eb69e072198a25b12d7ba329dd095b99ea239ff65820be03548,,
[04] Diagrams\[82.aa] Delivery\Diagrams\01.Document\02.Delivery View - Intended Audience.drawio,TARGET\[00] Management\[90] Review\[10] Classification Required\[28] 01.Document\_media\Delivery View - Intended Audience.drawio,MEDIA,REVIEW,LOW,169,50c6e993cf645effc42bdf08107a6e8a796701df96ca39fbd0a1cf183a82664e,,
[04] Diagrams\[82.aa] Delivery\Diagrams\01.Document\_placeholder.txt,TARGET\[00] Management\[90] Review\[10] Classification Required\[28] 01.Document\[10 - SUPERSEDED] placeholder.txt,DOCUMENT,REVIEW,LOW,155,e3b0c44298fc1c149afbf4c8996fb92427ae41e4649b934ca495991b7852b855,,
"[04] Diagrams\[82.aa] Delivery\Diagrams\12.Design View  (Risks)\22.Design View (Risks) - Identities, Identifiers, Relationships,.drawio","TARGET\[00] Management\[90] Review\[10] Classification Required\[29] 12.Design View  (Risks)\_media\Design View (Risks) - Identities, Identifiers, Relationships,.drawio",MEDIA,REVIEW,LOW,209,f08a5df0d0b8ca5931ad6aad2ccdc93f856a79afc1f25b31a894f66d84cfdae8,,
"[04] Diagrams\[82.aa] Delivery\Diagrams\12.Design View  (Risks)\32.Design View (Risks) - Permissions,Roles,Groups.drawio","TARGET\[00] Management\[90] Review\[10] Classification Required\[29] 12.Design View  (Risks)\_media\Design View (Risks) - Permissions,Roles,Groups.drawio",MEDIA,REVIEW,LOW,194,2d152053fcd953f3b3f90d5a0476f6d39a157a4aa9354ed0a6d1ea124e849470,,
"[04] Diagrams\[82.aa] Delivery\Diagrams\12.Design View  (Risks)\42.Design View (Risks) - Collections, Resources, Tags.drawio","TARGET\[00] Management\[90] Review\[10] Classification Required\[29] 12.Design View  (Risks)\_media\Design View (Risks) - Collections, Resources, Tags.drawio",MEDIA,REVIEW,LOW,198,4b8a6a40d419e1c181ed70eee365dd4a113f70227c7ba43da98531588513e75a,,
[04] Diagrams\[82.aa] Delivery\Diagrams\12.Design View  (Risks)\52.Design View (Risks) - Resource Collections & Paths.drawio,TARGET\[00] Management\[90] Review\[10] Classification Required\[29] 12.Design View  (Risks)\_media\Design View (Risks) - Resource Collections & Paths.drawio,MEDIA,REVIEW,LOW,198,8d90d1614ee7609cde2c19c5a4513a5433cf8b40d566d527e4847a6c557f3779,,
[04] Diagrams\[82.aa] Delivery\Diagrams\12.Design View  (Risks)\01.Document\02.Design View (Risks) - Intended Audience.drawio,TARGET\[50] Design\[10] Architecture\[10] Architecture Direction\_media\Design View (Risks) - Intended Audience.drawio,MEDIA,MERGE,HIGH,159,8048c819b558333e73b943d444c8cbd5504cb47db4e366df2df054b9a5dd0547,,
[04] Diagrams\[82.aa] Delivery\Diagrams\12.Design View  (Risks)\01.Document\_placeholder.txt,TARGET\[50] Design\[10] Architecture\[10] Architecture Direction\[50 - SUPERSEDED] placeholder.txt,DOCUMENT,MERGE,HIGH,139,e3b0c44298fc1c149afbf4c8996fb92427ae41e4649b934ca495991b7852b855,,
[04] Diagrams\[82.aa] Delivery\Diagrams\12.Design View  (Risks)\02._Resources\01.Legacy\_placeholder.txt,TARGET\[90] Closure\[10] Retirement\[10] Planning and Exit\[10 - SUPERSEDED] placeholder.txt,DOCUMENT,MERGE,HIGH,133,e3b0c44298fc1c149afbf4c8996fb92427ae41e4649b934ca495991b7852b855,,
[04] Diagrams\[82.aa] Delivery\Diagrams\13.Delivery View (Risks)\00.Delivery View (Risks) - Lifespan.drawio,TARGET\[00] Management\[90] Review\[10] Classification Required\[30] 13.Delivery View (Risks)\_media\Delivery View (Risks) - Lifespan.drawio,MEDIA,REVIEW,LOW,181,d8333207aa69c59d074722a5405249c9ac99f69f6fbd1d3831a615ff4e7198cb,,
[04] Diagrams\[82.aa] Delivery\Diagrams\13.Delivery View (Risks)\11.Delivery View (Risks) - Scope - MVP (Expected).drawio,TARGET\[00] Management\[90] Review\[10] Classification Required\[30] 13.Delivery View (Risks)\_media\Delivery View (Risks) - Scope - MVP (Expected).drawio,MEDIA,REVIEW,LOW,195,4141bfd138081c4c0ffc6e2f9ef19c129daa19251ed81e8dd1ce646e0926f5e7,,
[04] Diagrams\[82.aa] Delivery\Diagrams\13.Delivery View (Risks)\12.Delivery View (Risks) - Scope - MVP (Actual).drawio,TARGET\[00] Management\[90] Review\[10] Classification Required\[30] 13.Delivery View (Risks)\_media\Delivery View (Risks) - Scope - MVP (Actual).drawio,MEDIA,REVIEW,LOW,193,f7284312f72ecd53b5a274d97e4867b4a4b56119555894942450c75e5ceb4311,,
[04] Diagrams\[82.aa] Delivery\Diagrams\13.Delivery View (Risks)\21.Delivery View (Risks) - Failure Stats.drawio,TARGET\[00] Management\[90] Review\[10] Classification Required\[30] 13.Delivery View (Risks)\_media\Delivery View (Risks) - Failure Stats.drawio,MEDIA,REVIEW,LOW,186,7cba91647c019e43c998a895173fc1aae90230dd8c84d68ba165cd93f943b61d,,
[04] Diagrams\[82.aa] Delivery\Diagrams\13.Delivery View (Risks)\22.Delivery View (Risks) - Failure Stats.drawio,TARGET\[00] Management\[90] Review\[10] Classification Required\[30] 13.Delivery View (Risks)\_media\Delivery View (Risks) - Failure Stats - 4b2161a0.drawio,MEDIA,REVIEW,LOW,197,7e78ed516eccb0b28f4cfb5516b02b859b0ff4f8b705661a085530ac90ca1886,,
[04] Diagrams\[82.aa] Delivery\Diagrams\13.Delivery View (Risks)\23.Delivery View (Risks) - Failure - Causes (Common).drawio,TARGET\[00] Management\[90] Review\[10] Classification Required\[30] 13.Delivery View (Risks)\_media\Delivery View (Risks) - Failure - Causes (Common).drawio,MEDIA,REVIEW,LOW,198,34c1eb3587a2df1b1802ae571f90ed4ae9480ab800f7ab9a850478cb529a5b0f,,
[04] Diagrams\[82.aa] Delivery\Diagrams\13.Delivery View (Risks)\24.Delivery View (Risks) - Failure - Key Success Improvers.drawio,TARGET\[00] Management\[90] Review\[10] Classification Required\[30] 13.Delivery View (Risks)\_media\Delivery View (Risks) - Failure - Key Success Improvers.drawio,MEDIA,REVIEW,LOW,204,92628725ebfe7ad3dd4005d9362eaec75f34ca01e9020e14037ff17dd8c90c0e,,
[04] Diagrams\[82.aa] Delivery\Diagrams\13.Delivery View (Risks)\26.Delivery View (Risks) - Failure - Quotes.drawio,TARGET\[00] Management\[90] Review\[10] Classification Required\[30] 13.Delivery View (Risks)\_media\Delivery View (Risks) - Failure - Quotes.drawio,MEDIA,REVIEW,LOW,189,577d74b9c3e201d27c73cce27ebf9d04c29f3b729e2524398702f0121da88045,,
[04] Diagrams\[82.aa] Delivery\Diagrams\13.Delivery View (Risks)\31.Delivery View (Risks) - Uncertainty - Reducing the Cone of Uncertainty.drawio,TARGET\[00] Management\[90] Review\[10] Classification Required\[30] 13.Delivery View (Risks)\_media\Delivery View (Risks) - Uncertainty - Reducing the Cone of Uncertainty.drawio,MEDIA,REVIEW,LOW,219,ae752318ab398cf72d6de1d421b946dbc4de9e159a355b1fc738a40ccafaaa88,,
[04] Diagrams\[82.aa] Delivery\Diagrams\13.Delivery View (Risks)\41.Delivery View (Risks) - Risk Categories.drawio,TARGET\[00] Management\[90] Review\[10] Classification Required\[30] 13.Delivery View (Risks)\_media\Delivery View (Risks) - Risk Categories.drawio,MEDIA,REVIEW,LOW,188,b1181d364dbb5148184fa63415040985712fbb272f9d6828584cee3da425ec0f,,
[04] Diagrams\[82.aa] Delivery\Diagrams\13.Delivery View (Risks)\51.Delivery View (Risks) - Indicative Epics.drawio,TARGET\[00] Management\[90] Review\[10] Classification Required\[30] 13.Delivery View (Risks)\_media\Delivery View (Risks) - Indicative Epics.drawio,MEDIA,REVIEW,LOW,189,0d08c7da192c690ac195071b81b43e698902dbfca08872c4895c7cc3188254a1,,
[04] Diagrams\[82.aa] Delivery\Diagrams\13.Delivery View (Risks)\60.Delivery View (Risks) - Unnamed (Tips ).drawio,TARGET\[00] Management\[90] Review\[10] Classification Required\[30] 13.Delivery View (Risks)\_media\Delivery View (Risks) - Unnamed (Tips ).drawio,MEDIA,REVIEW,LOW,188,986b438e42b5ed7d6add34b48ffa30f0675d572f07b1bf55e0acc97afc59e404,,
[04] Diagrams\[82.aa] Delivery\Diagrams\13.Delivery View (Risks)\61.Delivery View (Risks) - Defects - Exponential Impact the later they are addressed.drawio,TARGET\[00] Management\[90] Review\[10] Classification Required\[30] 13.Delivery View (Risks)\_media\Delivery View (Risks) - Defects - Exponential Impact the late~fa3c9c3f.drawio,MEDIA,REVIEW,LOW,219,986b438e42b5ed7d6add34b48ffa30f0675d572f07b1bf55e0acc97afc59e404,,
[04] Diagrams\[82.aa] Delivery\Diagrams\13.Delivery View (Risks)\62.Delivery View (Risks) - Principle Information Areas over Service Lifespan.drawio,TARGET\[00] Management\[90] Review\[10] Classification Required\[30] 13.Delivery View (Risks)\_media\Delivery View (Risks) - Principle Information Areas over Serv~e13e0999.drawio,MEDIA,REVIEW,LOW,219,986b438e42b5ed7d6add34b48ffa30f0675d572f07b1bf55e0acc97afc59e404,,
[04] Diagrams\[82.aa] Delivery\Diagrams\13.Delivery View (Risks)\63.Delivery View (Risks) - Capabilities - Inappropriate Team Capabilities.drawio,TARGET\[00] Management\[90] Review\[10] Classification Required\[30] 13.Delivery View (Risks)\_media\Delivery View (Risks) - Capabilities - Inappropriate Team Capabilities.drawio,MEDIA,REVIEW,LOW,219,986b438e42b5ed7d6add34b48ffa30f0675d572f07b1bf55e0acc97afc59e404,,
[04] Diagrams\[82.aa] Delivery\Diagrams\13.Delivery View (Risks)\71.Delivery View (Risks) - Delivery Flow (Legacy Traditional).drawio,TARGET\[00] Management\[90] Review\[10] Classification Required\[30] 13.Delivery View (Risks)\_media\Delivery View (Risks) - Delivery Flow (Legacy Traditional).drawio,MEDIA,REVIEW,LOW,207,c80c4ff625210f0f6e78454f7795444ac274fc36dfe7e188750fb201dcc11a2a,,
[04] Diagrams\[82.aa] Delivery\Diagrams\13.Delivery View (Risks)\72.Delivery View (Risks) - Delivery Flow (Improved).drawio,TARGET\[00] Management\[90] Review\[10] Classification Required\[30] 13.Delivery View (Risks)\_media\Delivery View (Risks) - Delivery Flow (Improved).drawio,MEDIA,REVIEW,LOW,197,c80c4ff625210f0f6e78454f7795444ac274fc36dfe7e188750fb201dcc11a2a,,
[04] Diagrams\[82.aa] Delivery\Diagrams\13.Delivery View (Risks)\81.Delivery View (Risks) - Release Scheduling (Legacy GoLive Approach).drawio,TARGET\[60] Delivery\[80] Release and Deployment\[10] Release Management\_media\Delivery View (Risks) - Release Scheduling (Legacy GoLive Approach).drawio,MEDIA,SPLIT,MEDIUM,195,c80c4ff625210f0f6e78454f7795444ac274fc36dfe7e188750fb201dcc11a2a,,
[04] Diagrams\[82.aa] Delivery\Diagrams\13.Delivery View (Risks)\82.Delivery View (Risks) - Release Scheduling - (MVS - Continuous Delivery Approach).drawio,TARGET\[60] Delivery\[80] Release and Deployment\[10] Release Management\_media\Delivery View (Risks) - Release Scheduling - (MVS - Continuous Delivery Approach).drawio,MEDIA,SPLIT,MEDIUM,209,c80c4ff625210f0f6e78454f7795444ac274fc36dfe7e188750fb201dcc11a2a,,
[04] Diagrams\[82.aa] Delivery\Diagrams\13.Delivery View (Risks)\91.Delivery View (Risks) - Stakeholder Engagement (Insufficient).drawio,TARGET\[00] Management\[90] Review\[10] Classification Required\[30] 13.Delivery View (Risks)\_media\Delivery View (Risks) - Stakeholder Engagement (Insufficient).drawio,MEDIA,REVIEW,LOW,210,c80c4ff625210f0f6e78454f7795444ac274fc36dfe7e188750fb201dcc11a2a,,
[04] Diagrams\[82.aa] Delivery\Diagrams\13.Delivery View (Risks)\91.Delivery View (Risks) - Tooling (Product Delivery) .drawio,TARGET\[00] Management\[90] Review\[10] Classification Required\[30] 13.Delivery View (Risks)\_media\Delivery View (Risks) - Tooling (Product Delivery).drawio,MEDIA,REVIEW,LOW,199,c80c4ff625210f0f6e78454f7795444ac274fc36dfe7e188750fb201dcc11a2a,,
[04] Diagrams\[82.aa] Delivery\Diagrams\13.Delivery View (Risks)\92.Delivery View (Risks) - Tooling (Service).drawio,TARGET\[00] Management\[90] Review\[10] Classification Required\[30] 13.Delivery View (Risks)\_media\Delivery View (Risks) - Tooling (Service).drawio,MEDIA,REVIEW,LOW,190,c80c4ff625210f0f6e78454f7795444ac274fc36dfe7e188750fb201dcc11a2a,,
[04] Diagrams\[82.aa] Delivery\Diagrams\13.Delivery View (Risks)\93.Delivery View (Risks) - Requirements (As Defines).drawio,TARGET\[00] Management\[90] Review\[10] Classification Required\[30] 13.Delivery View (Risks)\_media\Delivery View (Risks) - Requirements (As Defines).drawio,MEDIA,REVIEW,LOW,198,c80c4ff625210f0f6e78454f7795444ac274fc36dfe7e188750fb201dcc11a2a,,
[04] Diagrams\[82.aa] Delivery\Diagrams\13.Delivery View (Risks)\94.Delivery View (Risks) - Requirements - Valuable Attributes.drawio,TARGET\[00] Management\[90] Review\[10] Classification Required\[30] 13.Delivery View (Risks)\_media\Delivery View (Risks) - Requirements - Valuable Attributes.drawio,MEDIA,REVIEW,LOW,207,c80c4ff625210f0f6e78454f7795444ac274fc36dfe7e188750fb201dcc11a2a,,
[04] Diagrams\[82.aa] Delivery\Diagrams\13.Delivery View (Risks)\95.Delivery View (Risks) - Delivery Roles.drawio,TARGET\[00] Management\[90] Review\[10] Classification Required\[30] 13.Delivery View (Risks)\_media\Delivery View (Risks) - Delivery Roles.drawio,MEDIA,REVIEW,LOW,187,c80c4ff625210f0f6e78454f7795444ac274fc36dfe7e188750fb201dcc11a2a,,
[04] Diagrams\[82.aa] Delivery\Diagrams\13.Delivery View (Risks)\96.Delivery View (Risks) - Delivery Roles.drawio,TARGET\[00] Management\[90] Review\[10] Classification Required\[30] 13.Delivery View (Risks)\_media\Delivery View (Risks) - Delivery Roles - 763cec59.drawio,MEDIA,REVIEW,LOW,198,c80c4ff625210f0f6e78454f7795444ac274fc36dfe7e188750fb201dcc11a2a,,
[04] Diagrams\[82.aa] Delivery\Diagrams\13.Delivery View (Risks)\97.Delivery View (Risks) - Deliverables - Too Narrow.drawio,TARGET\[00] Management\[90] Review\[10] Classification Required\[30] 13.Delivery View (Risks)\_media\Delivery View (Risks) - Deliverables - Too Narrow.drawio,MEDIA,REVIEW,LOW,198,c80c4ff625210f0f6e78454f7795444ac274fc36dfe7e188750fb201dcc11a2a,,
[04] Diagrams\[82.aa] Delivery\Diagrams\13.Delivery View (Risks)\98.Delivery View (Risks) - Deliverables - Wider.drawio,TARGET\[00] Management\[90] Review\[10] Classification Required\[30] 13.Delivery View (Risks)\_media\Delivery View (Risks) - Deliverables - Wider.drawio,MEDIA,REVIEW,LOW,193,c80c4ff625210f0f6e78454f7795444ac274fc36dfe7e188750fb201dcc11a2a,,
[04] Diagrams\[82.aa] Delivery\Diagrams\13.Delivery View (Risks)\02.Resources\01.Legacy\00.Delivery View (Risks) - LEGACY.drawio,TARGET\[90] Closure\[10] Retirement\[10] Planning and Exit\_media\Delivery View (Risks) - LEGACY.drawio,MEDIA,MERGE,HIGH,144,c80c4ff625210f0f6e78454f7795444ac274fc36dfe7e188750fb201dcc11a2a,,
[05] Documents\ICT Project Guidance - Definition - Requirements - Default System Technical Requirements [DRAFT].docx,TARGET\[60] Delivery\[70] Verification\[10] Component and System Testing\[10 - DRAFT] ICT Project Guidance - Definition - Requirements - Default System Technical Re~7630c64f.docx,DOCUMENT,SPLIT,MEDIUM,219,e2606e591af517f69d944817577902035bfec1557901ecfa1edf88570dd63e74,,
[05] Documents\ICT Project Guidance - Definition - Requirements - Default Transitional Requirements [DRAFT].docx,TARGET\[00] Management\[90] Review\[10] Classification Required\[31] [05] Documents\[02 - DRAFT] ICT Project Guidance - Definition - Requirements - Default Transiti~21617f6e.docx,DOCUMENT,REVIEW,LOW,219,eb6bc434d5d9305443cf7c1986eacd684758df1ccbc9de26a0772006600c2ac7,,
[05] Documents\ICT Project Guidance - Definition - Requirements Development - Transitional Requirements [DRAFT].docx,TARGET\[60] Delivery\[40] Core Service\[90] Development Requiring Detail\[10 - DRAFT] ICT Project Guidance - Definition - Requirements Development - Transitional Re~c4986f1f.docx,DOCUMENT,SPLIT,MEDIUM,219,363f4126225fb5941a3f604f9f7eb068153a4b5370084a29a4e7961e1e90cbdb,,
[05] Documents\ICT Project Guidance - Definition - Requirements Development.docx,TARGET\[60] Delivery\[40] Core Service\[90] Development Requiring Detail\[15] ICT Project Guidance - Definition - Requirements Development.docx,DOCUMENT,SPLIT,MEDIUM,184,c43942f7689994d33542193ba61696699567925bf19962bd9a31a145883e5e6c,,
[05] Documents\ICT Project Guidance - Design - SAD - Baseline Capability View.docx,TARGET\[00] Management\[90] Review\[10] Classification Required\[31] [05] Documents\[03] ICT Project Guidance - Design - SAD - Baseline Capability View.docx,DOCUMENT,REVIEW,LOW,197,b5e5f5c9da59ba6f499de44d1dc7e2cfa77ed2fc945eb4d652836b8e6f0a23d1,,
[05] Documents\ICT Project Guidance - Design - SAD - Baseline Development View (Services).docx,TARGET\[00] Management\[90] Review\[10] Classification Required\[31] [05] Documents\[04] ICT Project Guidance - Design - SAD - Baseline Development View (Services).docx,DOCUMENT,REVIEW,LOW,209,df4e8f07e4bb7d91d020f249418b666cfff55093817a35822c3d1ea40894cff5,,
[05] Documents\ICT Project Guidance - Design - SAD - Security View.docx,TARGET\[00] Management\[90] Review\[10] Classification Required\[31] [05] Documents\[05] ICT Project Guidance - Design - SAD - Security View.docx,DOCUMENT,REVIEW,LOW,186,2eedce14717d8c86d2970490a00bcd20e7247634d38883d8624ba29e6f537652,,
"[05] Documents\ICT Project Guidance - Development - Code Repository Configuration, Operation and Maintenance [DRAFT].docx","TARGET\[00] Management\[90] Review\[10] Classification Required\[31] [05] Documents\[06 - DRAFT] ICT Project Guidance - Development - Code Repository Configuration,~45903e9a.docx",DOCUMENT,REVIEW,LOW,219,d71542aeb7c672db66cae0e1df6ece287aa327c5571998fc59a2bcb7917cad21,,
[05] Documents\ICT Project Guidance - Development - Delivery Environments.docx,TARGET\[60] Delivery\[40] Core Service\[90] Development Requiring Detail\[20] ICT Project Guidance - Development - Delivery Environments.docx,DOCUMENT,SPLIT,MEDIUM,182,921f7414fa1367de38278ed2a8b641e8271c12b24bbc4aae5ed5087a95367fdb,,
[05] Documents\ICT Project Guidance - Development - User Interfaces - BREAD Views and Flows.docx,TARGET\[60] Delivery\[60] Client Applications\[30] User Interfaces\[10] ICT Project Guidance - Development - User Interfaces - BREAD Views and Flows.docx,DOCUMENT,SPLIT,MEDIUM,194,2c1665461d45a724ef629e05ef37d6362c263159c9224fb99385d432e1bdb189,,
[05] Documents\ICT Project Guidance - Discovery - Education Sector - Assessment System Dimensions to Consider.docx,TARGET\[00] Management\[90] Review\[10] Classification Required\[31] [05] Documents\[07] ICT Project Guidance - Discovery - Education Sector - Assessment System Dim~3e588c86.docx,DOCUMENT,REVIEW,LOW,219,f5303b845800112d8eb12d165ecf7a24f3d05a19b1c91914a1b088ccf13426ff,,
[05] Documents\ICT Project Guidance - Discovery - Resource Domain - Īnformation System User Roles.docx,TARGET\[00] Management\[90] Review\[10] Classification Required\[31] [05] Documents\[08] ICT Project Guidance - Discovery - Resource Domain - Īnformation System User Roles.docx,DOCUMENT,REVIEW,LOW,217,a943240dda6e3e7a312e935882c33f5a3f595387a7a819e9d4206f68a8b8a3ec,,
"[05] Documents\ICT Project Guidance - Discovery - Social Domain - Persons, Ids, Groups, Roles, AuthN.docx","TARGET\[60] Delivery\[50] Integrations\[40] Interoperability and Discovery\[08] ICT Project Guidance - Discovery - Social Domain - Persons, Ids, Groups, Roles, AuthN.docx",DOCUMENT,SPLIT,MEDIUM,211,389029d0b80b8f7cbc396d33d5944e1e42f1cae13e4c73703291901f0a72c961,,
[05] Documents\ICT Project Guidance - Discovery - System Domain - Common System Capabilities (HL).docx,TARGET\[00] Management\[90] Review\[10] Classification Required\[31] [05] Documents\[09] ICT Project Guidance - Discovery - System Domain - Common System Capabilities (HL).docx,DOCUMENT,REVIEW,LOW,217,f2e8fcf30a705d069ffb6fb47fceedc24596017828d508aa26cd9d280d18c7f9,,
[05] Documents\ICT Project Guidance - DiscoveSupporting Systems to Consider for Assisting Technical Delivery Stakeholders.docx,TARGET\[00] Management\[90] Review\[10] Classification Required\[31] [05] Documents\[10 - SUPERSEDED] ICT Project Guidance - DiscoveSupporting Systems to Consider f~329ba7a3.docx,DOCUMENT,REVIEW,LOW,219,73e27cbd444f297c735e5ed1cef83dddad2fd61ad2a8c6827b40de9ca158de3c,,
[05] Documents\ICT Project Guidance - Generic GLAD Template.docx,TARGET\[00] Management\[90] Review\[10] Classification Required\[31] [05] Documents\[11] ICT Project Guidance - Generic GLAD Template.docx,DOCUMENT,REVIEW,LOW,179,adc7e0d5bcde69dc166dff854bf1a2136ef7bb5de45fa58e4a5d62ab4402d3cb,,
[05] Documents\ICT Project Guidance [Discovery] - Longitudinal Data Hub.docx,TARGET\[60] Delivery\[50] Integrations\[40] Interoperability and Discovery\[12] ICT Project Guidance [Discovery] - Longitudinal Data Hub.docx,DOCUMENT,SPLIT,MEDIUM,182,b22514e018c5090f2ff61b89d2d0483c351173fd009898c07b22d0304d369043,,
[05] Documents\IT Project - Guidance - Diagrams - NO.docx,TARGET\[00] Management\[90] Review\[10] Classification Required\[31] [05] Documents\[14] IT Project - Guidance - Diagrams - NO.docx,DOCUMENT,REVIEW,LOW,172,3d067233b590e60141f687eac551a4a6d13258555f2a2c84fff766ff87069408,,
[05] Documents\IT Project - Guidance - On Integration & Interoperability Interfaces NO.docx,TARGET\[00] Management\[90] Review\[10] Classification Required\[31] [05] Documents\[15] IT Project - Guidance - On Integration & Interoperability Interfaces NO.docx,DOCUMENT,REVIEW,LOW,206,7e83233536b36a8c52bc582e2e803051427660779df109ec80e3e4c17df3274c,,
[05] Documents\IT Project - Guidance - [41.00-Design] - Domain Driven Data Schema Design.docx,TARGET\[00] Management\[90] Review\[10] Classification Required\[31] [05] Documents\[13] IT Project - Guidance - [41.00-Design] - Domain Driven Data Schema Design.docx,DOCUMENT,REVIEW,LOW,208,a754da000c26fd7b1c571083627996bec355676e356282293e580d495ea5147f,,
[05] Documents\IT Project - Guidance [Development] .NET.Core EF Considerations.docx,TARGET\[60] Delivery\[40] Core Service\[90] Development Requiring Detail\[25] IT Project - Guidance [Development] .NET.Core EF Considerations.docx,DOCUMENT,SPLIT,MEDIUM,187,36caf27a13e767a4937d35456602be6a1ef84bbb414e4e1170f32e6acb901a8c,,
[05] Documents\IT Project Guidance - Design - SAD - Baseline Development View (Testing).docx,TARGET\[00] Management\[90] Review\[10] Classification Required\[31] [05] Documents\[20] IT Project Guidance - Design - SAD - Baseline Development View (Testing).docx,DOCUMENT,REVIEW,LOW,207,d4590917e222ab7b3aefa54261fcb5551fd6ec294db7c34b90c09ea3c7c91931,,
[05] Documents\IT Project Guidance - Design - SAD - Baseline Development View.docx,TARGET\[00] Management\[90] Review\[10] Classification Required\[31] [05] Documents\[21] IT Project Guidance - Design - SAD - Baseline Development View.docx,DOCUMENT,REVIEW,LOW,197,91a37f384ffa79590434c0464a04308cce63c309c4f361552b2839d94a10dae3,,
[05] Documents\IT Project Guidance - Design - SAD - Interoperability View.docx,TARGET\[00] Management\[90] Review\[10] Classification Required\[31] [05] Documents\[22] IT Project Guidance - Design - SAD - Interoperability View.docx,DOCUMENT,REVIEW,LOW,193,019287db07471184504b0839d4c8a5ab0022fa3855aac90ab6e47de1c4792aba,,
[05] Documents\IT Project Guidance - Development Effort Estimation.docx,TARGET\[60] Delivery\[40] Core Service\[90] Development Requiring Detail\[30] IT Project Guidance - Development Effort Estimation.docx,DOCUMENT,SPLIT,MEDIUM,175,732e984cb807d0c5f765defc155c5e4b1d05773c9b44cc0e46459a677468741f,,
[05] Documents\IT Project Guidance - Event Sourced versus State based Operational Persistence Models.docx,TARGET\[00] Management\[90] Review\[10] Classification Required\[31] [05] Documents\[23] IT Project Guidance - Event Sourced versus State based Operational Persiste~ab3db62b.docx,DOCUMENT,REVIEW,LOW,219,993c1fe606e2168c9dd40a96c9151f43e96c8cd7b002a914796ef13ee99a0af5,,
[05] Documents\IT Project Guidance - Event Sourced versus State based Operational Persistence Models.pdf,TARGET\[00] Management\[90] Review\[10] Classification Required\[31] [05] Documents\[24] IT Project Guidance - Event Sourced versus State based Operational Persistence Models.pdf,DOCUMENT,REVIEW,LOW,219,11f8fb91da06be4ebfc6acc2ceecf69588236497514020167f3e78cf18071b80,,
[05] Documents\IT Project Guidance - Obligations.docx,TARGET\[00] Management\[90] Review\[10] Classification Required\[31] [05] Documents\[25] IT Project Guidance - Obligations.docx,DOCUMENT,REVIEW,LOW,168,b2e9ced9183531ab27df8651ce669fc09221f1d57092a4d30b1c20e3b369f426,,
[05] Documents\IT Project Guidance - Obligations.pdf,TARGET\[00] Management\[90] Review\[10] Classification Required\[31] [05] Documents\[26] IT Project Guidance - Obligations.pdf,DOCUMENT,REVIEW,LOW,167,5dd614cdb3dffc2e527f8d351117fa66766fa93879b99826045c3613b1fda0e9,,
[05] Documents\IT Project Guidance - OIDC Implementations.docx,TARGET\[00] Management\[90] Review\[10] Classification Required\[31] [05] Documents\[27] IT Project Guidance - OIDC Implementations.docx,DOCUMENT,REVIEW,LOW,177,c655ab0c72480842a84d49be2f9906588c95bf891e42789365f3555af3d25172,,
[05] Documents\IT Project Guidance - On Business Requirements Development.docx,TARGET\[60] Delivery\[40] Core Service\[90] Development Requiring Detail\[35] IT Project Guidance - On Business Requirements Development.docx,DOCUMENT,SPLIT,MEDIUM,182,66d307d5a4d9665899a2ad4480518ae09b0917f8466e58b36189ff76acbbe4da,,
[05] Documents\IT Project Guidance - On caching.docx,TARGET\[60] Delivery\[40] Core Service\[20] Configuration Storage and Caching\[10] IT Project Guidance - On caching.docx,DOCUMENT,SPLIT,MEDIUM,161,9a92b26750603546376574703fec0f6a9bd8bb18642ac6a4cbeebfea36a11bfb,,
[05] Documents\IT Project Guidance - On Cohorts [DRAFT].docx,TARGET\[00] Management\[90] Review\[10] Classification Required\[31] [05] Documents\[28 - DRAFT] IT Project Guidance - On Cohorts.docx,DOCUMENT,REVIEW,LOW,175,5e1fab2309f45c2b23a79af938ea34863c3f1cfc8807060ed54f65b214b31181,,
[05] Documents\IT Project Guidance - On Cross-System User Attribute Resolution.docx,TARGET\[00] Management\[90] Review\[10] Classification Required\[31] [05] Documents\[29] IT Project Guidance - On Cross-System User Attribute Resolution.docx,DOCUMENT,REVIEW,LOW,198,ac9a2845ce2b2157a67dc48e53a4be5b521a1569badc207e4cb90630eba347b9,,
[05] Documents\IT Project Guidance - On Cross-System User Attribute Resolution.pdf,TARGET\[00] Management\[90] Review\[10] Classification Required\[31] [05] Documents\[30] IT Project Guidance - On Cross-System User Attribute Resolution.pdf,DOCUMENT,REVIEW,LOW,197,73b4ee86696e89c3e7cf3fb3398b1634a4ce9186d5666943252a74ab316214f6,,
[05] Documents\IT Project Guidance - On Cross-System User Identity Attribute Resolution.pdf,TARGET\[00] Management\[90] Review\[10] Classification Required\[31] [05] Documents\[31] IT Project Guidance - On Cross-System User Identity Attribute Resolution.pdf,DOCUMENT,REVIEW,LOW,206,5844c44d321df66c33244b1d43f31bcb182c27c62050e24d454eaaa0b0b76492,,
[05] Documents\IT Project Guidance - On Data Modelling.docx,TARGET\[00] Management\[90] Review\[10] Classification Required\[31] [05] Documents\[32] IT Project Guidance - On Data Modelling.docx,DOCUMENT,REVIEW,LOW,174,d4006b929d06186255b759a36be98b992530779657f601b72609fad86bc2130a,,
[05] Documents\IT Project Guidance - On Data Stores [DRAFT].docx,TARGET\[00] Management\[90] Review\[10] Classification Required\[31] [05] Documents\[33 - DRAFT] IT Project Guidance - On Data Stores.docx,DOCUMENT,REVIEW,LOW,179,03543fe647274b21fd9b63d0c66f5997326dc3d8721609d6140e7210bd073569,,
[05] Documents\IT Project Guidance - On Delivery as a Building Metaphor.docx,TARGET\[00] Management\[90] Review\[10] Classification Required\[31] [05] Documents\[34] IT Project Guidance - On Delivery as a Building Metaphor.docx,DOCUMENT,REVIEW,LOW,191,5fea7361b223bab7a35412e2bf7c59a9c68a9f9020d3a2002949087cd065a4a3,,
[05] Documents\IT Project Guidance - On Disaster Recovery [DRAFT].docx,TARGET\[00] Management\[90] Review\[10] Classification Required\[31] [05] Documents\[35 - DRAFT] IT Project Guidance - On Disaster Recovery.docx,DOCUMENT,REVIEW,LOW,185,c84231e391bd543cd37074ad37174db2f84b8c03c86be2667177379ba75e642e,,
[05] Documents\IT Project Guidance - On Domain Driven Design (DDD).docx,TARGET\[00] Management\[90] Review\[10] Classification Required\[31] [05] Documents\[36] IT Project Guidance - On Domain Driven Design (DDD).docx,DOCUMENT,REVIEW,LOW,186,f651aa929c4735eaec5a651c7835d851b9ea4c80451134fadfba9ee4bde97dd1,,
[05] Documents\IT Project Guidance - On Domain Driven Design based Development.docx,TARGET\[00] Management\[90] Review\[10] Classification Required\[31] [05] Documents\[37] IT Project Guidance - On Domain Driven Design based Development.docx,DOCUMENT,REVIEW,LOW,198,bccc0552894415566bb6336123f17cc8eb8a7044f9deca3838cad0a81934a9be,,
[05] Documents\IT Project Guidance - On Domain Driven Design Component Assembly.docx,TARGET\[00] Management\[90] Review\[10] Classification Required\[31] [05] Documents\[38] IT Project Guidance - On Domain Driven Design Component Assembly.docx,DOCUMENT,REVIEW,LOW,199,2cebe521d5813ead9b076ceb06dcd9753d8ff72dc67fb9dd96b05fd64de244f6,,
[05] Documents\IT Project Guidance - On Entra ID IdAM Configuration [DRAFT].docx,TARGET\[60] Delivery\[40] Core Service\[20] Configuration Storage and Caching\[20 - DRAFT] IT Project Guidance - On Entra ID IdAM Configuration.docx,DOCUMENT,SPLIT,MEDIUM,189,fe6f3901c33ea5161308927bd18dfbabd4b80b1f52b7e8a55002fb0511e0ae2c,,
[05] Documents\IT Project Guidance - On Event Data Stores.docx,TARGET\[00] Management\[90] Review\[10] Classification Required\[31] [05] Documents\[39] IT Project Guidance - On Event Data Stores.docx,DOCUMENT,REVIEW,LOW,177,1167b0bcf859dab9ae7470d5e57a6eab63b7e4c60799881385abae4630aa3036,,
[05] Documents\IT Project Guidance - On Event Stream Data Stores.docx,TARGET\[00] Management\[90] Review\[10] Classification Required\[31] [05] Documents\[40] IT Project Guidance - On Event Stream Data Stores.docx,DOCUMENT,REVIEW,LOW,184,355d693517446d8805bad2f184319d1d6d3602b42e387b7c3805f89f59949034,,
[05] Documents\IT Project Guidance - On Event Streams.docx,TARGET\[00] Management\[90] Review\[10] Classification Required\[31] [05] Documents\[41] IT Project Guidance - On Event Streams.docx,DOCUMENT,REVIEW,LOW,173,e231f11625e42ec1b8b075a7a3a02e3a93ba5e62d93504ee281ac57a16b21f68,,
[05] Documents\IT Project Guidance - On Front End Framework Selection.docx,TARGET\[00] Management\[90] Review\[10] Classification Required\[31] [05] Documents\[42] IT Project Guidance - On Front End Framework Selection.docx,DOCUMENT,REVIEW,LOW,189,3ded11157f25631389276b2ac38765740914bbf33986623d501beb7592194701,,
[05] Documents\IT Project Guidance - On IdAMs [DRAFT].docx,TARGET\[00] Management\[90] Review\[10] Classification Required\[31] [05] Documents\[43 - DRAFT] IT Project Guidance - On IdAMs.docx,DOCUMENT,REVIEW,LOW,173,a7d110fc93fb6df6559b2f8babb23ad88be3e6b48b00916cb49aeda3475d6c50,,
[05] Documents\IT Project Guidance - On Infomration Modeling [DRAFT].docx,TARGET\[00] Management\[90] Review\[10] Classification Required\[31] [05] Documents\[44 - DRAFT] IT Project Guidance - On Infomration Modeling.docx,DOCUMENT,REVIEW,LOW,188,bebbb0d44fde421fae52a7dd5723084978b9ac060c6985e7c7e1745bc9c17067,,
[05] Documents\IT Project Guidance - On Internationalisation 2.docx,TARGET\[00] Management\[90] Review\[10] Classification Required\[31] [05] Documents\[45] IT Project Guidance - On Internationalisation 2.docx,DOCUMENT,REVIEW,LOW,182,bebbb0d44fde421fae52a7dd5723084978b9ac060c6985e7c7e1745bc9c17067,,
[05] Documents\IT Project Guidance - On Internationalisation [DRAFT].docx,TARGET\[00] Management\[90] Review\[10] Classification Required\[31] [05] Documents\[46 - DRAFT] IT Project Guidance - On Internationalisation.docx,DOCUMENT,REVIEW,LOW,188,5499eb7a31183a2d6470e2492ff42755a15fdcbf170b6044d327bd30ee89342e,,
[05] Documents\IT Project Guidance - On MicroServices NO.docx,TARGET\[00] Management\[90] Review\[10] Classification Required\[31] [05] Documents\[47] IT Project Guidance - On MicroServices NO.docx,DOCUMENT,REVIEW,LOW,176,ffa44a2f8d4ecd5d582ab3888528eaaa64b497d34bd1ba64c0609df291f0bc7e,,
[05] Documents\IT Project Guidance - On Multiple Clouds.docx,TARGET\[00] Management\[90] Review\[10] Classification Required\[31] [05] Documents\[48] IT Project Guidance - On Multiple Clouds.docx,DOCUMENT,REVIEW,LOW,175,ebb2cd902699a9aad73fe4a3749ce579e6a3cc92d5d33ec2cfd7c891a8b511fe,,
[05] Documents\IT Project Guidance - On Multiple Clouds.pdf,TARGET\[00] Management\[90] Review\[10] Classification Required\[31] [05] Documents\[49] IT Project Guidance - On Multiple Clouds.pdf,DOCUMENT,REVIEW,LOW,174,d1c3c7c497cb84b4981f5cc84e2e10b81861ff44bbc25dc9eaf65381405ba568,,
[05] Documents\IT Project Guidance - On Non-Prod Environment Data.docx,TARGET\[00] Management\[90] Review\[10] Classification Required\[31] [05] Documents\[50] IT Project Guidance - On Non-Prod Environment Data.docx,DOCUMENT,REVIEW,LOW,185,39844949b7f539e1323a23129ef62ded229f2b9468db311ffc0e2e59c2f741ec,,
[05] Documents\IT Project Guidance - On Non-Prod Environment Data.pdf,TARGET\[00] Management\[90] Review\[10] Classification Required\[31] [05] Documents\[51] IT Project Guidance - On Non-Prod Environment Data.pdf,DOCUMENT,REVIEW,LOW,184,b55c9c8c5ae648a56cddab8348381370a2671e5d82c5ecaab6b80d85399604cd,,
[05] Documents\IT Project Guidance - On Professional Document Development.docx,TARGET\[60] Delivery\[40] Core Service\[90] Development Requiring Detail\[40] IT Project Guidance - On Professional Document Development.docx,DOCUMENT,SPLIT,MEDIUM,182,74da478f3d0111ee805e25112d84c218ce2f4f70b8b847ac698ce3849efd5c2e,,
[05] Documents\IT Project Guidance - On Professional Requirement Documentation Development.docx,TARGET\[60] Delivery\[40] Core Service\[90] Development Requiring Detail\[45] IT Project Guidance - On Professional Requirement Documentation Development.docx,DOCUMENT,SPLIT,MEDIUM,199,4b97adca489bd61586c48b574e69701824bceca1468da135f7714e9b1d531e94,,
[05] Documents\IT Project Guidance - On Professional Requirement Documentation Development.pdf,TARGET\[60] Delivery\[40] Core Service\[90] Development Requiring Detail\[50] IT Project Guidance - On Professional Requirement Documentation Development.pdf,DOCUMENT,SPLIT,MEDIUM,198,d117d271e7752a26e9b1706cff0762eecabdbb17173dccfc441401f19ffeb4be,,
"[05] Documents\IT Project Guidance - On Project Resourcing Roles, Ratios and Scheduling.docx","TARGET\[00] Management\[90] Review\[10] Classification Required\[31] [05] Documents\[52] IT Project Guidance - On Project Resourcing Roles, Ratios and Scheduling.docx",DOCUMENT,REVIEW,LOW,207,9da526745d404359ff6fb431ac1d6b805a0d80012de21c43b3d6b9bc873cfbad,,
[05] Documents\IT Project Guidance - On Uploaded Media Malware Scanning Options.docx,TARGET\[00] Management\[90] Review\[10] Classification Required\[31] [05] Documents\[53] IT Project Guidance - On Uploaded Media Malware Scanning Options.docx,DOCUMENT,REVIEW,LOW,199,2c92e9229cb82b214b7dc35ef39f1fd4e628a082784f3014e5750514113049e7,,
"[05] Documents\IT Project Guidance - On User Modelling, Provisioning, Contextuatisation, and Attribute Resolution.docx","TARGET\[60] Delivery\[60] Client Applications\[30] User Interfaces\[15] IT Project Guidance - On User Modelling, Provisioning, Contextuatisation, and Attribute Resolution.docx",DOCUMENT,SPLIT,MEDIUM,216,7a0414cac36b74f25aeb037db0242738da655cd9932d97863e710d0caa74e557,,
[05] Documents\IT Project Guidance - On User Requirement Development.docx,TARGET\[00] Management\[90] Review\[10] Classification Required\[31] [05] Documents\[54] IT Project Guidance - On User Requirement Development.docx,DOCUMENT,REVIEW,LOW,188,dadb9f478c90da3bb73f1a7b097768a60bed23903463355987eb6e551d318bb3,,
[05] Documents\IT Project Guidance - Onboarding Options.docx,TARGET\[00] Management\[90] Review\[10] Classification Required\[31] [05] Documents\[55] IT Project Guidance - Onboarding Options.docx,DOCUMENT,REVIEW,LOW,175,e1d886dd06896238d322ea3e69dc9ec9296caa437757289d1b38e184ab8ec0be,,
[05] Documents\IT Project Guidance - Template [DRAFT] - Copy.docx,TARGET\[00] Management\[90] Review\[10] Classification Required\[31] [05] Documents\[56 - DRAFT] IT Project Guidance - Template - Copy.docx,DOCUMENT,REVIEW,LOW,180,bebbb0d44fde421fae52a7dd5723084978b9ac060c6985e7c7e1745bc9c17067,,
"[05] Documents\IT Project Guidance - Vision, Mission, Purpose, Problem Statement.docx","TARGET\[00] Management\[90] Review\[10] Classification Required\[31] [05] Documents\[57] IT Project Guidance - Vision, Mission, Purpose, Problem Statement.docx",DOCUMENT,REVIEW,LOW,200,b03ff329d3021b301cd817492efd29127cd3a79e84006060bc4d518a9b43ea07,,
[05] Documents\IT Project Guidance - [Design] Practical Domain Driven Design.docx,TARGET\[00] Management\[90] Review\[10] Classification Required\[31] [05] Documents\[19] IT Project Guidance - [Design] Practical Domain Driven Design.docx,DOCUMENT,REVIEW,LOW,196,08db8f1cde3975d846e7ecc2428cdc6fe5141e477fce8a6ff4decc5802ff06f4,,
[05] Documents\IT Project Guidance [-- Design] - On the removal of Personal Information from Systems.docx,TARGET\[50] Design\[20] Information\[10] Information Architecture\[05] IT Project Guidance [-- Design] - On the removal of Personal Information from Systems.docx,DOCUMENT,SPLIT,MEDIUM,202,9fee514417f97996e47fc040d6689088a9d49bcca0a5ffbac52f7432b25d2a01,,
[05] Documents\IT Project Guidance [-- Design] - On the removal of Personal Information from Systems.pdf,TARGET\[50] Design\[20] Information\[10] Information Architecture\[10] IT Project Guidance [-- Design] - On the removal of Personal Information from Systems.pdf,DOCUMENT,SPLIT,MEDIUM,201,20cb1985fe57dd9781558472c0e88e15646d2285b1e9746a500b9257df89d543,,
[05] Documents\IT Project Guidance [10.00.Delivery].----------,TARGET\[00] Management\[90] Review\[10] Classification Required\[31] [05] Documents\IT Project Guidance [10.00.Delivery].----------,OTHER,REVIEW,LOW,172,e3b0c44298fc1c149afbf4c8996fb92427ae41e4649b934ca495991b7852b855,,
[05] Documents\IT Project Guidance [10.00.HowTo].txt,TARGET\[00] Management\[90] Review\[10] Classification Required\[31] [05] Documents\[58] IT Project Guidance [10.00.HowTo].txt,DOCUMENT,REVIEW,LOW,167,e3b0c44298fc1c149afbf4c8996fb92427ae41e4649b934ca495991b7852b855,,
"[05] Documents\IT Project Guidance [10.10.Setup] - On Design, Delivery and Operational Roles - TMP Safe Copy.docx","TARGET\[00] Management\[90] Review\[10] Classification Required\[31] [05] Documents\[59] IT Project Guidance [10.10.Setup] - On Design, Delivery and Operational Rol~75676093.docx",DOCUMENT,REVIEW,LOW,219,6ddb067bb12105ca889c71e147013452fb1eddbf0f802516bd924c639b3ebcad,,
"[05] Documents\IT Project Guidance [10.10.Setup] - On Design, Delivery and Operational Roles.docx","TARGET\[00] Management\[90] Review\[10] Classification Required\[31] [05] Documents\[60] IT Project Guidance [10.10.Setup] - On Design, Delivery and Operational Roles.docx",DOCUMENT,REVIEW,LOW,212,6ddb067bb12105ca889c71e147013452fb1eddbf0f802516bd924c639b3ebcad,,
[05] Documents\IT Project Guidance [20.00.Discovery].-----,TARGET\[60] Delivery\[50] Integrations\[40] Interoperability and Discovery\IT Project Guidance [20.00.Discovery].-----,OTHER,SPLIT,MEDIUM,159,e3b0c44298fc1c149afbf4c8996fb92427ae41e4649b934ca495991b7852b855,,
[05] Documents\IT Project Guidance [20.00.HowTo].txt,TARGET\[00] Management\[90] Review\[10] Classification Required\[31] [05] Documents\[61] IT Project Guidance [20.00.HowTo].txt,DOCUMENT,REVIEW,LOW,167,e3b0c44298fc1c149afbf4c8996fb92427ae41e4649b934ca495991b7852b855,,
[05] Documents\IT Project Guidance [30.00.Definition].-----,TARGET\[00] Management\[90] Review\[10] Classification Required\[31] [05] Documents\IT Project Guidance [30.00.Definition].-----,OTHER,REVIEW,LOW,169,e3b0c44298fc1c149afbf4c8996fb92427ae41e4649b934ca495991b7852b855,,
[05] Documents\IT Project Guidance [33.00-Definition] - Principles Development.docx,TARGET\[60] Delivery\[40] Core Service\[90] Development Requiring Detail\[55] IT Project Guidance [33.00-Definition] - Principles Development.docx,DOCUMENT,SPLIT,MEDIUM,187,199d96dc547bd7c7a45d088df7e0213271269a738b31114476e95860b7a14782,,
"[05] Documents\IT Project Guidance [34-00-Discovery] - Concepts - Info Meta, Legal, State, Context, Roles.docx","TARGET\[60] Delivery\[50] Integrations\[40] Interoperability and Discovery\[24] IT Project Guidance [34-00-Discovery] - Concepts - Info Meta, Legal, State, Context, Roles.docx",DOCUMENT,SPLIT,MEDIUM,216,050678dbdd1344450a847ede2299390581b9374b2c6a08ebb8e1edbe4ab079c7,,
[05] Documents\IT Project Guidance [34.00-Discovery] - Concepts - Education Sector - Personas and Roles.docx,TARGET\[60] Delivery\[50] Integrations\[40] Interoperability and Discovery\[26] IT Project Guidance [34.00-Discovery] - Concepts - Education Sector - Personas and Roles.docx,DOCUMENT,SPLIT,MEDIUM,214,e044e71218121d273caab639a86bf5e4dff3cd2e5476de0efb3162256567fd5b,,
[05] Documents\IT Project Guidance [34.00-Discovery] - Concepts - Information Systems to Consider.docx,TARGET\[00] Management\[90] Review\[10] Classification Required\[31] [05] Documents\[62] IT Project Guidance [34.00-Discovery] - Concepts - Information Systems to Consider.docx,DOCUMENT,REVIEW,LOW,217,82282355416c9d8a297e43c858acfe97f1c38b75014b22193d0ec007f85606f5,,
"[05] Documents\IT Project Guidance [40.00-Design] - Data Schemas - Users, Persons, Channels and locations.docx","TARGET\[00] Management\[90] Review\[10] Classification Required\[31] [05] Documents\[63] IT Project Guidance [40.00-Design] - Data Schemas - Users, Persons, Channel~a71b747e.docx",DOCUMENT,REVIEW,LOW,219,32c83a5d08e4806455e1bb27ca06021559a776e66cad1ac25ea3e42e4810f67c,,
[05] Documents\IT Project Guidance [40.00.Design].-----,TARGET\[00] Management\[90] Review\[10] Classification Required\[31] [05] Documents\IT Project Guidance [40.00.Design].-----,OTHER,REVIEW,LOW,165,e3b0c44298fc1c149afbf4c8996fb92427ae41e4649b934ca495991b7852b855,,
[05] Documents\IT Project Guidance [5.00.Direction].----------,TARGET\[00] Management\[90] Review\[10] Classification Required\[31] [05] Documents\IT Project Guidance [5.00.Direction].----------,OTHER,REVIEW,LOW,172,e3b0c44298fc1c149afbf4c8996fb92427ae41e4649b934ca495991b7852b855,,
[05] Documents\IT Project Guidance [50.00-Development] - .NET.Core - Entity Framework (EF).docx,TARGET\[60] Delivery\[40] Core Service\[90] Development Requiring Detail\[60] IT Project Guidance [50.00-Development] - .NET.Core - Entity Framework (EF).docx,DOCUMENT,SPLIT,MEDIUM,199,71878d3b4401031c6abbf60e0fae12c3f0fd9336306f663e82162dccfb4996fd,,
[05] Documents\IT Project Guidance [50.00.Development].-----,TARGET\[60] Delivery\[40] Core Service\[90] Development Requiring Detail\IT Project Guidance [50.00.Development].-----,OTHER,SPLIT,MEDIUM,159,e3b0c44298fc1c149afbf4c8996fb92427ae41e4649b934ca495991b7852b855,,
[05] Documents\IT Project Guidance [60.00.Documentation].-----,TARGET\[00] Management\[90] Review\[10] Classification Required\[31] [05] Documents\IT Project Guidance [60.00.Documentation].-----,OTHER,REVIEW,LOW,172,e3b0c44298fc1c149afbf4c8996fb92427ae41e4649b934ca495991b7852b855,,
[05] Documents\IT Project Guidance [70.00 Design]- On Design Errors.docx,TARGET\[00] Management\[90] Review\[10] Classification Required\[31] [05] Documents\[64] IT Project Guidance [70.00 Design]- On Design Errors.docx,DOCUMENT,REVIEW,LOW,187,f9f0e05a1aa3066a67587acbf316129523289265e00f427fd5f9a8d5ab80c91f,,
[05] Documents\IT Project Guidance [70.00 Development] - Evaluating the Use of Microservice Architecture- NO.docx,TARGET\[00] Management\[90] Review\[10] Classification Required\[31] [05] Documents\[65] IT Project Guidance [70.00 Development] - Evaluating the Use of Microservic~29619fa2.docx,DOCUMENT,REVIEW,LOW,219,04bc099d9b703453c9d5c49bbc970bc670ab1647804354496405d051b77f27d5,,
[05] Documents\IT Project Guidance [70.00.Assurance].-----,TARGET\[00] Management\[90] Review\[10] Classification Required\[31] [05] Documents\IT Project Guidance [70.00.Assurance].-----,OTHER,REVIEW,LOW,168,e3b0c44298fc1c149afbf4c8996fb92427ae41e4649b934ca495991b7852b855,,
[05] Documents\IT Project Guidance [80.00.Operations].-----,TARGET\[00] Management\[90] Review\[10] Classification Required\[31] [05] Documents\IT Project Guidance [80.00.Operations].-----,OTHER,REVIEW,LOW,169,e3b0c44298fc1c149afbf4c8996fb92427ae41e4649b934ca495991b7852b855,,
[05] Documents\IT Project Guidance [8090.00.Maintenance].-----,TARGET\[80] Operations\[30] Maintenance\[10] Change and Maintenance\IT Project Guidance [8090.00.Maintenance].-----,OTHER,SPLIT,MEDIUM,156,e3b0c44298fc1c149afbf4c8996fb92427ae41e4649b934ca495991b7852b855,,
[05] Documents\IT Project Guidance [Development] - NetCore EF and DTO Queryability.docx,TARGET\[60] Delivery\[40] Core Service\[90] Development Requiring Detail\[65] IT Project Guidance [Development] - NetCore EF and DTO Queryability.docx,DOCUMENT,SPLIT,MEDIUM,191,ac1e1ca5d22513006f5e0e843b8092e516985e4cd06e0f5b3ee9a3ba02ce8f4a,,
[05] Documents\IT System Design Guidance - On Baseline Capabilities.docx,TARGET\[50] Design\[30] Functionality\[10] Capabilities and Functions\[05] IT System Design Guidance - On Baseline Capabilities.docx,DOCUMENT,SPLIT,MEDIUM,173,d72f49af6d6c804611ffa029a2e3001cb374bbf6caf52a025c12c272b76561ac,,
[05] Documents\OLD - IT Project Guidance - On Front End Framework Selection.docx,TARGET\[00] Management\[90] Review\[10] Classification Required\[31] [05] Documents\[66 - SUPERSEDED] OLD - IT Project Guidance - On Front End Framework Selection.docx,DOCUMENT,REVIEW,LOW,208,f7a6a6854206483177dd5f479b8030451371334324d2e56c7cc83f8b60d65226,,
[05] Documents\OLD OLD IT Project Guidance - On Front End Framework Selection (III).docx,TARGET\[00] Management\[90] Review\[10] Classification Required\[31] [05] Documents\[67 - SUPERSEDED] OLD OLD IT Project Guidance - On Front End Framework Selection (III).docx,DOCUMENT,REVIEW,LOW,216,c00c5b84574f44148dfa2481440308c2fcf54cfa114467aa6da48cfee72f8a70,,
[05] Documents\Pourato - Architectural Assessment.docx,TARGET\[00] Management\[90] Review\[10] Classification Required\[31] [05] Documents\[77] Pourato - Architectural Assessment.docx,DOCUMENT,REVIEW,LOW,169,c9b15e6d1fd0fa08236e97924dee40a2037f754ebba252fb5fcc0def569b9a2a,,
[05] Documents\Pourato - ARTF Functionality Consolidation Development Effort Estimation.docx,TARGET\[00] Management\[90] Review\[10] Classification Required\[31] [05] Documents\[78] Pourato - ARTF Functionality Consolidation Development Effort Estimation.docx,DOCUMENT,REVIEW,LOW,207,19b1ba5498d930bb361305c2f6ea314ecd437fc88219b786f9ae95a11c0d71e7,,
[05] Documents\Pourato - Requests Information Modelling.docx,TARGET\[50] Design\[20] Information\[10] Information Architecture\[40] Pourato - Requests Information Modelling.docx,DOCUMENT,SPLIT,MEDIUM,157,249242aa7dd8e2b508cecb80d7e680c95c45ca3ed0852217f8f8e39756bde166,,
[05] Documents\Pourato - Template [DRAFT] - Copy (2).docx,TARGET\[00] Management\[90] Review\[10] Classification Required\[31] [05] Documents\[79 - DRAFT] Pourato - Template - Copy (2).docx,DOCUMENT,REVIEW,LOW,172,bebbb0d44fde421fae52a7dd5723084978b9ac060c6985e7c7e1745bc9c17067,,
[05] Documents\ReadMe.md,TARGET\[00] Management\[90] Review\[10] Classification Required\[31] [05] Documents\[80] ReadMe.md,DOCUMENT,REVIEW,LOW,139,e3b0c44298fc1c149afbf4c8996fb92427ae41e4649b934ca495991b7852b855,,
[05] Documents\Request for Agentic AI Assistance for Pourato.docx,TARGET\[00] Management\[90] Review\[10] Classification Required\[31] [05] Documents\[81] Request for Agentic AI Assistance for Pourato.docx,DOCUMENT,REVIEW,LOW,180,ce5cb4d319715f31e458c3dbbfa013c03a72a55fb866c70bf10fa4035a550515,,
[05] Documents\[01.2.01.02] IT Project - SELF Framework.docx,TARGET\[00] Management\[90] Review\[10] Classification Required\[31] [05] Documents\[16] IT Project - SELF Framework.docx,DOCUMENT,REVIEW,LOW,162,a35b6a793510afac428b41ac7ab207a9312d44dfa8af77cc8e82506900d795c4,,
[05] Documents\[] IT Project Guidance - Technical - Introduction to Containers.docx,TARGET\[00] Management\[90] Review\[10] Classification Required\[31] [05] Documents\[01] [] IT Project Guidance - Technical - Introduction to Containers.docx,DOCUMENT,REVIEW,LOW,198,7e6a033bd3dd500f7858c7053e8e34e010698cb06ca07d29c68ba9c2fa176b6a,,
[05] Documents\_INDEX.txt,TARGET\[00] Management\[90] Review\[10] Classification Required\[31] [05] Documents\[12] INDEX.txt,DOCUMENT,REVIEW,LOW,139,e3b0c44298fc1c149afbf4c8996fb92427ae41e4649b934ca495991b7852b855,,
[05] Documents\_IT Project - Template [DRAFT] - Copy.docx,TARGET\[00] Management\[90] Review\[10] Classification Required\[31] [05] Documents\[17 - DRAFT] IT Project - Template - Copy.docx,DOCUMENT,REVIEW,LOW,171,bebbb0d44fde421fae52a7dd5723084978b9ac060c6985e7c7e1745bc9c17067,,
[05] Documents\_IT Project - Template [DRAFT].docx,TARGET\[00] Management\[90] Review\[10] Classification Required\[31] [05] Documents\[18 - DRAFT] IT Project - Template.docx,DOCUMENT,REVIEW,LOW,164,bebbb0d44fde421fae52a7dd5723084978b9ac060c6985e7c7e1745bc9c17067,,
[05] Documents\_IT Project Guidance [] On Data and Actionable Information.docx,TARGET\[50] Design\[20] Information\[10] Information Architecture\[15] IT Project Guidance [] On Data and Actionable Information.docx,DOCUMENT,SPLIT,MEDIUM,174,926f0d362fffea53492a9c6f40fb2a30ed00a5a33f8045b463fabcb65a5057d9,,
"[05] Documents\_PORTED_ICT Project Guidance - Development - Code Repository Configuration, Operation and Maintenance.docx","TARGET\[00] Management\[90] Review\[10] Classification Required\[31] [05] Documents\[68] PORTED_ICT Project Guidance - Development - Code Repository Configuration,~c06bbc3e.docx",DOCUMENT,REVIEW,LOW,218,64d9baa361296d0a40b6350bb3c39fbf0eafe7a607f7555e5ef63b215bb07da6,,
[05] Documents\_PORTED_ICT Project Guidance - Discovery - System Domain - Common Capabilities.docx,TARGET\[00] Management\[90] Review\[10] Classification Required\[31] [05] Documents\[69] PORTED_ICT Project Guidance - Discovery - System Domain - Common Capabilities.docx,DOCUMENT,REVIEW,LOW,212,de470b145eb534ed3104e27e4ba152ec1ecc314c118815a97ae09eac7f9476ec,,
[05] Documents\_PORTED_IT Project - Guidance [Design] - API & Integration Platform Option Considerations.docx,TARGET\[00] Management\[90] Review\[10] Classification Required\[31] [05] Documents\[70] PORTED_IT Project - Guidance [Design] - API & Integration Platform Option C~716943d6.docx,DOCUMENT,REVIEW,LOW,219,5db937e52232657d4f4098c7dfdac82e193f4d4249ef6d2abac4b16e6a4e773e,,
[05] Documents\_PORTED_IT Project - Guidance [Design] - API & Integration Platform Option Considerations_TODECIDE_A.docx,TARGET\[00] Management\[90] Review\[10] Classification Required\[31] [05] Documents\[71] PORTED_IT Project - Guidance [Design] - API & Integration Platform Option C~2ca026c2.docx,DOCUMENT,REVIEW,LOW,219,5db937e52232657d4f4098c7dfdac82e193f4d4249ef6d2abac4b16e6a4e773e,,
[05] Documents\_PORTED_IT Project Guidance - On Internationalisation.docx,TARGET\[00] Management\[90] Review\[10] Classification Required\[31] [05] Documents\[72] PORTED_IT Project Guidance - On Internationalisation.docx,DOCUMENT,REVIEW,LOW,187,19165ca0b699b470d2051357a1b7bff9d6ed8811d4430db7a664e4c076c22728,,
[05] Documents\_PORTED_IT Project Guidance [10.10.Setup] - Resourcing - Developers.docx,TARGET\[00] Management\[90] Review\[10] Classification Required\[31] [05] Documents\[73] PORTED_IT Project Guidance [10.10.Setup] - Resourcing - Developers.docx,DOCUMENT,REVIEW,LOW,201,4353a1b164111de9359ae2dffceedc6bf3eae5033cadeaaa53d363199c241122,,
[05] Documents\_PORTED_IT Project Guidance [70.00 Development] - Evaluating the Use of Microservice Architecture.docx,TARGET\[00] Management\[90] Review\[10] Classification Required\[31] [05] Documents\[74] PORTED_IT Project Guidance [70.00 Development] - Evaluating the Use of Micr~0d850042.docx,DOCUMENT,REVIEW,LOW,219,20f28ed9f8803e14942d0db58f1b3874d342e48ae8a80fba899efbf9264d436d,,
[05] Documents\_PORTED_OLDER_IT Project - Guidance [Design] - API & Integration Platform Option Considerations.docx,TARGET\[00] Management\[90] Review\[10] Classification Required\[31] [05] Documents\[75 - SUPERSEDED] PORTED_OLDER_IT Project - Guidance [Design] - API & Integratio~9f667091.docx,DOCUMENT,REVIEW,LOW,219,15fde29bf8bf6b5c3a3e705da9db46e2d0e87fe49da9819f5d812131acebfb11,,
[05] Documents\_PORTED_OLDER_IT Project - Guidance [Design] - API & Integration Platform Option Considerations_TODECIDE_B.docx,TARGET\[00] Management\[90] Review\[10] Classification Required\[31] [05] Documents\[76 - SUPERSEDED] PORTED_OLDER_IT Project - Guidance [Design] - API & Integratio~fe3a7ca8.docx,DOCUMENT,REVIEW,LOW,219,15fde29bf8bf6b5c3a3e705da9db46e2d0e87fe49da9819f5d812131acebfb11,,
[05] Documents\01.Draft\00.00 Project Glossary [DRAFT].docx,TARGET\[00] Management\[90] Review\[10] Classification Required\[32] 01.Draft\[63 - DRAFT] Project Glossary.docx,DOCUMENT,REVIEW,LOW,153,3bad25ffed80b605b69ddc8135168d0aed1023ecfd310a3e38ee096438c04d16,,
[05] Documents\01.Draft\01.01 Generic IT Project BizCase - Quality Requirements - Questions [DRAFT].docx,TARGET\[00] Management\[90] Review\[10] Classification Required\[32] 01.Draft\[01 - DRAFT] Generic IT Project BizCase - Quality Requirements - Questions.docx,DOCUMENT,REVIEW,LOW,198,0ddfa33b986c559c6239cc6d326a75a91b1abf3d12b07fb2b04751acad7b6334,,
[05] Documents\01.Draft\02.01 Generic IT Project Procurement Risks [DRAFT].docx,TARGET\[00] Management\[90] Review\[10] Classification Required\[32] 01.Draft\[10 - DRAFT] Generic IT Project Procurement Risks.docx,DOCUMENT,REVIEW,LOW,173,3d8e1724ee7b87bf4aaff9a5db1efb5f4077ff917da331946d6f6bb7aabe9f4f,,
[05] Documents\01.Draft\02.02 Generic IT Project Procurement - Functionality - System Domain [DRAFT].docx,TARGET\[00] Management\[90] Review\[10] Classification Required\[32] 01.Draft\[09 - DRAFT] Generic IT Project Procurement - Functionality - System Domain.docx,DOCUMENT,REVIEW,LOW,199,844d979b22929ae6b6c3a84473d7b7e7908edba718cd389b731a088bad5ef022,,
[05] Documents\01.Draft\03.05 Generic IT Project Delivery - Risks & Mitigations [DRAFT].docx,TARGET\[00] Management\[90] Review\[10] Classification Required\[32] 01.Draft\[06 - DRAFT] Generic IT Project Delivery - Risks & Mitigations.docx,DOCUMENT,REVIEW,LOW,186,bfc46088b6b518a952f691bb774286bec82e2436a716271deae3af1279f98ab9,,
[05] Documents\01.Draft\05.02 Generic IT Project Delivery - Methodologies and Processes [DRAFT].docx,TARGET\[00] Management\[90] Review\[10] Classification Required\[32] 01.Draft\[05 - DRAFT] Generic IT Project Delivery - Methodologies and Processes.docx,DOCUMENT,REVIEW,LOW,194,37b8db4e2366b196b8c234746284c5636563509d49af582f3a8320bb9d977734,,
[05] Documents\01.Draft\05.03 Generic IT Project Delivery - Custom Development Guidance II [DRAFT].docx,TARGET\[00] Management\[90] Review\[10] Classification Required\[32] 01.Draft\[03 - DRAFT] Generic IT Project Delivery - Custom Development Guidance II.docx,DOCUMENT,REVIEW,LOW,197,aaa254f366edeb2cd1c8dad2cc504b53ca86996521f2ad82d022f7b012d0e247,,
[05] Documents\01.Draft\05.03 Generic IT Project Delivery - Custom Development Guidance [DRAFT].docx,TARGET\[00] Management\[90] Review\[10] Classification Required\[32] 01.Draft\[04 - DRAFT] Generic IT Project Delivery - Custom Development Guidance.docx,DOCUMENT,REVIEW,LOW,194,3daab3598db7fbb5e96600ae26d1bd95d27b0326dc79e600a20ca4d3b62a8480,,
[05] Documents\01.Draft\05.04 Generic IT Project Delivery - Accreditation [DRAFT].docx,TARGET\[00] Management\[90] Review\[10] Classification Required\[32] 01.Draft\[02 - DRAFT] Generic IT Project Delivery - Accreditation.docx,DOCUMENT,REVIEW,LOW,180,bb4dc5b611a2fc6db69e99fad1bcbc950923d42570798aa3d352a3a600aff9d5,,
[05] Documents\01.Draft\06.03 Generic IT Project Design - Risks & Mitigations [DRAFT].docx,TARGET\[00] Management\[90] Review\[10] Classification Required\[32] 01.Draft\[08 - DRAFT] Generic IT Project Design - Risks & Mitigations.docx,DOCUMENT,REVIEW,LOW,184,27ece03bf98918880f3d2a143522297a79eb9c5322f185db385c45dab8014198,,
[05] Documents\01.Draft\07.01 Generic IT Project Design - Core UX Patterns [DRAFT].docx,TARGET\[00] Management\[90] Review\[10] Classification Required\[32] 01.Draft\[07 - DRAFT] Generic IT Project Design - Core UX Patterns.docx,DOCUMENT,REVIEW,LOW,181,742a73636758c57e13a8641da3f6b281f7e275ba3eaf958d62e03717c04427db,,
[05] Documents\01.Draft\ICT Project Guidance - An Introduction [DRAFT].docx,TARGET\[00] Management\[90] Review\[10] Classification Required\[32] 01.Draft\[11 - DRAFT] ICT Project Guidance - An Introduction.docx,DOCUMENT,REVIEW,LOW,175,cf0fbf51ddaa84adf0ec99cd9c966746387006a80ec517c2297746c894cd2dac,,
[05] Documents\01.Draft\ICT Project Guidance - Definition - Default System Quality Requirements - NZ Education Domain SuperSet [DRAFT].docx,TARGET\[00] Management\[90] Review\[10] Classification Required\[32] 01.Draft\[13 - DRAFT] ICT Project Guidance - Definition - Default System Quality Requirements~4662a966.docx,DOCUMENT,REVIEW,LOW,217,1feb7179be04403b742430c0123ae35755aad971c2d4be215c965b5d475c731b,,
[05] Documents\01.Draft\ICT Project Guidance - Definition - Default System Quality Requirements - NZ Government Domain SuperSet [DRAFT].docx,TARGET\[00] Management\[90] Review\[10] Classification Required\[32] 01.Draft\[14 - DRAFT] ICT Project Guidance - Definition - Default System Quality Requirements~77d45515.docx,DOCUMENT,REVIEW,LOW,217,1feb7179be04403b742430c0123ae35755aad971c2d4be215c965b5d475c731b,,
[05] Documents\01.Draft\ICT Project Guidance - Definition - Default System Quality Requirements - NZ Ministry of Education Organisation SuperSet [DRAFT].docx,TARGET\[00] Management\[90] Review\[10] Classification Required\[32] 01.Draft\[15 - DRAFT] ICT Project Guidance - Definition - Default System Quality Requirements~7aecd114.docx,DOCUMENT,REVIEW,LOW,217,1feb7179be04403b742430c0123ae35755aad971c2d4be215c965b5d475c731b,,
[05] Documents\01.Draft\ICT Project Guidance - Definition - Project Requirements - Desc [DRAFT].docx,TARGET\[00] Management\[90] Review\[10] Classification Required\[32] 01.Draft\[16 - DRAFT] ICT Project Guidance - Definition - Project Requirements - Desc.docx,DOCUMENT,REVIEW,LOW,200,437aab888076cf4d2221821109f4cbbe7f519434a195708aae8d5796ec2215fa,,
[05] Documents\01.Draft\ICT Project Guidance - Definition - Transitional Requirements - MESSY SOURCE[DRAFT].docx,TARGET\[00] Management\[90] Review\[10] Classification Required\[32] 01.Draft\[17 - DRAFT] ICT Project Guidance - Definition - Transitional Requirements - MESSY SOURCE.docx,DOCUMENT,REVIEW,LOW,213,bb3facc9b7fddffaf398fb2db9624e51c14e38082e61787dca1600c3a8966581,,
[05] Documents\01.Draft\ICT Project Guidance - Design - Cloud Based Infrastructure - using Azure [DRAFT].docx,TARGET\[00] Management\[90] Review\[10] Classification Required\[32] 01.Draft\[18 - DRAFT] ICT Project Guidance - Design - Cloud Based Infrastructure - using Azure.docx,DOCUMENT,REVIEW,LOW,209,a0f88fb238c3b0c59ac7d8d6b0bbe0f17f0401782526b411f0ed54f2d0f6490f,,
[05] Documents\01.Draft\ICT Project Guidance - Design - DataHubs [DRAFT].docx,TARGET\[00] Management\[90] Review\[10] Classification Required\[32] 01.Draft\[19 - DRAFT] ICT Project Guidance - Design - DataHubs.docx,DOCUMENT,REVIEW,LOW,177,c5cfc58a567fe6b0a6b31835c051b39814c63dd6019abc9e349e5cf365735791,,
[05] Documents\01.Draft\ICT Project Guidance - Design - Interoperability and Offramp [DRAFT].txt,TARGET\[60] Delivery\[50] Integrations\[40] Interoperability and Discovery\[02 - DRAFT] ICT Project Guidance - Design - Interoperability and Offramp.txt,DOCUMENT,SPLIT,MEDIUM,193,e3b0c44298fc1c149afbf4c8996fb92427ae41e4649b934ca495991b7852b855,,
[05] Documents\01.Draft\ICT Project Guidance - Design - Item Grouping [DRAFT].docx,TARGET\[00] Management\[90] Review\[10] Classification Required\[32] 01.Draft\[20 - DRAFT] ICT Project Guidance - Design - Item Grouping.docx,DOCUMENT,REVIEW,LOW,182,3e4373e318184ca7d016f567086ad3239dd8c52c529198c159843ce75efad17e,,
[05] Documents\01.Draft\ICT Project Guidance - Design - Pipeline Develoment using Azure [DRAFT].docx,TARGET\[00] Management\[90] Review\[10] Classification Required\[32] 01.Draft\[21 - DRAFT] ICT Project Guidance - Design - Pipeline Develoment using Azure.docx,DOCUMENT,REVIEW,LOW,200,e78001cd0002a6ce1554685413225cde99e7307de92ebd273548d694fa962f08,,
[05] Documents\01.Draft\ICT Project Guidance - Design - Pipeline Develoment using GitHub [DRAFT].docx,TARGET\[00] Management\[90] Review\[10] Classification Required\[32] 01.Draft\[22 - DRAFT] ICT Project Guidance - Design - Pipeline Develoment using GitHub.docx,DOCUMENT,REVIEW,LOW,201,e78001cd0002a6ce1554685413225cde99e7307de92ebd273548d694fa962f08,,
[05] Documents\01.Draft\ICT Project Guidance - Design - Pipeline Development [DRAFT].docx,TARGET\[00] Management\[90] Review\[10] Classification Required\[32] 01.Draft\[23 - DRAFT] ICT Project Guidance - Design - Pipeline Development.docx,DOCUMENT,REVIEW,LOW,189,e78001cd0002a6ce1554685413225cde99e7307de92ebd273548d694fa962f08,,
[05] Documents\01.Draft\ICT Project Guidance - Design - System Security [DRAFT].docx,TARGET\[00] Management\[90] Review\[10] Classification Required\[32] 01.Draft\[24 - DRAFT] ICT Project Guidance - Design - System Security.docx,DOCUMENT,REVIEW,LOW,184,e78001cd0002a6ce1554685413225cde99e7307de92ebd273548d694fa962f08,,
[05] Documents\01.Draft\ICT Project Guidance - Development - Code Management [DRAFT].docx,TARGET\[00] Management\[90] Review\[10] Classification Required\[10 - DRAFT] ICT Project Guidance - Development - Code Management.docx,DOCUMENT,SPLIT,MEDIUM,175,d64732f97fd8a00d875b8d182133b90e0ed52bb9d0d431b84150e1075eefeda4,,
[05] Documents\01.Draft\ICT Project Guidance - Development - Custom Development Component Design (2) [DRAFT].docx,TARGET\[60] Delivery\[70] Verification\[10] Component and System Testing\[20 - DRAFT] ICT Project Guidance - Development - Custom Development Component Design (2).docx,DOCUMENT,SPLIT,MEDIUM,208,424dccb088922ce8469b99782f6375848f20f02c1f0b4767731ca9fb2fcf13e7,,
[05] Documents\01.Draft\ICT Project Guidance - Development - Custom Development Component Design [DRAFT].docx,TARGET\[60] Delivery\[70] Verification\[10] Component and System Testing\[30 - DRAFT] ICT Project Guidance - Development - Custom Development Component Design.docx,DOCUMENT,SPLIT,MEDIUM,204,14b17c992e67c99c531f218ce323e6379d0b6373ea2717413f06b5ea618387c0,,
[05] Documents\01.Draft\ICT Project Guidance - Discovery - Digital Resource Archiving and Destruction [DRAFT].docx,TARGET\[60] Delivery\[50] Integrations\[40] Interoperability and Discovery\[04 - DRAFT] ICT Project Guidance - Discovery - Digital Resource Archiving and Destruction.docx,DOCUMENT,SPLIT,MEDIUM,211,5ca0b9ba3d2dae6c95d6f069b2fedb6fddf6ac73172f9b30491d4c26f5456a98,,
[05] Documents\01.Draft\ICT Project Guidance - Discovery - Education Sector - Interoperability Protocols [DRAFT].docx,TARGET\[60] Delivery\[50] Integrations\[40] Interoperability and Discovery\[06 - DRAFT] ICT Project Guidance - Discovery - Education Sector - Interoperability Protocols.docx,DOCUMENT,SPLIT,MEDIUM,214,113c6adcecbea10fd315b2ca228fb7d188e4e52d838db36b8b8a3ef2af9f8432,,
[05] Documents\01.Draft\ICT Project Guidance - Education Sector - Assessment Automated Item Generation [DRAFT].docx,TARGET\[00] Management\[90] Review\[10] Classification Required\[32] 01.Draft\[25 - DRAFT] ICT Project Guidance - Education Sector - Assessment Automated Item Generation.docx,DOCUMENT,REVIEW,LOW,215,07484a274761d90b0c5939d92542dbec1902986af5b9e25e9d88408728241ee8,,
[05] Documents\01.Draft\ICT Project Guidance - Education Sector - Basic Context Information [DRAFT].docx,TARGET\[00] Management\[90] Review\[10] Classification Required\[32] 01.Draft\[26 - DRAFT] ICT Project Guidance - Education Sector - Basic Context Information.docx,DOCUMENT,REVIEW,LOW,204,73163a2c7d1431dc2561e39d42269ffba509ca8024284bd1a42e48c329cab0c8,,
[05] Documents\01.Draft\ICT Project Guidance - Education Sector - Service Technology Types [DRAFT].docx,TARGET\[00] Management\[90] Review\[10] Classification Required\[32] 01.Draft\[27 - DRAFT] ICT Project Guidance - Education Sector - Service Technology Types.docx,DOCUMENT,REVIEW,LOW,203,db0b5597dc930be8bd12a9c473720543e87416ca7e691326390f45508d1b6d99,,
[05] Documents\01.Draft\ICT Project Guidance - Education Sector - Text and Item Qualities [DRAFT].docx,TARGET\[00] Management\[90] Review\[10] Classification Required\[32] 01.Draft\[28 - DRAFT] ICT Project Guidance - Education Sector - Text and Item Qualities.docx,DOCUMENT,REVIEW,LOW,202,da7da64bbcb9e1789bfedc89a61b5c7d9a2e531b5deb304f8da479c9d48493e6,,
[05] Documents\01.Draft\ICT Project Guidance - Supporting Systems to Consider for Business Stakeholders [DRAFT].docx,TARGET\[00] Management\[90] Review\[10] Classification Required\[32] 01.Draft\[29 - SUPERSEDED] ICT Project Guidance - Supporting Systems to Consider for Business S~8fd5cd1b.docx,DOCUMENT,REVIEW,LOW,219,9fdab65c12338d602ef8f8ce00d5fb8f5f4ef28287ea2c423b9dc3c8f969411a,,
[05] Documents\01.Draft\ICT Project Guidance - Technical Implementation - Onboarding Partners [DRAFT].docx,TARGET\[00] Management\[90] Review\[10] Classification Required\[32] 01.Draft\[30 - DRAFT] ICT Project Guidance - Technical Implementation - Onboarding Partners.docx,DOCUMENT,REVIEW,LOW,206,07484a274761d90b0c5939d92542dbec1902986af5b9e25e9d88408728241ee8,,
[05] Documents\01.Draft\ICT Project Guidance [Design] - Integrations - Identity Providers [DRAFT].docx,TARGET\[00] Management\[90] Review\[10] Classification Required\[32] 01.Draft\[31 - DRAFT] ICT Project Guidance [Design] - Integrations - Identity Providers.docx,DOCUMENT,REVIEW,LOW,202,d45887f9e9a564394ec35cb527de74cfb571ee73e9ad91fd675b3b7bb4218109,,
[05] Documents\01.Draft\ICT Project Guidance [Discovery] - Deliverables - SOURCE [DRAFT].docx,TARGET\[60] Delivery\[50] Integrations\[40] Interoperability and Discovery\[10 - DRAFT] ICT Project Guidance [Discovery] - Deliverables - SOURCE.docx,DOCUMENT,SPLIT,MEDIUM,190,3ad568839027e28b6fd532c3bf3f64f73473c4eab31d8f96527d7db081004e49,,
"[05] Documents\01.Draft\ICT Project Guidance [Discovery] - Services, Accounts, Subscriptions & Features [DRAFT].docx","TARGET\[60] Delivery\[50] Integrations\[40] Interoperability and Discovery\[14 - DRAFT] ICT Project Guidance [Discovery] - Services, Accounts, Subscriptions & Features.docx",DOCUMENT,SPLIT,MEDIUM,213,6df8f1b8babafe29677686274ff4fed330a7d20bd55c97a10075607e90b599bd,,
[05] Documents\01.Draft\ICT Project Guidance [Discovery] - Technical - Resource Based Access Control [DRAFT].docx,TARGET\[00] Management\[90] Review\[10] Classification Required\[32] 01.Draft\[32 - DRAFT] ICT Project Guidance [Discovery] - Technical - Resource Based Access Control.docx,DOCUMENT,REVIEW,LOW,213,8d98bcf6215320bf2aa942140621ec9a0f616ed176fc96cc406d48dbfd069ffc,,
[05] Documents\01.Draft\IT Project Guidance [10.20-HowTo] - Diagram [DRAFT].docx,TARGET\[00] Management\[90] Review\[10] Classification Required\[32] 01.Draft\[33 - DRAFT] IT Project Guidance [10.20-HowTo] - Diagram.docx,DOCUMENT,REVIEW,LOW,180,ae1c6d0df098569eb6df66445a49069343808363829a0eb78aeed2997482c73d,,
[05] Documents\01.Draft\IT Project Guidance [10.20-HowTo] - Options Paper [DRAFT].docx,TARGET\[00] Management\[90] Review\[10] Classification Required\[32] 01.Draft\[34 - DRAFT] IT Project Guidance [10.20-HowTo] - Options Paper.docx,DOCUMENT,REVIEW,LOW,186,f75dde35f73994db762a5f90abc63f13ee45381331ccba68090ebf40abe4f401,,
[05] Documents\01.Draft\IT Project Guidance [32.00-Definition] - Glossary - Delivery [DRAFT].docx,TARGET\[00] Management\[90] Review\[10] Classification Required\[32] 01.Draft\[35 - DRAFT] IT Project Guidance [32.00-Definition] - Glossary - Delivery.docx,DOCUMENT,REVIEW,LOW,197,050b3debc8ab7d84b30f42098daecc3922c685b4a3e91381170e1aaa54b53d69,,
[05] Documents\01.Draft\IT Project Guidance [32.00-Definition] - Requirements Types and their Development [DRAFT].docx,TARGET\[00] Management\[90] Review\[10] Classification Required\[32] 01.Draft\[36 - DRAFT] IT Project Guidance [32.00-Definition] - Requirements Types and their Development.docx,DOCUMENT,REVIEW,LOW,218,68583746ad688f16639e0d61480331c7c2d64ae8561f562ae7c6a450a6202107,,
[05] Documents\01.Draft\IT Project Guidance [33.00-Definition] - Principles - Component Design [DRAFT].docx,TARGET\[60] Delivery\[70] Verification\[10] Component and System Testing\[40 - DRAFT] IT Project Guidance [33.00-Definition] - Principles - Component Design.docx,DOCUMENT,SPLIT,MEDIUM,202,b006315ea03101a4a3dab6817169234a5eff690bdeefe1bd78d7aeb0a1c3a00b,,
[05] Documents\01.Draft\IT Project Guidance [33.00-Definition] - Principles - Design [DRAFT].docx,TARGET\[00] Management\[90] Review\[10] Classification Required\[32] 01.Draft\[37 - DRAFT] IT Project Guidance [33.00-Definition] - Principles - Design.docx,DOCUMENT,REVIEW,LOW,197,8d353f9c0841969695be2bc0bbb73b3be5c21d7418b7347b675ca2adb1b31571,,
[05] Documents\01.Draft\IT Project Guidance [33.00-Definition] - Principles - Development - notes [DRAFT].docx,TARGET\[00] Management\[90] Review\[10] Classification Required\[32] 01.Draft\[38 - DRAFT] IT Project Guidance [33.00-Definition] - Principles - Development - notes.docx,DOCUMENT,REVIEW,LOW,210,ee673ac08645f5eda8e471a0847adfcc9d9e46c89d48219d6bb7576ec318dcea,,
[05] Documents\01.Draft\IT Project Guidance [33.00-Definition] - Principles - Development [DRAFT].docx,TARGET\[00] Management\[90] Review\[10] Classification Required\[32] 01.Draft\[39 - DRAFT] IT Project Guidance [33.00-Definition] - Principles - Development.docx,DOCUMENT,REVIEW,LOW,202,fc0ac5cd921afe21873b084572b74f7d626db04969242325aace09a0e21d228c,,
[05] Documents\01.Draft\IT Project Guidance [33.00-Definition] - Principles - Interface [DRAFT].docx,TARGET\[00] Management\[90] Review\[10] Classification Required\[32] 01.Draft\[40 - DRAFT] IT Project Guidance [33.00-Definition] - Principles - Interface.docx,DOCUMENT,REVIEW,LOW,200,a60ddd3f31963cc388aef4ace749c0f579883b1f5a183040f2bd140d1768fd2e,,
[05] Documents\01.Draft\IT Project Guidance [33.00-Definition] - Principles - Monitoring [DRAFT].docx,TARGET\[60] Delivery\[90] Operational Enablement\[20] Monitoring and Alerting\[20 - DRAFT] IT Project Guidance [33.00-Definition] - Principles - Monitoring.docx,DOCUMENT,SPLIT,MEDIUM,201,44a43131a6829afa6f1cc4d1c823dfedc756888fcc4c431e3ec0cc82686f69b0,,
[05] Documents\01.Draft\IT Project Guidance [33.00-Definition] - Principles [DRAFT].docx,TARGET\[00] Management\[90] Review\[10] Classification Required\[32] 01.Draft\[41 - DRAFT] IT Project Guidance [33.00-Definition] - Principles.docx,DOCUMENT,REVIEW,LOW,188,3b63058b0855a11ae24a5b14886772e6cae07454724059b3d5f8d1f780cb4b88,,
[05] Documents\01.Draft\IT Project Guidance [36.00-Definition] - System Quality Requirements - Baseline [DRAFT].docx,TARGET\[00] Management\[90] Review\[10] Classification Required\[32] 01.Draft\[42 - DRAFT] IT Project Guidance [36.00-Definition] - System Quality Requirements - Baseline.docx,DOCUMENT,REVIEW,LOW,216,482679d484116f544837c37dde1757402cd3135fe3f2a9d1c9acce98f12112e3,,
[05] Documents\01.Draft\IT Project Guidance [36.00-Definition] - Transitional Requirements - Internal [DRAFT].docx,TARGET\[00] Management\[90] Review\[10] Classification Required\[32] 01.Draft\[43 - DRAFT] IT Project Guidance [36.00-Definition] - Transitional Requirements - Internal.docx,DOCUMENT,REVIEW,LOW,214,933a3470d4624ec0cf82093c06b8f026fc6db303a55f2475852be9c407b9d4a5,,
[05] Documents\01.Draft\IT Project Guidance [36.00-Definition] - User Requirements [DRAFT].docx,TARGET\[00] Management\[90] Review\[10] Classification Required\[32] 01.Draft\[44 - DRAFT] IT Project Guidance [36.00-Definition] - User Requirements.docx,DOCUMENT,REVIEW,LOW,195,af83562d9a83436fd715a69d8a9d777b7624f74b093c2e24646b2fb9cac9ff96,,
[05] Documents\01.Draft\IT Project Guidance [37.00-Definition] - User Story Development [DRAFT].docx,TARGET\[00] Management\[90] Review\[10] Classification Required\[32] 01.Draft\[45 - DRAFT] IT Project Guidance [37.00-Definition] - User Story Development.docx,DOCUMENT,REVIEW,LOW,200,922a6257ba58086c4f0ea91127ab33a7f6f345d1843f34bd3ecace08e312c98f,,
[05] Documents\01.Draft\IT Project Guidance [38.00-Discovery] - Default User Requirement Development [DRAFT].docx,TARGET\[60] Delivery\[50] Integrations\[40] Interoperability and Discovery\[28 - DRAFT] IT Project Guidance [38.00-Discovery] - Default User Requirement Development.docx,DOCUMENT,SPLIT,MEDIUM,210,c3e9c625dffc8a2c0f95fa0c37315f604b996c0e23850e7866c76bc7e09b69c0,,
[05] Documents\01.Draft\IT Project Guidance [38.00-Discovery] - Deliverables - Definition [DRAFT].docx,TARGET\[60] Delivery\[50] Integrations\[40] Interoperability and Discovery\[30 - DRAFT] IT Project Guidance [38.00-Discovery] - Deliverables - Definition.docx,DOCUMENT,SPLIT,MEDIUM,199,f9cbb1267a41cca6598ab8f355da9856d71ac4333465d49ca00fe214ca22d86e,,
[05] Documents\01.Draft\IT Project Guidance [38.00-Discovery] - Deliverables - Design [DRAFT].docx,TARGET\[60] Delivery\[50] Integrations\[40] Interoperability and Discovery\[32 - DRAFT] IT Project Guidance [38.00-Discovery] - Deliverables - Design.docx,DOCUMENT,SPLIT,MEDIUM,195,789c9fae48047035f2028104a7eb6ede2a948258d3bcb765fe531daf46e85718,,
[05] Documents\01.Draft\IT Project Guidance [38.00-Discovery] - Deliverables - Development [DRAFT].docx,TARGET\[60] Delivery\[50] Integrations\[40] Interoperability and Discovery\[34 - DRAFT] IT Project Guidance [38.00-Discovery] - Deliverables - Development.docx,DOCUMENT,SPLIT,MEDIUM,200,0966f77b1df237f7a0c18e3376379546e7b3e2b9a619dd84b908c8bc5ba5456a,,
[05] Documents\01.Draft\IT Project Guidance [38.00-Discovery] - Deliverables - Discovery [DRAFT].docx,TARGET\[60] Delivery\[50] Integrations\[40] Interoperability and Discovery\[36 - DRAFT] IT Project Guidance [38.00-Discovery] - Deliverables - Discovery.docx,DOCUMENT,SPLIT,MEDIUM,198,43416bf968d6068a6ba71f0fa53adfd34593a488be9b0328b60bd4fecdbd9b94,,
[05] Documents\01.Draft\IT Project Guidance [38.00-Discovery] - Deliverables - Infrastructure [DRAFT].docx,TARGET\[60] Delivery\[50] Integrations\[40] Interoperability and Discovery\[38 - DRAFT] IT Project Guidance [38.00-Discovery] - Deliverables - Infrastructure.docx,DOCUMENT,SPLIT,MEDIUM,203,140164d8f72dbfbabbebfcf19b25be6e8a6405454c8ed640885cf8bdc92aed92,,
[05] Documents\01.Draft\IT Project Guidance [38.00-Discovery] - Deliverables - Operations [DRAFT].docx,TARGET\[00] Management\[90] Review\[10] Classification Required\[32] 01.Draft\[46 - DRAFT] IT Project Guidance [38.00-Discovery] - Deliverables - Operations.docx,DOCUMENT,REVIEW,LOW,202,b59fe96ffdde145d90496b2f04fd74df7a8b133649cf2762990fd9893b8864a8,,
[05] Documents\01.Draft\IT Project Guidance [38.00-Discovery] - Deliverables - Quality Assurance [DRAFT].docx,TARGET\[60] Delivery\[50] Integrations\[40] Interoperability and Discovery\[40 - DRAFT] IT Project Guidance [38.00-Discovery] - Deliverables - Quality Assurance.docx,DOCUMENT,SPLIT,MEDIUM,206,089bb141df366461ee22c4d7fe7d2d8530028ef835fc821c55f0a0e0ac9dfaad,,
[05] Documents\01.Draft\IT Project Guidance [38.00-Discovery] - Deliverables - SOURCE II [DRAFT].docx,TARGET\[60] Delivery\[50] Integrations\[40] Interoperability and Discovery\[42 - DRAFT] IT Project Guidance [38.00-Discovery] - Deliverables - SOURCE II.docx,DOCUMENT,SPLIT,MEDIUM,198,095abd39f9fa14b428335ce51602a835614f3debeee99374b93b2456eb4351bc,,
[05] Documents\01.Draft\IT Project Guidance [41.00-Design] - API [DRAFT].docx,TARGET\[00] Management\[90] Review\[10] Classification Required\[32] 01.Draft\[47 - DRAFT] IT Project Guidance [41.00-Design] - API.docx,DOCUMENT,REVIEW,LOW,177,11e87a527401dfc02a379c17a6f56917e27e70e06a5bae270a2cc319d3ebd689,,
[05] Documents\01.Draft\IT Project Guidance [41.00-Design] - Cloud based Infrastructure - using AWS [DRAFT].docx,TARGET\[00] Management\[90] Review\[10] Classification Required\[32] 01.Draft\[48 - DRAFT] IT Project Guidance [41.00-Design] - Cloud based Infrastructure - using AWS.docx,DOCUMENT,REVIEW,LOW,212,be0b27c007e1c541594675c57e460ede6707617bf05671a29f8670a463b480bd,,
[05] Documents\01.Draft\IT Project Guidance [41.00-Design] - Cloud Based Infrastructure [DRAFT].docx,TARGET\[00] Management\[90] Review\[10] Classification Required\[32] 01.Draft\[49 - DRAFT] IT Project Guidance [41.00-Design] - Cloud Based Infrastructure.docx,DOCUMENT,REVIEW,LOW,200,8a96c8801f5debde9b48619db02f43aed634adc9c7273e641057b101a20b9355,,
[05] Documents\01.Draft\IT Project Guidance [51.00-Development] - Custom Development GUI Patterns [DRAFT].docx,TARGET\[00] Management\[90] Review\[10] Classification Required\[32] 01.Draft\[50 - DRAFT] IT Project Guidance [51.00-Development] - Custom Development GUI Patterns.docx,DOCUMENT,REVIEW,LOW,210,6bb50b0cf0b0cac56ac83eda002655d75ed0757224f76048a3093393861ed89e,,
[05] Documents\01.Draft\IT Project Guidance [51.00-Development] - Custom Development Service Code Patterns [DRAFT].docx,TARGET\[00] Management\[90] Review\[10] Classification Required\[32] 01.Draft\[51 - DRAFT] IT Project Guidance [51.00-Development] - Custom Development Service Code Patterns.docx,DOCUMENT,REVIEW,LOW,219,c99a966847db143deb7e787c18f613bfc72b201d035f390014d236626c30bb0a,,
[05] Documents\01.Draft\IT Project Guidance [51.00-Development] - Database Optimisation [DRAFT].docx,TARGET\[00] Management\[90] Review\[10] Classification Required\[32] 01.Draft\[52 - DRAFT] IT Project Guidance [51.00-Development] - Database Optimisation.docx,DOCUMENT,REVIEW,LOW,200,0cc6c148bce80524b98b12ab73604e187bff08fe31a3ecef97913639925004d1,,
[05] Documents\01.Draft\IT Project Guidance [51.00-Development] - Delivery Pipeline [DRAFT].docx,TARGET\[00] Management\[90] Review\[10] Classification Required\[32] 01.Draft\[53 - DRAFT] IT Project Guidance [51.00-Development] - Delivery Pipeline.docx,DOCUMENT,REVIEW,LOW,196,3e792c7be5291674c7e9376d38311ac45737a80b51bf3672632ef354b4736b9e,,
[05] Documents\01.Draft\IT Project Guidance [51.00-Development] - Quality Assurance [DRAFT].docx,TARGET\[00] Management\[90] Review\[10] Classification Required\[32] 01.Draft\[54 - DRAFT] IT Project Guidance [51.00-Development] - Quality Assurance.docx,DOCUMENT,REVIEW,LOW,196,bfc2844669bc42b46ce05791182d44cd4a58430b2c006c41a5560f4f58d49dd9,,
[05] Documents\01.Draft\IT Project Guidance [51.00-Development] - Technical - Common Interface Patterns [DRAFT].docx,TARGET\[00] Management\[90] Review\[10] Classification Required\[32] 01.Draft\[55 - DRAFT] IT Project Guidance [51.00-Development] - Technical - Common Interface Patterns.docx,DOCUMENT,REVIEW,LOW,216,82f42909d6627f58a782c040714ca096036dd9c034b9c42cea4d11032f2fa097,,
[05] Documents\01.Draft\IT Project Guidance [51.00-Development] [DRAFT].docx,TARGET\[00] Management\[90] Review\[10] Classification Required\[32] 01.Draft\[56 - DRAFT] IT Project Guidance [51.00-Development].docx,DOCUMENT,REVIEW,LOW,176,8e8ee507ef6e5effce96419b028ee5d456574c24c0fc353298e703b234c9136b,,
[05] Documents\01.Draft\IT Project Guidance [Design] - Delivery Pipeline [DRAFT].docx,TARGET\[00] Management\[90] Review\[10] Classification Required\[32] 01.Draft\[58 - DRAFT] IT Project Guidance [Design] - Delivery Pipeline.docx,DOCUMENT,REVIEW,LOW,185,c1ddc15d824f6f89e1593569303e5fd65e4bddf6f4fc1d1e0e2c31d31489a336,,
[05] Documents\01.Draft\IT Project Guidance [Direction] - Reducing Risk by Considering Sources of Misjudgement [DRAFT].docx,TARGET\[00] Management\[90] Review\[10] Classification Required\[32] 01.Draft\[59 - DRAFT] IT Project Guidance [Direction] - Reducing Risk by Considering Sources of~10856f74.docx,DOCUMENT,REVIEW,LOW,219,98122ffe91bab7032094c00870fd4161226cd71df36b6f2560334d4b94e6a5aa,,
[05] Documents\01.Draft\IT Project Guidance [Documentation] - For System Users [DRAFT].docx,TARGET\[00] Management\[90] Review\[10] Classification Required\[32] 01.Draft\[60 - DRAFT] IT Project Guidance [Documentation] - For System Users.docx,DOCUMENT,REVIEW,LOW,191,0159e897e8f387171615f2c2e2616a48fa6a93d9a45c966a63511a9f50ea7a82,,
[05] Documents\01.Draft\IT Project Guidance [Documentation] - HowTo - Integration Design Description (IDD) [DRAFT].docx,TARGET\[00] Management\[90] Review\[10] Classification Required\[32] 01.Draft\[61 - DRAFT] IT Project Guidance [Documentation] - HowTo - Integration Design Description (IDD).docx,DOCUMENT,REVIEW,LOW,219,1b59be1fa4226225cf2dc74663462939a6e32ea7449bb8ce24e5c9963c978608,,
[05] Documents\01.Draft\_ICT Project Guidance - Database Schema Development [DRAFT].docx,TARGET\[00] Management\[90] Review\[10] Classification Required\[32] 01.Draft\[12 - DRAFT] ICT Project Guidance - Database Schema Development.docx,DOCUMENT,REVIEW,LOW,187,84467bdef4a98347cd3fa4b21bfbeb92cebf399f6fa38be37b99551da889d247,,
[05] Documents\01.Draft\_IT Project Guidance [70.Design] On Deletion- [DRAFT].docx,TARGET\[00] Management\[90] Review\[10] Classification Required\[32] 01.Draft\[57 - DRAFT] IT Project Guidance [70.Design] On Deletion.docx,DOCUMENT,REVIEW,LOW,180,4241ca19fd3acb470f8e194e5b69aba2330ecfe7339e6637b40391d7400749c3,,
[05] Documents\01.Draft\_ON DELETION.txt,TARGET\[00] Management\[90] Review\[10] Classification Required\[32] 01.Draft\[62 - DRAFT] ON DELETION.txt,DOCUMENT,REVIEW,LOW,147,e9c306f0ebaec6d6aa724d50587cce58b1e18be2676f95ca8daef0484163e526,,
[05] Documents\02.ForReview\IT Project Guidance - On Environment as Code (EaC).docx,TARGET\[60] Delivery\[40] Core Service\[40] Registries and Work\[34 - REVIEW] IT Project Guidance - On Environment as Code (EaC).docx,DOCUMENT,MERGE,HIGH,174,703b8f9e45595b06dd491bcd5337643eafeeeedf11c6e9966cdab65279bc1e96,,
[05] Documents\02.ForReview\IT Project Guidance - On Environment as Code (EaC).pdf,TARGET\[60] Delivery\[40] Core Service\[40] Registries and Work\[36 - REVIEW] IT Project Guidance - On Environment as Code (EaC).pdf,DOCUMENT,MERGE,HIGH,173,0ab6043b9857852f11774718e49b850a4ef7e911ce7f6a60c9aa0a91a467727b,,
[05] Documents\02.ForReview\IT Project Guidance - [00.00 - Definition] - Clear Thinking.docx,TARGET\[60] Delivery\[40] Core Service\[40] Registries and Work\[30 - REVIEW] IT Project Guidance - [00.00 - Definition] - Clear Thinking.docx,DOCUMENT,MERGE,HIGH,183,b661e8445ef2dbf54e5216793221a27574f064a3eb7849600cfffa6c497cf4ac,,
[05] Documents\02.ForReview\IT Project Guidance - [00.00 - Definition] - Clear Thinking.pdf,TARGET\[60] Delivery\[40] Core Service\[40] Registries and Work\[32 - REVIEW] IT Project Guidance - [00.00 - Definition] - Clear Thinking.pdf,DOCUMENT,MERGE,HIGH,182,0ec04d6d4091f96259dc9ce7ddf08731369339f84a1df56701d14592756ea059,,
[05] Documents\02.ForReview\IT Project Guidance [70.00 Development] - Evaluating the Use of Microservice Architecture.pdf,TARGET\[60] Delivery\[40] Core Service\[40] Registries and Work\[38 - REVIEW] IT Project Guidance [70.00 Development] - Evaluating the Use of Microservice Architecture.pdf,DOCUMENT,MERGE,HIGH,212,d0b6b3fb5e3a65069ed15b2284fb3b7ee38c2e1dd20aae5bf6ac86be7e4fdcd4,,
[05] Documents\02.ForReview\IT Project Guidance [70.00 Development] - Rationale for .NET.Core for custom enterprise-grade services.docx,TARGET\[60] Delivery\[40] Core Service\[40] Registries and Work\[40 - REVIEW] IT Project Guidance [70.00 Development] - Rationale for .NET.Core for custom enterpris~6ff54523.docx,DOCUMENT,MERGE,HIGH,219,b55b7494bea9499d2a5686d4751e4b2b8933769732ccc8e0bbf9a4c615b096a3,,
[05] Documents\02.ForReview\IT Project Guidance [70.00 Development] - Rationale for .NET.Core for custom enterprise-grade services.pdf,TARGET\[60] Delivery\[40] Core Service\[40] Registries and Work\[42 - REVIEW] IT Project Guidance [70.00 Development] - Rationale for .NET.Core for custom enterprise~ec75dab4.pdf,DOCUMENT,MERGE,HIGH,219,c3d668b2835d8c4d105c92ab8c2db1ae50133842be51532aef70a35b8d20e75f,,
"[05] Documents\02.ForReview\IT Project Guidance [70.00 Development] - Rationale for Microsoft Frameworks, Products and Services.docx","TARGET\[60] Delivery\[40] Core Service\[40] Registries and Work\[44 - REVIEW] IT Project Guidance [70.00 Development] - Rationale for Microsoft Frameworks, Products~14354c38.docx",DOCUMENT,MERGE,HIGH,219,6434d4973e2a89722fb28f0d24f0a2de3c368c09c36a90f1169de330d341c6f0,,
"[05] Documents\02.ForReview\IT Project Guidance [70.00 Development] - Rationale for Microsoft Frameworks, Products and Services.pdf","TARGET\[60] Delivery\[40] Core Service\[40] Registries and Work\[46 - REVIEW] IT Project Guidance [70.00 Development] - Rationale for Microsoft Frameworks, Products~a6bc332d.pdf",DOCUMENT,MERGE,HIGH,218,f7df1ec5fbcf14af1b9c144d37aa9f1a27d665673813b4cbc7fcb6d582dcda99,,
[05] Documents\02.ForReview\IT Project Guidance [70.00 Development] - Rationale for Queryable APIs.docx,TARGET\[60] Delivery\[40] Core Service\[40] Registries and Work\[48 - REVIEW] IT Project Guidance [70.00 Development] - Rationale for Queryable APIs.docx,DOCUMENT,MERGE,HIGH,194,6959ea138396d3fe6ca0f872b647eb043373ff67f89bcba4a40c92cb7c52f01f,,
[05] Documents\02.ForReview\IT Project Guidance [70.00 Development] - Rationale for Queryable APIs.pdf,TARGET\[60] Delivery\[40] Core Service\[40] Registries and Work\[50 - REVIEW] IT Project Guidance [70.00 Development] - Rationale for Queryable APIs.pdf,DOCUMENT,MERGE,HIGH,193,6af520c9af2697547535862153047fa079ee2d0ecd472011cb1e659731b09836,,
[05] Documents\02.ForReview\IT Project Guidance [70.00 Development] - Rationale for the use of ORMs.docx,TARGET\[60] Delivery\[40] Core Service\[40] Registries and Work\[52 - REVIEW] IT Project Guidance [70.00 Development] - Rationale for the use of ORMs.docx,DOCUMENT,MERGE,HIGH,195,37598276c2e0523215012ce324f80a60b760b41e24661caf7e4b91d4f873c486,,
[05] Documents\02.ForReview\IT Project Guidance [70.00 Development] - Rationale for the use of ORMs.pdf,TARGET\[60] Delivery\[40] Core Service\[40] Registries and Work\[54 - REVIEW] IT Project Guidance [70.00 Development] - Rationale for the use of ORMs.pdf,DOCUMENT,MERGE,HIGH,194,815cd1e8531374c8886f0a5ea5d34c63eaba54fd936bd4c15845d8453892c359,,
[05] Documents\02.ForReview\IT Project Guidance [70.00 Development] - Rationale for using DTOs.docx,TARGET\[60] Delivery\[40] Core Service\[40] Registries and Work\[56 - REVIEW] IT Project Guidance [70.00 Development] - Rationale for using DTOs.docx,DOCUMENT,MERGE,HIGH,190,5b0c5973a31fba9406eb198a5c1bb13990aa47e2f5f3f4202524c699fe460110,,
[05] Documents\02.ForReview\IT Project Guidance [70.00 Development] - Rationale for using DTOs.pdf,TARGET\[60] Delivery\[40] Core Service\[40] Registries and Work\[58 - REVIEW] IT Project Guidance [70.00 Development] - Rationale for using DTOs.pdf,DOCUMENT,MERGE,HIGH,189,c2bc6e235d19cc56ed0a6252ad0a815aa843f2d9da2d952fe5adf06a817e7be4,,
[05] Documents\25.Service Development Guidelines\01.Generic Development View.docx,TARGET\[60] Delivery\[40] Core Service\[90] Development Requiring Detail\[05] Generic Development View.docx,DOCUMENT,MERGE,HIGH,148,54d551ea8f9451121dfb0a4c953ff43207a105ae8dc59aa32faa41963eed362e,,
[05] Documents\64.NZ\NZ Govt\ICT Project Guidance - Definition - Glossary - Government Sector [DRAFT].docx,TARGET\[00] Management\[90] Review\[10] Classification Required\[33] NZ Govt\[10 - DRAFT] ICT Project Guidance - Definition - Glossary - Government Sector.docx,DOCUMENT,REVIEW,LOW,200,c8a5da77def21b505eaafd17696fdec18beaf8c358b673274726f2e039dd3eb4,,
[05] Documents\64.NZ\NZ Govt\ICT Project Guidance - New Zealand Government Office Procurement Processes [DRAFT].docx,TARGET\[00] Management\[90] Review\[10] Classification Required\[33] NZ Govt\[20 - DRAFT] ICT Project Guidance - New Zealand Government Office Procurement Processes.docx,DOCUMENT,REVIEW,LOW,210,3ca051ba35662566c3695d15c8aa3738395efa52dfd05d2ae8f7175c45c6b239,,
"[05] Documents\64.NZ\NZ Govt\IT Project Guidance - Obligations, Agreements, Commitments, Standards, Principles (New Zealand Government Agencies).docx","TARGET\[00] Management\[90] Review\[10] Classification Required\[33] NZ Govt\[30] IT Project Guidance - Obligations, Agreements, Commitments, Standards, Principles~e4a55ec7.docx",DOCUMENT,REVIEW,LOW,218,c3f9e3c5f6dc331aab9b981d427afa19b3cc98da692a8274317a225ce46f54ab,,
"[05] Documents\64.NZ\NZ Govt\IT Project Guidance - Obligations, Agreements, Commitments, Standards, Principles (New Zealand Government Agencies).pdf","TARGET\[00] Management\[90] Review\[10] Classification Required\[33] NZ Govt\[40] IT Project Guidance - Obligations, Agreements, Commitments, Standards, Principles (~4f2dd8b7.pdf",DOCUMENT,REVIEW,LOW,219,4b180103d78d36a64bbd16319fb0ff74a61858309322fec80705dd073e056676,,
[05] Documents\64.NZ\NZ Govt\ReadMe.md,TARGET\[00] Management\[90] Review\[10] Classification Required\[33] NZ Govt\[50] ReadMe.md,DOCUMENT,REVIEW,LOW,132,9e3fc682bd5471bc2475d94146e9c2dba2059071bd5c0f3e68d69e9f7d5162ca,,
[05] Documents\64.NZ\NZ Govt\NZ MOE\ICT Project Guidance - Discovery - Default System Non-Functional Requirements.docx,TARGET\[60] Delivery\[40] Core Service\[40] Registries and Work\[26] ICT Project Guidance - Discovery - Default System Non-Functional Requirements.docx,DOCUMENT,MERGE,HIGH,192,e7da814f8ad2c6a5c6d1f6520b66191e29b32ba96b1feb9b9cc612ed0cfb3d09,,
[05] Documents\98.Resources\Project Document Template.docx,TARGET\[00] Management\[90] Review\[10] Classification Required\[34] 98.Resources\[10] Project Document Template.docx,DOCUMENT,REVIEW,LOW,158,e4108b1fd41f205a8e83aa9104de19cc037621c3223dcee78ef2c85c18eccc32,,
[05] Documents\98.Resources\readme.md,TARGET\[00] Management\[90] Review\[10] Classification Required\[34] 98.Resources\[20] readme.md,DOCUMENT,REVIEW,LOW,137,e3b0c44298fc1c149afbf4c8996fb92427ae41e4649b934ca495991b7852b855,,
[05] Documents\Documents\_ICT Project Guidance - Template [DRAFT].docx,TARGET\[60] Delivery\[40] Core Service\[40] Registries and Work\[28 - DRAFT] ICT Project Guidance - Template.docx,DOCUMENT,MERGE,HIGH,154,6674d1fd2e74cfeaa0774fd3268d61570afa5e690aa20a1d4b56a148fe5f91a9,,
[05] Documents\Documents - Guidance\[00.00.00] IT Project - Template [DRAFT].docx,TARGET\[00] Management\[90] Review\[10] Classification Required\[35] Documents - Guidance\[02 - DRAFT] IT Project - Template.docx,DOCUMENT,REVIEW,LOW,170,4241ca19fd3acb470f8e194e5b69aba2330ecfe7339e6637b40391d7400749c3,,
[05] Documents\Documents - Guidance\[00.00.00] IT Project Guidance - On Capabilities - NOT.docx,TARGET\[00] Management\[90] Review\[10] Classification Required\[35] Documents - Guidance\[28] IT Project Guidance - On Capabilities - NOT.docx,DOCUMENT,REVIEW,LOW,184,a82614d350a664ebffd33c94a05e4c387e0bc8454c2986e2ad5a8353f9220aa9,,
[05] Documents\Documents - Guidance\[00.00.00] IT Project Guidance - On Stakeholders - [DRAFT].docx,TARGET\[00] Management\[90] Review\[10] Classification Required\[35] Documents - Guidance\[32 - SUPERSEDED] IT Project Guidance - On Stakeholders.docx,DOCUMENT,REVIEW,LOW,191,cef88df88a8a9eaa1422b74960c3deaf58b4893cd84e08531a0b2cb56a8fd458,,
[05] Documents\Documents - Guidance\[01.2.01.02] IT Project Guidance - Service Enablement and Lifecycle Framework (SELF) [DRAFT].docx,TARGET\[00] Management\[90] Review\[10] Classification Required\[35] Documents - Guidance\[34 - DRAFT] IT Project Guidance - Service Enablement and Lifecycle Framew~80b810da.docx,DOCUMENT,REVIEW,LOW,219,9d7c23e139ad21408fd8821ac0483ace0a92a4c046ea40df8687252f8ebd4834,,
[05] Documents\Documents - Guidance\[06.02.02] IT Project Guidance - Design - Code Types to Consider Managing.docx,TARGET\[00] Management\[90] Review\[10] Classification Required\[35] Documents - Guidance\[04] IT Project Guidance - Design - Code Types to Consider Managing.docx,DOCUMENT,REVIEW,LOW,203,b5352dab9a20a9ca38c5a6fca5d88f5880175773609fb8909a66eec7110acdbd,,
[05] Documents\Documents - Guidance\[06.02.02] IT Project Guidance - Design - Integrations - Common Defaults.docx,TARGET\[00] Management\[90] Review\[10] Classification Required\[35] Documents - Guidance\[06] IT Project Guidance - Design - Integrations - Common Defaults.docx,DOCUMENT,REVIEW,LOW,202,afbaf4b2163ee2e4789531095afec9ac97d1a9df2bb8fbe292f50a3bed9960c1,,
[05] Documents\Documents - Guidance\[06.02.02] IT Project Guidance - Design - IT Services to consider Integrating.docx,TARGET\[00] Management\[90] Review\[10] Classification Required\[35] Documents - Guidance\[08] IT Project Guidance - Design - IT Services to consider Integrating.docx,DOCUMENT,REVIEW,LOW,207,8fc2b5b2bac4a21ae4cabdb7f3e89d8baa14cd96b893045f1d3fe5e115cd0960,,
[05] Documents\Documents - Guidance\[06.02.02] IT Project Guidance - Design - Long Service Lifespan Design Considerations.docx,TARGET\[00] Management\[90] Review\[10] Classification Required\[35] Documents - Guidance\[10] IT Project Guidance - Design - Long Service Lifespan Design Considerations.docx,DOCUMENT,REVIEW,LOW,215,ba0e383ab9db6e6be41006715f1f33410ce704dd44213217e1b84bbcd8bb06b0,,
[05] Documents\Documents - Guidance\[06.02.02] IT Project Guidance - Design - Securing Services.docx,TARGET\[00] Management\[90] Review\[10] Classification Required\[35] Documents - Guidance\[12] IT Project Guidance - Design - Securing Services.docx,DOCUMENT,REVIEW,LOW,189,44b5b3f6266dc7f09d3c6225b4ffed09d9137b79d997c92b23d6f5785b56fc0b,,
[05] Documents\Documents - Guidance\[06.02.02] IT Project Guidance - Design - Solution - Architecture Description (SAD) Structure.docx,TARGET\[00] Management\[90] Review\[10] Classification Required\[35] Documents - Guidance\[14] IT Project Guidance - Design - Solution - Architecture Description (S~25983cf2.docx,DOCUMENT,REVIEW,LOW,219,ca60800f3785bd66a83bde217e576ffe65e3f550caaabf21e80ea8e3eb95200e,,
[05] Documents\Documents - Guidance\[06.02.02] IT Project Guidance - Design - Solution - Supporting Systems to Consider.docx,TARGET\[00] Management\[90] Review\[10] Classification Required\[35] Documents - Guidance\[16] IT Project Guidance - Design - Solution - Supporting Systems to Consider.docx,DOCUMENT,REVIEW,LOW,213,63eb91bb10f2b55673b6eff763433401370980dd1260069a0889e3550e0b7d76,,
[05] Documents\Documents - Guidance\[06.02.02] IT Project Guidance - Design - Solution - User Supporting Services to Consider.docx,TARGET\[00] Management\[90] Review\[10] Classification Required\[35] Documents - Guidance\[18] IT Project Guidance - Design - Solution - User Supporting Services to Consider.docx,DOCUMENT,REVIEW,LOW,219,7e52810db8dfaa9d9c4d773518365f9c98d216437de5fdb56d2c440294bdca49,,
[05] Documents\Documents - Guidance\[06.02.02] IT Project Guidance - Design - System - Securing Services (AutoRecovered).docx,TARGET\[00] Management\[90] Review\[10] Classification Required\[35] Documents - Guidance\[20] IT Project Guidance - Design - System - Securing Services (AutoRecovered).docx,DOCUMENT,REVIEW,LOW,214,badf91d7a3fa40aad5ffd63d9caa3a948cfe68140760eb0835fab20274a4bee6,,
[05] Documents\Documents - Guidance\[06.02.02] IT Project Guidance - Direction - Project Delivery Information Organisation.docx,TARGET\[00] Management\[90] Review\[10] Classification Required\[35] Documents - Guidance\[22] IT Project Guidance - Direction - Project Delivery Information Organisation.docx,DOCUMENT,REVIEW,LOW,216,86381efe6f6198577690ffd23f4d150aa39037aaa44d4843acf60e43000d778d,,
[05] Documents\Documents - Guidance\[06.02.02] IT Project Guidance - Discovery - Persona Development [DRAFT].docx,TARGET\[60] Delivery\[50] Integrations\[40] Interoperability and Discovery\[16 - DRAFT] IT Project Guidance - Discovery - Persona Development.docx,DOCUMENT,SPLIT,MEDIUM,187,3f596c6654365863b73dae77a6efde99cf4bebb4257018740e00b1f85d01a7cd,,
[05] Documents\Documents - Guidance\[06.02.02] IT Project Guidance - Discovery - Technical - Service Domain Naming.docx,TARGET\[00] Management\[90] Review\[10] Classification Required\[35] Documents - Guidance\[24] IT Project Guidance - Discovery - Technical - Service Domain Naming.docx,DOCUMENT,REVIEW,LOW,208,c5dee41d7e67b9d5fbc6e9924b83e843243ef72087341a006794f46e48f8b466,,
[05] Documents\Documents - Guidance\[06.02.02] IT Project Guidance - Discovery - Technical - System Messages to Consider.docx,TARGET\[60] Delivery\[50] Integrations\[40] Interoperability and Discovery\[18] IT Project Guidance - Discovery - Technical - System Messages to Consider.docx,DOCUMENT,SPLIT,MEDIUM,199,ca1674ebc51ffe5109f973834b779365a91e879a0639b475ca8b55d9a632e9bc,,
[05] Documents\Documents - Guidance\[06.02.02] IT Project Guidance - Discovery - Template - Tenancies and Accounts [DRAFT].docx,TARGET\[60] Delivery\[50] Integrations\[40] Interoperability and Discovery\[20 - DRAFT] IT Project Guidance - Discovery - Template - Tenancies and Accounts.docx,DOCUMENT,SPLIT,MEDIUM,201,047540b2260e54dad5152d23b1ef541d729f0ec09fa94061cad1893440a7684c,,
[05] Documents\Documents - Guidance\[06.02.02] IT Project Guidance - Documentation - General Document Structuring.docx,TARGET\[00] Management\[90] Review\[10] Classification Required\[35] Documents - Guidance\[26] IT Project Guidance - Documentation - General Document Structuring.docx,DOCUMENT,REVIEW,LOW,207,42e55120ff685699095b2bf882650e20a35056d6761ce47062c07dc4c86081f7,,
[05] Documents\Documents - Guidance\[06.02.02] IT Project Guidance - On Integration & Interoperability Interfaces.docx,TARGET\[60] Delivery\[50] Integrations\[40] Interoperability and Discovery\[22] IT Project Guidance - On Integration & Interoperability Interfaces.docx,DOCUMENT,SPLIT,MEDIUM,192,4b778f2d2ba5fb1ee867fc2dc493d1f0ed3408b6815aac1d97694f0aa0f18f98,,
[05] Documents\Documents - Guidance\[06.02.02] IT Project Guidance - On Integration.pdf,TARGET\[00] Management\[90] Review\[10] Classification Required\[35] Documents - Guidance\[30] IT Project Guidance - On Integration.pdf,DOCUMENT,REVIEW,LOW,176,b44cb41ecebaaa4d4dcf296bd995a7d1d5931e923dce375b0c48a5405e1909d1,,
[05] Documents\Documents - Guidance\_PORTED_OLDER_[06.02.02] IT Project Guidance - Design - Integrations - Overview of Common Approaches.docx,TARGET\[00] Management\[90] Review\[10] Classification Required\[35] Documents - Guidance\[40 - SUPERSEDED] PORTED_OLDER_[06.02.02] IT Project Guidance - Design - I~b430dc2c.docx,DOCUMENT,REVIEW,LOW,219,da7d8e44c241b3b4c70b4123664b6d41fb6bba0bf96e9114a4b902c4eb1e10d3,,
[05] Documents\Documents - Guidance\_PORTED_OLDER_[06.02.02] IT Project Guidance - Design - Integrations - Overview of Common Approaches_TODECIDE_B.docx,TARGET\[00] Management\[90] Review\[10] Classification Required\[35] Documents - Guidance\[42 - SUPERSEDED] PORTED_OLDER_[06.02.02] IT Project Guidance - Design - I~d408a23e.docx,DOCUMENT,REVIEW,LOW,219,da7d8e44c241b3b4c70b4123664b6d41fb6bba0bf96e9114a4b902c4eb1e10d3,,
[05] Documents\Documents - Guidance\_PORTED_[06.02.02] IT Project Guidance - Design - Integrations - Overview of Common Approaches.docx,TARGET\[00] Management\[90] Review\[10] Classification Required\[35] Documents - Guidance\[36] PORTED_[06.02.02] IT Project Guidance - Design - Integrations - Overv~4bb419d9.docx,DOCUMENT,REVIEW,LOW,219,acddc41da776067e43922e7c9d117903ff2cd8dc842d27df3a56ac55ec83f81f,,
[05] Documents\Documents - Guidance\_PORTED_[06.02.02] IT Project Guidance - Design - Integrations - Overview of Common Approaches_TODECIDE_A.docx,TARGET\[00] Management\[90] Review\[10] Classification Required\[35] Documents - Guidance\[38] PORTED_[06.02.02] IT Project Guidance - Design - Integrations - Overv~3af200d8.docx,DOCUMENT,REVIEW,LOW,219,acddc41da776067e43922e7c9d117903ff2cd8dc842d27df3a56ac55ec83f81f,,
[05] Documents\Documents - Reference - Glossaries\[06.2.1] IT Project Reference - Glossary - Accreditation.docx,TARGET\[00] Management\[90] Review\[10] Classification Required\[36] Documents - Reference - Glossaries\[05] IT Project Reference - Glossary - Accreditation.docx,DOCUMENT,REVIEW,LOW,202,3c00f6cf5f867cbab6dfaf212a93a014472915a59e04d002039f7e8234004918,,
[05] Documents\Documents - Reference - Glossaries\[06.2.1] IT Project Reference - Glossary - Business Case.docx,TARGET\[00] Management\[90] Review\[10] Classification Required\[36] Documents - Reference - Glossaries\[10] IT Project Reference - Glossary - Business Case.docx,DOCUMENT,REVIEW,LOW,202,b884991ffa15b1042ccf74fe030ef7ef0663e1838578d56e482ca3655849eca0,,
[05] Documents\Documents - Reference - Glossaries\[06.2.1] IT Project Reference - Glossary - Change Transition.docx,TARGET\[00] Management\[90] Review\[10] Classification Required\[36] Documents - Reference - Glossaries\[15] IT Project Reference - Glossary - Change Transition.docx,DOCUMENT,REVIEW,LOW,206,1a49236e5b33dbf97fe898b97a354e6d57c4c60f2efe72d15a412d9f303f57cb,,
[05] Documents\Documents - Reference - Glossaries\[06.2.1] IT Project Reference - Glossary - Contractual.docx,TARGET\[00] Management\[90] Review\[10] Classification Required\[36] Documents - Reference - Glossaries\[20] IT Project Reference - Glossary - Contractual.docx,DOCUMENT,REVIEW,LOW,200,95c89a56f5ded73dd829541227b37be3e397cf27a483ba56063242b89ebedae1,,
[05] Documents\Documents - Reference - Glossaries\[06.2.1] IT Project Reference - Glossary - Data Storage.docx,TARGET\[60] Delivery\[40] Core Service\[20] Configuration Storage and Caching\[30] IT Project Reference - Glossary - Data Storage.docx,DOCUMENT,SPLIT,MEDIUM,175,c849f701f3ea5ec3b778c614313b6a83000a6b6e108cee7caaeab09945c17e71,,
[05] Documents\Documents - Reference - Glossaries\[06.2.1] IT Project Reference - Glossary - Delivery.docx,TARGET\[00] Management\[90] Review\[10] Classification Required\[36] Documents - Reference - Glossaries\[25] IT Project Reference - Glossary - Delivery.docx,DOCUMENT,REVIEW,LOW,197,1489b24aa74147af4316b92590483d82d9bffd85a4e1492e7a0b8d0864842bc1,,
[05] Documents\Documents - Reference - Glossaries\[06.2.1] IT Project Reference - Glossary - Design - System Types [DRAFT].docx,TARGET\[60] Delivery\[70] Verification\[10] Component and System Testing\[50 - DRAFT] IT Project Reference - Glossary - Design - System Types.docx,DOCUMENT,SPLIT,MEDIUM,187,aa5b7d77d361cebf479cd022562bae4ed884447817462d777571544e87a08fc5,,
[05] Documents\Documents - Reference - Glossaries\[06.2.1] IT Project Reference - Glossary - Design.docx,TARGET\[00] Management\[90] Review\[10] Classification Required\[36] Documents - Reference - Glossaries\[30] IT Project Reference - Glossary - Design.docx,DOCUMENT,REVIEW,LOW,195,a5fbb56c0cad3bb1da1ad6775c356cb59f23f8794c7501183fbb90112628e704,,
[05] Documents\Documents - Reference - Glossaries\[06.2.1] IT Project Reference - Glossary - Development.docx,TARGET\[00] Management\[90] Review\[10] Classification Required\[36] Documents - Reference - Glossaries\[35] IT Project Reference - Glossary - Development.docx,DOCUMENT,REVIEW,LOW,200,d3c2bc5d67c6c72d5a1bb41f96bd536ff55e00fdd1ab832454d9287d99198662,,
"[05] Documents\Documents - Reference - Glossaries\[06.2.1] IT Project Reference - Glossary - Discovery, Analysis and Definition.docx","TARGET\[60] Delivery\[50] Integrations\[40] Interoperability and Discovery\[44] IT Project Reference - Glossary - Discovery, Analysis and Definition.docx",DOCUMENT,SPLIT,MEDIUM,194,462e030ac954dbfb472f33ce06253b97108ed8c61d2595ad62ec4a8a7ddc1f02,,
[05] Documents\Documents - Reference - Glossaries\[06.2.1] IT Project Reference - Glossary - Evaluation [DRAFT].docx,TARGET\[00] Management\[90] Review\[10] Classification Required\[36] Documents - Reference - Glossaries\[40 - DRAFT] IT Project Reference - Glossary - Evaluation.docx,DOCUMENT,REVIEW,LOW,207,0435ce49cab93127e4d148910414ff2f947128fdca95f422e5389204b8b44ad0,,
[05] Documents\Documents - Reference - Glossaries\[06.2.1] IT Project Reference - Glossary - Funding.docx,TARGET\[00] Management\[90] Review\[10] Classification Required\[36] Documents - Reference - Glossaries\[45] IT Project Reference - Glossary - Funding.docx,DOCUMENT,REVIEW,LOW,196,675c48736a791d55c37d5f34922bd09dc4a6c4a4fc07c312f25dff24d2023436,,
[05] Documents\Documents - Reference - Glossaries\[06.2.1] IT Project Reference - Glossary - Information & Analysis.docx,TARGET\[00] Management\[90] Review\[10] Classification Required\[36] Documents - Reference - Glossaries\[50] IT Project Reference - Glossary - Information & Analysis.docx,DOCUMENT,REVIEW,LOW,211,ec2ab28678dc59318ec941403dd0852368af8966272252ff7d8852081356854f,,
[05] Documents\Documents - Reference - Glossaries\[06.2.1] IT Project Reference - Glossary - Infrastructure.docx,TARGET\[00] Management\[90] Review\[10] Classification Required\[36] Documents - Reference - Glossaries\[55] IT Project Reference - Glossary - Infrastructure.docx,DOCUMENT,REVIEW,LOW,203,1aeb54cdbb6010eb01f238fb95f83c1f80ca30478b378b2cd01a808947e1c323,,
[05] Documents\Documents - Reference - Glossaries\[06.2.1] IT Project Reference - Glossary - Interoperability & Integration.docx,TARGET\[60] Delivery\[50] Integrations\[40] Interoperability and Discovery\[46] IT Project Reference - Glossary - Interoperability & Integration.docx,DOCUMENT,SPLIT,MEDIUM,190,dc99527c895a450aeebcb49eb2bdb045b86bf8d685905ddf8595b6939ab85914,,
[05] Documents\Documents - Reference - Glossaries\[06.2.1] IT Project Reference - Glossary - IT Sector - ALL [DRAFT].docx,TARGET\[00] Management\[90] Review\[10] Classification Required\[36] Documents - Reference - Glossaries\[60 - DRAFT] IT Project Reference - Glossary - IT Sector - ALL.docx,DOCUMENT,REVIEW,LOW,212,a790513b65a61dfc0ef3234b5e6d57bf0feafaaf9a66ab51aa165c82096e6308,,
[05] Documents\Documents - Reference - Glossaries\[06.2.1] IT Project Reference - Glossary - Privacy.docx,TARGET\[00] Management\[90] Review\[10] Classification Required\[36] Documents - Reference - Glossaries\[65] IT Project Reference - Glossary - Privacy.docx,DOCUMENT,REVIEW,LOW,196,1d4ae23606bb37d4a7aae494db9209dd6874ab48fede25646a5569b0396eb22d,,
[05] Documents\Documents - Reference - Glossaries\[06.2.1] IT Project Reference - Glossary - Procurement [DRAFT].docx,TARGET\[00] Management\[90] Review\[10] Classification Required\[36] Documents - Reference - Glossaries\[70 - DRAFT] IT Project Reference - Glossary - Procurement.docx,DOCUMENT,REVIEW,LOW,208,d2abfa44e1ea1ca4e79a7172d23e7d6a63a6a685e78c39dcf22d4c512352fd80,,
[05] Documents\Documents - Reference - Glossaries\[06.2.1] IT Project Reference - Glossary - Project Delivery Roles.docx,TARGET\[00] Management\[90] Review\[10] Classification Required\[36] Documents - Reference - Glossaries\[75] IT Project Reference - Glossary - Project Delivery Roles.docx,DOCUMENT,REVIEW,LOW,211,824e920aaba71eac5d3c6f3e70fa4442ffa62fdc2a7ba988734038c3cf38e579,,
[05] Documents\Documents - Reference - Glossaries\[06.2.1] IT Project Reference - Glossary - Quality Assurance.docx,TARGET\[00] Management\[90] Review\[10] Classification Required\[36] Documents - Reference - Glossaries\[80] IT Project Reference - Glossary - Quality Assurance.docx,DOCUMENT,REVIEW,LOW,206,639b15b12e71f8471d7dcd50750c2712ce1e6535f6b54cc78ad59a29698cdc74,,
[05] Documents\Documents - Reference - Glossaries\[06.2.1] IT Project Reference - Glossary - Service Delivery.docx,TARGET\[00] Management\[90] Review\[10] Classification Required\[36] Documents - Reference - Glossaries\[85] IT Project Reference - Glossary - Service Delivery.docx,DOCUMENT,REVIEW,LOW,205,3398af58b47bb253d18ab0fdba77665e9981f781471d3ed7e21854b1e791e6f5,,
[05] Documents\Documents - Reference - Glossaries\[06.2.1] IT Project Reference - Glossary - Standards.docx,TARGET\[00] Management\[90] Review\[10] Classification Required\[36] Documents - Reference - Glossaries\[90] IT Project Reference - Glossary - Standards.docx,DOCUMENT,REVIEW,LOW,198,e4d78094cd9fcd576301a35327807cf367f3356a515c8fd15cc91e3b4144eb38,,
"[05] Documents\Documents - Reference - Glossaries\[06.2.1] IT Project Reference - Glossary - Support, Operations, Maintenance.docx","TARGET\[80] Operations\[30] Maintenance\[10] Change and Maintenance\[20] IT Project Reference - Glossary - Support, Operations, Maintenance.docx",DOCUMENT,SPLIT,MEDIUM,185,db1d56d4c3bece16cc5b689c0b027246aa149d137940babb07055f541c72d4c0,,
[05] Documents\Documents - Reference - Glossaries\[06.2.1] IT Project Reference - Glossary - Uncategorised.docx,TARGET\[00] Management\[90] Review\[10] Classification Required\[36] Documents - Reference - Glossaries\[95] IT Project Reference - Glossary - Uncategorised.docx,DOCUMENT,REVIEW,LOW,202,f5c853677a5401d9b959fd7034b87046546d279ebdc3b4b117ff6824e1031781,,
[05] Documents\Documents - Resources\[06.2.1] IT Project Reference - System Quality Requirements - Custom Development [DRAFT].docx,TARGET\[60] Delivery\[40] Core Service\[40] Registries and Work\[60 - DRAFT] IT Project Reference - System Quality Requirements - Custom Development.docx,DOCUMENT,MERGE,HIGH,194,3f68526acf8b7b364c11b9971bc94cdf0c4707fb444d05406266ca9be1798b8a,,
[05] Documents\[001.00] Terminologies\DRAFT - ICT Project Guidance - Definition - Glossary - Personal Qualities.docx,TARGET\[60] Delivery\[40] Core Service\[40] Registries and Work\[10 - DRAFT] DRAFT - ICT Project Guidance - Definition - Glossary - Personal Qualities.docx,DOCUMENT,MERGE,HIGH,196,e2faa0a892301827a2d27a1bc29fbabfa5aafd8058e78dde4113a188b50dc308,,
[05] Documents\[001.00] Terminologies\00.DRAFT\Appendices\ICT Project - Appendices - Systems.docx,TARGET\[60] Delivery\[40] Core Service\[40] Registries and Work\[12 - DRAFT] ICT Project - Appendices - Systems.docx,DOCUMENT,MERGE,HIGH,157,b8732bcf3238c040017d88b5a89aab4d856d3fa6b74cdd556313a8e826ce6a83,,
[05] Documents\[001.00] Terminologies\00.DRAFT\Appendices\ICT Project - Appendices - Systems_hold.docx,TARGET\[60] Delivery\[40] Core Service\[40] Registries and Work\[14 - SUPERSEDED] ICT Project - Appendices - Systems_hold.docx,DOCUMENT,MERGE,HIGH,167,b8732bcf3238c040017d88b5a89aab4d856d3fa6b74cdd556313a8e826ce6a83,,
[05] Documents\[001.00] Terminologies\01.Resources\Various Glossaries.zip,TARGET\[00] Management\[90] Review\[20] Temporary and Unsorted\Various Glossaries.zip,OTHER,MERGE,HIGH,126,8aa41975979197e0d8951961b2c5c7fb938adb514023c02ed821c1da03b6fb3c,,
[05] Documents\_TOSORT\REQ-MERGE-TEMPLATE.docx,TARGET\[00] Management\[90] Review\[10] Classification Required\[55 - DRAFT] REQ-MERGE-TEMPLATE.docx,DOCUMENT,MERGE,HIGH,141,d8d7c92b6e5768961ce6e546f2753065a4df750b7f2c116e88dbba370bcfc102,,
[05] Documents\_TOSORT\01.Resources - Examples\04. NZ Govt Agency - MOE - Example - BASE - Solution Architecture Description.docx,TARGET\[50] Design\[10] Architecture\[20] Architecture Descriptions\[20 - DRAFT] NZ Govt Agency - MOE - Example - BASE - Solution Architecture Description.docx,DOCUMENT,MERGE,HIGH,200,560c8f663cda87e2bf435eeee6d95474246a0eee42c5949b8982fe263ef7fce8,,
[05] Documents\_TOSORT\02.Guidance\Stakeholder Desires\DRAFT ICT Project Guidance - Stakeholder Desires - Business Support.docx,TARGET\[80] Operations\[10] Service\[10] Operation and Support\[05 - SUPERSEDED] DRAFT ICT Project Guidance - Stakeholder Desires - Business Support.docx,DOCUMENT,SPLIT,MEDIUM,194,07484a274761d90b0c5939d92542dbec1902986af5b9e25e9d88408728241ee8,,
[05] Documents\_TOSORT\02.Guidance\Stakeholder Desires\DRAFT ICT Project Guidance - Stakeholder Desires - Cyber Security Monitoring.docx,TARGET\[60] Delivery\[90] Operational Enablement\[20] Monitoring and Alerting\[10 - SUPERSEDED] DRAFT ICT Project Guidance - Stakeholder Desires - Cyber Security Monitoring.docx,DOCUMENT,SPLIT,MEDIUM,218,07484a274761d90b0c5939d92542dbec1902986af5b9e25e9d88408728241ee8,,
[05] Documents\_TOSORT\02.Guidance\Stakeholder Desires\DRAFT ICT Project Guidance - Stakeholder Desires - Delivery Coordinator.docx,TARGET\[00] Management\[90] Review\[10] Classification Required\[37] Stakeholder Desires\[10 - SUPERSEDED] DRAFT ICT Project Guidance - Stakeholder Desires - Delive~e1535b09.docx,DOCUMENT,REVIEW,LOW,219,689616becc8f8ed9b7b62ad060fe932698ff143e3af8865df2bf8bdbf6492f83,,
[05] Documents\_TOSORT\02.Guidance\Stakeholder Desires\DRAFT ICT Project Guidance - Stakeholder Desires - Delivery PM.docx,TARGET\[00] Management\[90] Review\[10] Classification Required\[37] Stakeholder Desires\[20 - SUPERSEDED] DRAFT ICT Project Guidance - Stakeholder Desires - Delivery PM.docx,DOCUMENT,REVIEW,LOW,215,3971a5d7a2544188e022f871c65016852076e67da055708c603fa196eb998f3b,,
[05] Documents\_TOSORT\02.Guidance\Stakeholder Desires\DRAFT ICT Project Guidance - Stakeholder Desires - Legal Services.docx,TARGET\[00] Management\[90] Review\[10] Classification Required\[37] Stakeholder Desires\[30 - SUPERSEDED] DRAFT ICT Project Guidance - Stakeholder Desires - Legal Services.docx,DOCUMENT,REVIEW,LOW,218,2e9213ddef83766a7cda9da5edcf4c1abc913329095368826c79acbba267be2b,,
[05] Documents\_TOSORT\02.Guidance\Stakeholder Desires\DRAFT ICT Project Guidance - Stakeholder Desires - Maintenance.docx,TARGET\[80] Operations\[30] Maintenance\[10] Change and Maintenance\[10 - SUPERSEDED] DRAFT ICT Project Guidance - Stakeholder Desires - Maintenance.docx,DOCUMENT,SPLIT,MEDIUM,194,07484a274761d90b0c5939d92542dbec1902986af5b9e25e9d88408728241ee8,,
[05] Documents\_TOSORT\02.Guidance\Stakeholder Desires\DRAFT ICT Project Guidance - Stakeholder Desires - Operations.docx,TARGET\[00] Management\[90] Review\[10] Classification Required\[37] Stakeholder Desires\[40 - SUPERSEDED] DRAFT ICT Project Guidance - Stakeholder Desires - Operations.docx,DOCUMENT,REVIEW,LOW,214,07484a274761d90b0c5939d92542dbec1902986af5b9e25e9d88408728241ee8,,
[05] Documents\_TOSORT\02.Guidance\Stakeholder Desires\DRAFT ICT Project Guidance - Stakeholder Desires - Privacy.docx,TARGET\[00] Management\[90] Review\[10] Classification Required\[37] Stakeholder Desires\[50 - SUPERSEDED] DRAFT ICT Project Guidance - Stakeholder Desires - Privacy.docx,DOCUMENT,REVIEW,LOW,211,f79c5f7c0a380a0c500af9b3d8e25d7eb9d8c10500e76bfe9d06abdee0f8c24d,,
[05] Documents\_TOSORT\02.Guidance\Stakeholder Desires\DRAFT ICT Project Guidance - Stakeholder Desires - Sponsor.docx,TARGET\[00] Management\[90] Review\[10] Classification Required\[37] Stakeholder Desires\[60 - SUPERSEDED] DRAFT ICT Project Guidance - Stakeholder Desires - Sponsor.docx,DOCUMENT,REVIEW,LOW,211,fab31a5d5a752109a720705084919b1a9dace6f1bd89ca64cf081dcf6cde46e6,,
[05] Documents\_TOSORT\02.Guidance\Stakeholder Desires\DRAFT ICT Project Guidance - Stakeholder Desires - Support.docx,TARGET\[80] Operations\[10] Service\[10] Operation and Support\[10 - SUPERSEDED] DRAFT ICT Project Guidance - Stakeholder Desires - Support.docx,DOCUMENT,SPLIT,MEDIUM,185,07484a274761d90b0c5939d92542dbec1902986af5b9e25e9d88408728241ee8,,
[05] Documents\_TOSORT\02.Guidance\Stakeholder Desires\DRAFT ICT Project Guidance - Stakeholder Desires - TEMPLATE.docx,TARGET\[00] Management\[90] Review\[10] Classification Required\[37] Stakeholder Desires\[70 - SUPERSEDED] DRAFT ICT Project Guidance - Stakeholder Desires - TEMPLATE.docx,DOCUMENT,REVIEW,LOW,212,07484a274761d90b0c5939d92542dbec1902986af5b9e25e9d88408728241ee8,,
[05] Documents\_TOSORT\02.Guidance\_Errata Requirements Sources\Appendix C - Quality Objectives and Requirements .docx,TARGET\[30] Discovery\[50] Requirements\[10] Business and User Requirements\[10 - DRAFT] Appendix C - Quality Objectives and Requirements.docx,DOCUMENT,MERGE,HIGH,183,aec45abe16d8e85c1d023e121153df09cf8f1f40bda900301ac5089cc6c2a6d9,,
[05] Documents\_TOSORT\22.SAD\01.Generic SAD Template - TO BE SHORTENED DRASTICALLY.docx,TARGET\[50] Design\[10] Architecture\[20] Architecture Descriptions\[10 - DRAFT] Generic SAD Template - TO BE SHORTENED DRASTICALLY.docx,DOCUMENT,MERGE,HIGH,177,b77caafeed0deb0fadd0ec81f99a0463f74b945582568092897fe1f55910eff7,,
[05] Documents\_TOSORT\22.SAD\_placeholder.txt,TARGET\[50] Design\[10] Architecture\[20] Architecture Descriptions\[30 - SUPERSEDED] placeholder.txt,DOCUMENT,MERGE,HIGH,142,e3b0c44298fc1c149afbf4c8996fb92427ae41e4649b934ca495991b7852b855,,
[05] Documents\_TOSORT\23.GLAD\01.Generic GLAD Template.docx,TARGET\[00] Management\[90] Review\[10] Classification Required\[05 - DRAFT] Generic GLAD Template.docx,DOCUMENT,MERGE,HIGH,144,adc7e0d5bcde69dc166dff854bf1a2136ef7bb5de45fa58e4a5d62ab4402d3cb,,
[05] Documents\_TOSORT\23.GLAD\_placeholder.txt,TARGET\[00] Management\[90] Review\[10] Classification Required\[50 - SUPERSEDED] placeholder.txt,DOCUMENT,MERGE,HIGH,138,e3b0c44298fc1c149afbf4c8996fb92427ae41e4649b934ca495991b7852b855,,
[06] Spreadsheets\Project Deliverables.xlsx,TARGET\[60] Delivery\[40] Core Service\[40] Registries and Work\[64] Project Deliverables.xlsx,DOCUMENT,MERGE,HIGH,135,84b19cbea9daddcd5df0d94a2b61cab448e918c90ebcdbcb4c40a7dab45d6a4c,,
[06] Spreadsheets\09.Desire Discovery\00.00.01.Baseline Organisation Stakeholder Desires.xlsx,TARGET\[00] Management\[90] Review\[10] Classification Required\[38] 09.Desire Discovery\[40 - SUPERSEDED] Baseline Organisation Stakeholder Desires.xlsx,DOCUMENT,REVIEW,LOW,194,2c3fb33e6d862cc65c5df482cf2046769f67400ebdaa3311f7b934906b1c3bf4,,
[06] Spreadsheets\09.Desire Discovery\00.00.02.Baseline NZ Organisation Stakeholder Desires.xlsx,TARGET\[00] Management\[90] Review\[10] Classification Required\[38] 09.Desire Discovery\[30 - SUPERSEDED] Baseline NZ Organisation Stakeholder Desires.xlsx,DOCUMENT,REVIEW,LOW,197,a06848b21eb182061cc3119eef15db160264ccda4b1b0ff6c4853f8322a116fc,,
[06] Spreadsheets\09.Desire Discovery\00.00.03.Baseline NZ Govt Agency Stakeholder Desires.xlsx,TARGET\[00] Management\[90] Review\[10] Classification Required\[38] 09.Desire Discovery\[10 - SUPERSEDED] Baseline NZ Govt Agency Stakeholder Desires.xlsx,DOCUMENT,REVIEW,LOW,196,72e059e47884a803fe4902200242fa7c6254936f7c0b8db5129108747fe3cf7b,,
[06] Spreadsheets\09.Desire Discovery\00.00.04.Baseline NZ Govt MOE Stakeholder Desires.xlsx,TARGET\[00] Management\[90] Review\[10] Classification Required\[38] 09.Desire Discovery\[20 - SUPERSEDED] Baseline NZ Govt MOE Stakeholder Desires.xlsx,DOCUMENT,REVIEW,LOW,193,d6002c1cae22aa82e00c58ac267dc25e7a875c52c6e5ed4a304e44540dee62b4,,
[06] Spreadsheets\09.Desire Discovery\_placeholder.txt,TARGET\[00] Management\[90] Review\[10] Classification Required\[38] 09.Desire Discovery\[50 - SUPERSEDED] placeholder.txt,DOCUMENT,REVIEW,LOW,163,e3b0c44298fc1c149afbf4c8996fb92427ae41e4649b934ca495991b7852b855,,
[06] Spreadsheets\09.Desire Discovery\00.Resources\_Errata Sources\Appendix C - Quality Objectives and Requirements v1.docx,TARGET\[30] Discovery\[50] Requirements\[10] Business and User Requirements\[05] Appendix C - Quality Objectives and Requirements v1.docx,DOCUMENT,MERGE,HIGH,178,7da45a08c4d3bf5c99196bedc1ef5261c6bdd37e395288ffa5a2216945ff73dc,,
[06] Spreadsheets\09.Desire Discovery\00.Resources\_Errata Sources\Darryl.xlsx,TARGET\[30] Discovery\[50] Requirements\[10] Business and User Requirements\[35] Darryl.xlsx,DOCUMENT,MERGE,HIGH,133,5a5262a30cac6a6d6f973164f7abed7d8a0b517b3612e2518b0d1aa5c84e36ac,,
[06] Spreadsheets\10.Requirements Definition\01.Baseline Service Delivery Stakeholder Requirements.xlsx,TARGET\[60] Delivery\[40] Core Service\[40] Registries and Work\[08 - SUPERSEDED] Baseline Service Delivery Stakeholder Requirements.xlsx,DOCUMENT,SPLIT,MEDIUM,178,0a98618fd67a8ea0e9bb6c86baab35e45cc1192701c7bc31235c1103753547e6,,
[06] Spreadsheets\10.Requirements Definition\12.Baseline Service Delivery Stakeholder Requirements (NZ).xlsx,TARGET\[60] Delivery\[40] Core Service\[40] Registries and Work\[06 - SUPERSEDED] Baseline Service Delivery Stakeholder Requirements (NZ).xlsx,DOCUMENT,SPLIT,MEDIUM,183,1bd60d447c274f237f324d9e5a4f1f81f2b0340e62de3e81d03857be2e37bb0f,,
[06] Spreadsheets\10.Requirements Definition\13.Baseline Service Delivery Stakeholder Requirements (NZ Govt).xlsx,TARGET\[60] Delivery\[40] Core Service\[40] Registries and Work\[04 - SUPERSEDED] Baseline Service Delivery Stakeholder Requirements (NZ Govt).xlsx,DOCUMENT,SPLIT,MEDIUM,188,98eec361e9653b9e3e8bfb49bd01a799156c65cb51f8d11c4f801b47b5ba3b82,,
[06] Spreadsheets\10.Requirements Definition\14.Baseline Service Delivery Stakeholder Requirements (NZ Govt MOE).xlsx,TARGET\[60] Delivery\[40] Core Service\[40] Registries and Work\[02 - SUPERSEDED] Baseline Service Delivery Stakeholder Requirements (NZ Govt MOE).xlsx,DOCUMENT,SPLIT,MEDIUM,192,fd0d4e8426fc9870e66b50498fe1cba72d4da5b674df29b6471ee6b0141722f6,,
[06] Spreadsheets\10.Requirements Definition\32.03 Baseline IT Project Procurement - Quality Requirements - Questions (NZ Govt).docx,TARGET\[30] Discovery\[50] Requirements\[10] Business and User Requirements\[15] Baseline IT Project Procurement - Quality Requirements - Questions (NZ Govt).docx,DOCUMENT,SPLIT,MEDIUM,203,4dfc3ff89c01e0c30a386f6270d1981c5265a5407e40785915429b7ef655fbd8,,
[06] Spreadsheets\10.Requirements Definition\42.01 Baseline IT Project Procurement - Quantitative Requirements.docx,TARGET\[30] Discovery\[50] Requirements\[10] Business and User Requirements\[30] Baseline IT Project Procurement - Quantitative Requirements.docx,DOCUMENT,SPLIT,MEDIUM,186,9ae670446c9e5d23992ee52b8987ee6f942cf97d68632ce8803076d41e8cc635,,
[06] Spreadsheets\10.Requirements Definition\42.03 Baseline IT Project Procurement - Quality Requirements - Targets (NZ Govt).docx,TARGET\[30] Discovery\[50] Requirements\[10] Business and User Requirements\[20] Baseline IT Project Procurement - Quality Requirements - Targets (NZ Govt).docx,DOCUMENT,SPLIT,MEDIUM,201,7913cbbe5ccdc215b2f85d983d831154924a88bceb0a0fafd2bc141cb448497a,,
[06] Spreadsheets\10.Requirements Definition\52.03 Baseline IT Project Procurement - Quality Requirements.docx,TARGET\[30] Discovery\[50] Requirements\[10] Business and User Requirements\[25] Baseline IT Project Procurement - Quality Requirements.docx,DOCUMENT,SPLIT,MEDIUM,181,abe386a6f5863b230631e525671940e412488cb3fab3125b9539957c55669c20,,
[06] Spreadsheets\10.Requirements Definition\_placeholder.txt,TARGET\[30] Discovery\[50] Requirements\[10] Business and User Requirements\[40 - SUPERSEDED] placeholder.txt,DOCUMENT,SPLIT,MEDIUM,150,e3b0c44298fc1c149afbf4c8996fb92427ae41e4649b934ca495991b7852b855,,
[06] Spreadsheets\10.Requirements Definition\01.RESOURCES\Baseline Requirements.xlsx,TARGET\[00] Management\[90] Review\[10] Classification Required\[40] 01.RESOURCES\[10] Baseline Requirements.xlsx,DOCUMENT,REVIEW,LOW,154,e7af7d5413dbc3e87db38e487ef5ee9b85d36b7d546b75bb1f95383cf09f1a9f,,
[06] Spreadsheets\10.Requirements Definition\01.RESOURCES\Baseline Requirements2.xlsx,TARGET\[00] Management\[90] Review\[10] Classification Required\[40] 01.RESOURCES\[20] Baseline Requirements2.xlsx,DOCUMENT,REVIEW,LOW,155,da0ef176356b2f3ed2537198f50f32daf42693c8d31e1d0c07b9c17c2ef1bad6,,
[06] Spreadsheets\10.Requirements Definition\01.RESOURCES\Generic Web System Requirements (COPY).xlsx,TARGET\[00] Management\[90] Review\[10] Classification Required\[40] 01.RESOURCES\[30] Generic Web System Requirements (COPY).xlsx,DOCUMENT,REVIEW,LOW,171,2f62b9160c24e2326f56664f79702dd806fb31495cff08f90a0b380d4f33e0f2,,
[06] Spreadsheets\10.Requirements Definition\01.RESOURCES\RowSharelist_Quality Requirements.xlsx,TARGET\[30] Discovery\[50] Requirements\[30] Quality Requirements\[10] RowSharelist_Quality Requirements.xlsx,DOCUMENT,SPLIT,MEDIUM,150,15fc90df2fa0f1a90fcf60e7af66012e8bee602b1a55da07393bf55bee77d75b,,
[06] Spreadsheets\31.Risk Report\Generic Organisation Stakeholder Expressed Risks.xlsx,TARGET\[30] Discovery\[30] Stakeholders\[10] Stakeholders Personas and Journeys\[10 - SUPERSEDED] Generic Organisation Stakeholder Expressed Risks.xlsx,DOCUMENT,MERGE,HIGH,192,22741ac1555e1f4ca50a16f1777d179e3f2e0f6898939a4502ec5f0de28715f1,,
[aa] Outputs\readme.md,TARGET\[00] Management\[10] Repository\[10] Indexes and Navigation\[90] readme.md,DOCUMENT,MERGE,HIGH,122,e3b0c44298fc1c149afbf4c8996fb92427ae41e4649b934ca495991b7852b855,,
[aa] Outputs\41.Requirements - General\readme.md,TARGET\[30] Discovery\[50] Requirements\[10] Business and User Requirements\[55] readme.md,DOCUMENT,MERGE,HIGH,131,e3b0c44298fc1c149afbf4c8996fb92427ae41e4649b934ca495991b7852b855,,
[aa] Outputs\41.Requirements - General\99.Archive\_placeholder.txt,TARGET\[30] Discovery\[50] Requirements\[10] Business and User Requirements\[45 - SUPERSEDED] placeholder.txt,DOCUMENT,MERGE,HIGH,150,e3b0c44298fc1c149afbf4c8996fb92427ae41e4649b934ca495991b7852b855,,
[aa] Outputs\41.Requirements - General\99.Archive\Reference\readme.md,TARGET\[30] Discovery\[50] Requirements\[10] Business and User Requirements\[50 - SUPERSEDED] readme.md,DOCUMENT,MERGE,HIGH,144,2a1fc3a4fb65ddd16a203d1de8d0a0449789074cfd01153fd5e095216dc3f309,,
[aa] Outputs\41.Requirements - General\99.Archive\Reference\NFRs\_System Qualities - Example.docx,TARGET\[30] Discovery\[50] Requirements\[10] Business and User Requirements\[60 - SUPERSEDED] System Qualities - Example.docx,DOCUMENT,MERGE,HIGH,166,1a54bd5c5ea8c48a7fcb9c832269ef3989fc8c3a0a85722571e63ce1c79d9481,,
[aa] Outputs\41.Requirements - General\99.Archive\Reference\NFRs\Reviews\ICT Project Guidance - Definition - Requirements - Default System NFR Requirements DRAFT (002).docx,TARGET\[60] Delivery\[40] Core Service\[40] Registries and Work\[16 - SUPERSEDED] ICT Project Guidance - Definition - Requirements - Default System NFR Requirements~2d543238.docx,DOCUMENT,MERGE,HIGH,219,fccd6f713251038bb2a8aad890bc48b4de88d7d932aadd5fbdbc359201654839,,
[aa] Outputs\41.Requirements - General\99.Archive\Reference\NFRs\Reviews\ICT Project Guidance - Definition - Requirements - Default System NFR Requirements DRAFT - AO Comments.docx,TARGET\[60] Delivery\[40] Core Service\[40] Registries and Work\[18 - SUPERSEDED] ICT Project Guidance - Definition - Requirements - Default System NFR Requirements~8b396589.docx,DOCUMENT,MERGE,HIGH,219,e952ff5f03b6f424c0b3a414837f6dd00608efd6b90f8a1e9f3df737cc3ad686,,
[aa] Outputs\41.Requirements - General\99.Archive\Reference\NFRs\Reviews\ICT Project Guidance - Definition - Requirements - Default System NFR Requirements DRAFT - dw.docx,TARGET\[60] Delivery\[40] Core Service\[40] Registries and Work\[20 - SUPERSEDED] ICT Project Guidance - Definition - Requirements - Default System NFR Requirements~2d011402.docx,DOCUMENT,MERGE,HIGH,219,335c8dcd5ee2bb5850d975a9cee6c173faa3bb3f71519e17ecb853ac598d22ee,,
[aa] Outputs\41.Requirements - General\99.Archive\Reference\NFRs\Reviews\ICT Project Guidance - Definition - Requirements - Default System NFR Requirements DRAFT - Russ Review.docx,TARGET\[60] Delivery\[40] Core Service\[40] Registries and Work\[22 - SUPERSEDED] ICT Project Guidance - Definition - Requirements - Default System NFR Requirements~e5951516.docx,DOCUMENT,MERGE,HIGH,219,135da4e1e91d4e6f9c107a87eae4c7f6acbda50aaee2f59060e517fd06a053f4,,
[aa] Outputs\42.Requirements - Functional\ICT Project Guidance - Definition - Default System Functional Requirements [LEGACY].docx,TARGET\[00] Management\[90] Review\[10] Classification Required\[41] 42.Requirements - Functional\[10] ICT Project Guidance - Definition - Default System Functional~3c8c5dbf.docx,DOCUMENT,REVIEW,LOW,219,17f9ebf84e254c3015eff1c778cea78572f046896280b10cb3fdad04f3b24333,,
[aa] Outputs\42.Requirements - Functional\ICT Project Guidance - Definition - Default System Functional Requirements _[DRAFT].docx,TARGET\[00] Management\[90] Review\[10] Classification Required\[41] 42.Requirements - Functional\[20 - DRAFT] ICT Project Guidance - Definition - Default System Fu~e8e2ac8e.docx,DOCUMENT,REVIEW,LOW,219,e6f43aaf9683e1b4447007793b8dd7df18e59faafefe53fda8e5c6b5e148b595,,
[aa] Outputs\42.Requirements - Functional\ReadMe.md,TARGET\[00] Management\[90] Review\[10] Classification Required\[41] 42.Requirements - Functional\[30] ReadMe.md,DOCUMENT,REVIEW,LOW,153,72f1d86f1454902e193a40c1bd8c0e4dc16c4bbc9206756ec46290fda229eac4,,
[aa] Outputs\43.Requirements - NonFunctional\ICT Project Guidance - Definition - Requirements - Default System Custom Development Supplemental Quality Requirements.docx,TARGET\[00] Management\[90] Review\[10] Classification Required\[42] 43.Requirements - NonFunctional\[10] ICT Project Guidance - Definition - Requirements - Default~c03da50a.docx,DOCUMENT,REVIEW,LOW,219,079922dd41e20eed04f542a427c7fe84d30fe382ea81eed4d827eafc8cf5de44,,
[aa] Outputs\43.Requirements - NonFunctional\ICT Project Guidance - Definition - Requirements - Default System Data Quality Requirements [DRAFT].docx,TARGET\[00] Management\[90] Review\[10] Classification Required\[42] 43.Requirements - NonFunctional\[20 - DRAFT] ICT Project Guidance - Definition - Requirements~0e8a3186.docx,DOCUMENT,REVIEW,LOW,217,6674d1fd2e74cfeaa0774fd3268d61570afa5e690aa20a1d4b56a148fe5f91a9,,
[aa] Outputs\43.Requirements - NonFunctional\ICT Project Guidance - Definition - Requirements - Default System Quality Requirements Development.docx,TARGET\[00] Management\[90] Review\[10] Classification Required\[42] 43.Requirements - NonFunctional\[30] ICT Project Guidance - Definition - Requirements - Default~284e3132.docx,DOCUMENT,REVIEW,LOW,219,70e49a001f763da0ff96ed8c1a8f98e16f910e7081e3522e33d678f59a08e3fb,,
[aa] Outputs\43.Requirements - NonFunctional\ICT Project Guidance - Definition - Requirements - Default System Quality Requirements [DRAFT].docx,TARGET\[00] Management\[90] Review\[10] Classification Required\[42] 43.Requirements - NonFunctional\[40 - DRAFT] ICT Project Guidance - Definition - Requirements~d96c4fec.docx,DOCUMENT,REVIEW,LOW,217,d8c2d853a9889b366d53766c52ffb46ba589d61b6c4789d1740f5f03d22366bf,,
"[aa] Outputs\43.Requirements - NonFunctional\ICT Project Guidance - Definition - Requirements - Service, Data and Experience Qualities.docx","TARGET\[60] Delivery\[40] Core Service\[40] Registries and Work\[24] ICT Project Guidance - Definition - Requirements - Service, Data and Experience Qualities.docx",DOCUMENT,SPLIT,MEDIUM,204,59d175108a3ce686c47bde750d45cc27445d306fdca422f4197c1c280d79486c,,
[aa] Outputs\43.Requirements - NonFunctional\ReadMe.md,TARGET\[00] Management\[90] Review\[10] Classification Required\[42] 43.Requirements - NonFunctional\[50] ReadMe.md,DOCUMENT,REVIEW,LOW,156,e8a0a9e0fd09edde3a955c6074cdaee2bf0d03dc47b0bfeb6fe746e5af19414d,,
[aa] Outputs\51.SAD\ReadMe.md,TARGET\[50] Design\[10] Architecture\[20] Architecture Descriptions\[80] ReadMe.md,DOCUMENT,MERGE,HIGH,123,90800e3b18049b3e561ab8af07742027d4536e6be74aafba41607f6682600a0d,,
"[aa] Outputs\51.SAD\00.Guidance\ICT Project Guidance - Information - Functional, Quantitative and Qualitative based evaluation.docx","TARGET\[00] Management\[90] Review\[10] Classification Required\[43] 00.Guidance\[10] ICT Project Guidance - Information - Functional, Quantitative and Qualitative~ca216b7b.docx",DOCUMENT,REVIEW,LOW,218,b1d0c4e1ad738fca26aa895914bb31528d0e27340f71c2f45e04333e0c4207c6,,
[aa] Outputs\51.SAD\00.Guidance\README.md,TARGET\[00] Management\[90] Review\[10] Classification Required\[43] 00.Guidance\[20] README.md,DOCUMENT,REVIEW,LOW,136,70135565a1670fea55852da440bf28c409d95d9c6d5e44f5096af7a0df59f789,,
[aa] Outputs\51.SAD\02.Diagrams\21.Service\.gitignore,TARGET\[60] Delivery\[40] Core Service\[30] Identity Access and Sessions\gitignore,OTHER,SPLIT,MEDIUM,123,7d76a59505191c56504854affdedce00fbcb85eaf79e8b8f2aedf7b1196ee94c,,
[aa] Outputs\51.SAD\02.Diagrams\21.Service\000.0.TEMPLATE View.drawio,TARGET\[60] Delivery\[40] Core Service\[30] Identity Access and Sessions\_media\TEMPLATE View.drawio,MEDIA,SPLIT,MEDIUM,141,5039716629ac596d9fdb4f462b18a752a9ba043a4dd7f027f4c83314dbf534a8,,
[aa] Outputs\51.SAD\02.Diagrams\21.Service\0Untitled Diagram.drawio,TARGET\[60] Delivery\[40] Core Service\[30] Identity Access and Sessions\_media\0Untitled Diagram.drawio,MEDIA,SPLIT,MEDIUM,145,797ee87d3dd39be42a1466777a1c641bc17fce2929d83691b14c2420953b1ea2,,
[aa] Outputs\51.SAD\02.Diagrams\21.Service\Analysis View - Context - Capabilities.drawio,TARGET\[00] Management\[90] Review\[10] Classification Required\[44] 21.Service\_media\Analysis View - Context - Capabilities.drawio,MEDIA,REVIEW,LOW,173,6b76693a262113aa133fdf7fccde62cd99b4506ef13211a98b74825f2bbd6cbe,,
[aa] Outputs\51.SAD\02.Diagrams\21.Service\Analysis View - Context - SWOT - Threats (Porter Analysis).drawio,TARGET\[60] Delivery\[40] Core Service\[30] Identity Access and Sessions\_media\Analysis View - Context - SWOT - Threats (Porter Analysis).drawio,MEDIA,SPLIT,MEDIUM,186,8094127955fee8c05323c5c3f0779c3c1db228f482c1075525e3e1d7482d3526,,
[aa] Outputs\51.SAD\02.Diagrams\21.Service\Analysis View - TOGAF 2 Archimate Relationships.drawio,TARGET\[60] Delivery\[40] Core Service\[30] Identity Access and Sessions\_media\Analysis View - TOGAF 2 Archimate Relationships.drawio,MEDIA,SPLIT,MEDIUM,175,e296aca7d5a91a3eea87040a1ad30510e7a4e6ad60f48d72db6ea7cbeb9a2e73,,
[aa] Outputs\51.SAD\02.Diagrams\21.Service\Discovery View - ERD for Item Roles.drawio,TARGET\[60] Delivery\[40] Core Service\[30] Identity Access and Sessions\_media\Discovery View - ERD for Item Roles.drawio,MEDIA,SPLIT,MEDIUM,163,c0c830f908dec643450322e050f168373f85aa128e2336cda8fe430e5e36f3c1,,
"[aa] Outputs\51.SAD\02.Diagrams\21.Service\Discovery View - Identities, Identifiers, Roles, Permissions, Groups.drawio","TARGET\[60] Delivery\[40] Core Service\[30] Identity Access and Sessions\_media\Discovery View - Identities, Identifiers, Roles, Permissions, Groups.drawio",MEDIA,SPLIT,MEDIUM,196,9f5b825ea884b05f0cb86635076839a1c5131f23977077e4e1322cc93b9e0a55,,
[aa] Outputs\51.SAD\02.Diagrams\21.Service\Discovery View.drawio,TARGET\[60] Delivery\[40] Core Service\[30] Identity Access and Sessions\_media\Discovery View.drawio,MEDIA,SPLIT,MEDIUM,142,c63d442fe452c913a0f857c448187078fa62b0eae6caf4463e2d0389275c0767,,
[aa] Outputs\51.SAD\02.Diagrams\21.Service\Information MRU.drawio,TARGET\[00] Management\[90] Review\[10] Classification Required\[44] 21.Service\_media\Information MRU.drawio,MEDIA,REVIEW,LOW,150,40f9690d6233e04bd5460d110f59d22d3db6ad59c9975eaf877558c4985d64fd,,
[aa] Outputs\51.SAD\02.Diagrams\21.Service\Notifications.drawio,TARGET\[60] Delivery\[40] Core Service\[30] Identity Access and Sessions\_media\Notifications.drawio,MEDIA,SPLIT,MEDIUM,141,1d7235855a72220e820248a112cadce08b782b819012fee8873ea5d814612613,,
[aa] Outputs\51.SAD\02.Diagrams\21.Service\Todo - Analysis View - TODOSORT - Channel Strategy.drawio,TARGET\[60] Delivery\[40] Core Service\[30] Identity Access and Sessions\_media\Analysis View - TODOSORT - Channel Strategy.drawio,MEDIA,SPLIT,MEDIUM,171,f07597ea2df53a09a40bdd08cab77030197943e79c7f3244bd3671a4857e68a5,,
[aa] Outputs\51.SAD\02.Diagrams\21.Service\_instructions.txt,TARGET\[60] Delivery\[40] Core Service\[30] Identity Access and Sessions\[20] instructions.txt,DOCUMENT,SPLIT,MEDIUM,135,858ea7d7a6394526841cb2c296f7db7e1336fb43e7fb864339e30cc03c822d24,,
[aa] Outputs\51.SAD\02.Diagrams\21.Service\00.Images\_placeholder.txt,TARGET\[50] Design\[10] Architecture\[20] Architecture Descriptions\[40 - SUPERSEDED] placeholder.txt,DOCUMENT,MERGE,HIGH,142,e3b0c44298fc1c149afbf4c8996fb92427ae41e4649b934ca495991b7852b855,,
[aa] Outputs\51.SAD\02.Diagrams\21.Service\01.0.TEMPLATE FOLDER\TEMPLATE View - .drawio,TARGET\[00] Management\[90] Review\[10] Classification Required\[45] 01.0.TEMPLATE FOLDER\_media\TEMPLATE View.drawio,MEDIA,REVIEW,LOW,158,2137ff2a4f3c3d0c2dd2943e78fcdbd4924451321e768fcfa482027baeb7f28f,,
[aa] Outputs\51.SAD\02.Diagrams\21.Service\01.0.TEMPLATE FOLDER\TEMPLATE View - Analysis.drawio,TARGET\[00] Management\[90] Review\[10] Classification Required\[45] 01.0.TEMPLATE FOLDER\_media\TEMPLATE View - Analysis.drawio,MEDIA,REVIEW,LOW,169,fbe9ca907065aea49ff36aace81e241b5163ee9b7c9612d1f4f610e4d255816b,,
[aa] Outputs\51.SAD\02.Diagrams\21.Service\01.0.TEMPLATE FOLDER\TEMPLATE View - Assumptions.drawio,TARGET\[00] Management\[90] Review\[10] Classification Required\[45] 01.0.TEMPLATE FOLDER\_media\TEMPLATE View - Assumptions.drawio,MEDIA,REVIEW,LOW,172,2137ff2a4f3c3d0c2dd2943e78fcdbd4924451321e768fcfa482027baeb7f28f,,
[aa] Outputs\51.SAD\02.Diagrams\21.Service\01.0.TEMPLATE FOLDER\TEMPLATE View - Constraints.drawio,TARGET\[00] Management\[90] Review\[10] Classification Required\[45] 01.0.TEMPLATE FOLDER\_media\TEMPLATE View - Constraints.drawio,MEDIA,REVIEW,LOW,172,2137ff2a4f3c3d0c2dd2943e78fcdbd4924451321e768fcfa482027baeb7f28f,,
[aa] Outputs\51.SAD\02.Diagrams\21.Service\01.0.TEMPLATE FOLDER\TEMPLATE View - Context.drawio,TARGET\[00] Management\[90] Review\[10] Classification Required\[45] 01.0.TEMPLATE FOLDER\_media\TEMPLATE View - Context.drawio,MEDIA,REVIEW,LOW,168,2137ff2a4f3c3d0c2dd2943e78fcdbd4924451321e768fcfa482027baeb7f28f,,
[aa] Outputs\51.SAD\02.Diagrams\21.Service\01.0.TEMPLATE FOLDER\TEMPLATE View - Decisions.drawio,TARGET\[00] Management\[90] Review\[10] Classification Required\[45] 01.0.TEMPLATE FOLDER\_media\TEMPLATE View - Decisions.drawio,MEDIA,REVIEW,LOW,170,2137ff2a4f3c3d0c2dd2943e78fcdbd4924451321e768fcfa482027baeb7f28f,,
[aa] Outputs\51.SAD\02.Diagrams\21.Service\01.0.TEMPLATE FOLDER\TEMPLATE View - Deliverables.drawio,TARGET\[00] Management\[90] Review\[10] Classification Required\[45] 01.0.TEMPLATE FOLDER\_media\TEMPLATE View - Deliverables.drawio,MEDIA,REVIEW,LOW,173,2137ff2a4f3c3d0c2dd2943e78fcdbd4924451321e768fcfa482027baeb7f28f,,
[aa] Outputs\51.SAD\02.Diagrams\21.Service\01.0.TEMPLATE FOLDER\TEMPLATE View - Dependencies.drawio,TARGET\[00] Management\[90] Review\[10] Classification Required\[45] 01.0.TEMPLATE FOLDER\_media\TEMPLATE View - Dependencies.drawio,MEDIA,REVIEW,LOW,173,2137ff2a4f3c3d0c2dd2943e78fcdbd4924451321e768fcfa482027baeb7f28f,,
[aa] Outputs\51.SAD\02.Diagrams\21.Service\01.0.TEMPLATE FOLDER\TEMPLATE View - Document - Intended Audience.drawio,TARGET\[00] Management\[90] Review\[10] Classification Required\[45] 01.0.TEMPLATE FOLDER\_media\TEMPLATE View - Document - Intended Audience.drawio,MEDIA,REVIEW,LOW,189,2137ff2a4f3c3d0c2dd2943e78fcdbd4924451321e768fcfa482027baeb7f28f,,
[aa] Outputs\51.SAD\02.Diagrams\21.Service\01.0.TEMPLATE FOLDER\TEMPLATE View - Document - Title Page.drawio,TARGET\[00] Management\[90] Review\[10] Classification Required\[45] 01.0.TEMPLATE FOLDER\_media\TEMPLATE View - Document - Title Page.drawio,MEDIA,REVIEW,LOW,182,2137ff2a4f3c3d0c2dd2943e78fcdbd4924451321e768fcfa482027baeb7f28f,,
[aa] Outputs\51.SAD\02.Diagrams\21.Service\01.0.TEMPLATE FOLDER\TEMPLATE View - Drivers.drawio,TARGET\[00] Management\[90] Review\[10] Classification Required\[45] 01.0.TEMPLATE FOLDER\_media\TEMPLATE View - Drivers.drawio,MEDIA,REVIEW,LOW,168,2137ff2a4f3c3d0c2dd2943e78fcdbd4924451321e768fcfa482027baeb7f28f,,
[aa] Outputs\51.SAD\02.Diagrams\21.Service\01.0.TEMPLATE FOLDER\TEMPLATE View - Objectives.drawio,TARGET\[00] Management\[90] Review\[10] Classification Required\[45] 01.0.TEMPLATE FOLDER\_media\TEMPLATE View - Objectives.drawio,MEDIA,REVIEW,LOW,171,2137ff2a4f3c3d0c2dd2943e78fcdbd4924451321e768fcfa482027baeb7f28f,,
[aa] Outputs\51.SAD\02.Diagrams\21.Service\01.0.TEMPLATE FOLDER\TEMPLATE View - Options.drawio,TARGET\[00] Management\[90] Review\[10] Classification Required\[45] 01.0.TEMPLATE FOLDER\_media\TEMPLATE View - Options.drawio,MEDIA,REVIEW,LOW,168,fbe9ca907065aea49ff36aace81e241b5163ee9b7c9612d1f4f610e4d255816b,,
[aa] Outputs\51.SAD\02.Diagrams\21.Service\01.0.TEMPLATE FOLDER\TEMPLATE View - Processes.drawio,TARGET\[00] Management\[90] Review\[10] Classification Required\[45] 01.0.TEMPLATE FOLDER\_media\TEMPLATE View - Processes.drawio,MEDIA,REVIEW,LOW,170,2137ff2a4f3c3d0c2dd2943e78fcdbd4924451321e768fcfa482027baeb7f28f,,
[aa] Outputs\51.SAD\02.Diagrams\21.Service\01.0.TEMPLATE FOLDER\TEMPLATE View - Resources.drawio,TARGET\[00] Management\[90] Review\[10] Classification Required\[45] 01.0.TEMPLATE FOLDER\_media\TEMPLATE View - Resources.drawio,MEDIA,REVIEW,LOW,170,2137ff2a4f3c3d0c2dd2943e78fcdbd4924451321e768fcfa482027baeb7f28f,,
[aa] Outputs\51.SAD\02.Diagrams\21.Service\01.0.TEMPLATE FOLDER\TEMPLATE View - Risks.drawio,TARGET\[00] Management\[90] Review\[10] Classification Required\[45] 01.0.TEMPLATE FOLDER\_media\TEMPLATE View - Risks.drawio,MEDIA,REVIEW,LOW,166,2137ff2a4f3c3d0c2dd2943e78fcdbd4924451321e768fcfa482027baeb7f28f,,
[aa] Outputs\51.SAD\02.Diagrams\21.Service\01.0.TEMPLATE FOLDER\TEMPLATE View - Roles.drawio,TARGET\[00] Management\[90] Review\[10] Classification Required\[45] 01.0.TEMPLATE FOLDER\_media\TEMPLATE View - Roles.drawio,MEDIA,REVIEW,LOW,166,2137ff2a4f3c3d0c2dd2943e78fcdbd4924451321e768fcfa482027baeb7f28f,,
[aa] Outputs\51.SAD\02.Diagrams\21.Service\01.0.TEMPLATE FOLDER\TEMPLATE View - Scheduling.drawio,TARGET\[00] Management\[90] Review\[10] Classification Required\[45] 01.0.TEMPLATE FOLDER\_media\TEMPLATE View - Scheduling.drawio,MEDIA,REVIEW,LOW,171,2137ff2a4f3c3d0c2dd2943e78fcdbd4924451321e768fcfa482027baeb7f28f,,
[aa] Outputs\51.SAD\02.Diagrams\21.Service\01.0.TEMPLATE FOLDER\TEMPLATE View - Scope.drawio,TARGET\[00] Management\[90] Review\[10] Classification Required\[45] 01.0.TEMPLATE FOLDER\_media\TEMPLATE View - Scope.drawio,MEDIA,REVIEW,LOW,166,2137ff2a4f3c3d0c2dd2943e78fcdbd4924451321e768fcfa482027baeb7f28f,,
[aa] Outputs\51.SAD\02.Diagrams\21.Service\01.0.TEMPLATE FOLDER\TEMPLATE View - Stakeholders.drawio,TARGET\[00] Management\[90] Review\[10] Classification Required\[45] 01.0.TEMPLATE FOLDER\_media\TEMPLATE View - Stakeholders.drawio,MEDIA,REVIEW,LOW,173,2137ff2a4f3c3d0c2dd2943e78fcdbd4924451321e768fcfa482027baeb7f28f,,
[aa] Outputs\51.SAD\02.Diagrams\21.Service\01.0.TEMPLATE FOLDER\TEMPLATE View - Terms & Classification.drawio,TARGET\[00] Management\[90] Review\[10] Classification Required\[45] 01.0.TEMPLATE FOLDER\_media\TEMPLATE View - Terms & Classification.drawio,MEDIA,REVIEW,LOW,183,2137ff2a4f3c3d0c2dd2943e78fcdbd4924451321e768fcfa482027baeb7f28f,,
[aa] Outputs\51.SAD\02.Diagrams\21.Service\01.0.TEMPLATE FOLDER\TEMPLATE View - TODOSORT.drawio,TARGET\[00] Management\[90] Review\[10] Classification Required\[45] 01.0.TEMPLATE FOLDER\_media\TEMPLATE View - TODOSORT.drawio,MEDIA,REVIEW,LOW,169,2137ff2a4f3c3d0c2dd2943e78fcdbd4924451321e768fcfa482027baeb7f28f,,
[aa] Outputs\51.SAD\02.Diagrams\21.Service\01.0.TEMPLATE FOLDER\TEMPLATE View - Tools.drawio,TARGET\[00] Management\[90] Review\[10] Classification Required\[45] 01.0.TEMPLATE FOLDER\_media\TEMPLATE View - Tools.drawio,MEDIA,REVIEW,LOW,166,2137ff2a4f3c3d0c2dd2943e78fcdbd4924451321e768fcfa482027baeb7f28f,,
[aa] Outputs\51.SAD\02.Diagrams\21.Service\05.Definition Views\README.Redirection.md,TARGET\[50] Design\[10] Architecture\[20] Architecture Descriptions\[90] README.Redirection.md,DOCUMENT,MERGE,HIGH,135,4a2e678fe28273d83d326a44ab82337e2a59108ad4b0aa8ce858682fe0629946,,
[aa] Outputs\51.SAD\02.Diagrams\21.Service\05.Definition Views\_placeholder.txt,TARGET\[50] Design\[10] Architecture\[20] Architecture Descriptions\[50 - SUPERSEDED] placeholder.txt,DOCUMENT,MERGE,HIGH,142,e3b0c44298fc1c149afbf4c8996fb92427ae41e4649b934ca495991b7852b855,,
[aa] Outputs\51.SAD\02.Diagrams\21.Service\05.Definition Views\000.Discovery View - Generic Org Requirements\Generic Organisation - Requirements - Dependencies - Infrastructure.drawio,TARGET\[50] Design\[60] Technology\[10] Platforms and Infrastructure\_media\Generic Organisation - Requirements - Dependencies - Infrastructure.drawio,MEDIA,SPLIT,MEDIUM,191,efc1946633ef0c332a19cf55d476b8595ac1e429f1d61965e06ff1321b18520f,,
[aa] Outputs\51.SAD\02.Diagrams\21.Service\05.Definition Views\000.Discovery View - Generic Org Requirements\Generic Organisation - Requirements - Dependencies.drawio,TARGET\[00] Management\[90] Review\[10] Classification Required\[46] 000.Discovery View - Generic Org Requirements\_media\Generic Organisation - Requirements - De~a276a1b9.drawio,MEDIA,REVIEW,LOW,219,edd605119e535bdbcd9f173ee4541fcde3ca473051b426ab4c48a8730e67769e,,
[aa] Outputs\51.SAD\02.Diagrams\21.Service\05.Definition Views\000.Discovery View - Generic Org Requirements\Generic Organisation - Requirements - SubServices.drawio,TARGET\[00] Management\[90] Review\[10] Classification Required\[46] 000.Discovery View - Generic Org Requirements\_media\Generic Organisation - Requirements - SubServices.drawio,MEDIA,REVIEW,LOW,219,38874c32ca86054079795a81909829e018ce955abeaacc567223880adefc9c7a,,
[aa] Outputs\51.SAD\02.Diagrams\21.Service\05.Definition Views\000.Discovery View - Generic Org Requirements\Generic Organisation - Requirements - System Capabilities.drawio,TARGET\[50] Design\[30] Functionality\[10] Capabilities and Functions\_media\Generic Organisation - Requirements - System Capabilities.drawio,MEDIA,SPLIT,MEDIUM,182,03224471f4716effebea551f3e60d111b3e4846705190a53bb899545e736027e,,
[aa] Outputs\51.SAD\02.Diagrams\21.Service\0TO DO FILE\InfoSys - Info View Scene Concepts.drawio,TARGET\[50] Design\[10] Architecture\[20] Architecture Descriptions\_media\InfoSys - Info View Scene Concepts.drawio,MEDIA,MERGE,HIGH,157,e4604ef15e9bc0af129f759a1e21119b159e93a5a65c75c10cac2778a9a920d2,,
[aa] Outputs\51.SAD\02.Diagrams\21.Service\0TO DO FILE\InfoSys - MIsc.drawio,TARGET\[50] Design\[10] Architecture\[20] Architecture Descriptions\_media\InfoSys - MIsc.drawio,MEDIA,MERGE,HIGH,137,95c47073cc1a10ffc305a2b693686d2de4e0d931e741dbf49ef671e07b8c270d,,
[aa] Outputs\51.SAD\02.Diagrams\21.Service\51.Service Client View\README.md,TARGET\[60] Delivery\[60] Client Applications\[10] Web and Client Applications\[30] README.md,DOCUMENT,MERGE,HIGH,134,2091b4de0e49b5b638795de198c3115ab4cfedc92701fb4a4fa14e1c6fd7c3c9,,
[aa] Outputs\51.SAD\02.Diagrams\21.Service\90.Appendices View\Appendices View.drawio,TARGET\[50] Design\[10] Architecture\[20] Architecture Descriptions\_media\Appendices View.drawio,MEDIA,MERGE,HIGH,138,a0f0a1ed2944ba18a19475bbe5cc15f07c34cb1ef2ae0c9667c710e0af744af3,,
[aa] Outputs\51.SAD\02.Diagrams\21.Service\90.Appendices View\_placeholder.txt,TARGET\[50] Design\[10] Architecture\[20] Architecture Descriptions\[70 - SUPERSEDED] placeholder.txt,DOCUMENT,MERGE,HIGH,142,e3b0c44298fc1c149afbf4c8996fb92427ae41e4649b934ca495991b7852b855,,
[aa] Outputs\51.SAD\02.Diagrams\21.Service\90.Appendices View\00.Images\_placeholder.txt,TARGET\[50] Design\[10] Architecture\[20] Architecture Descriptions\[60 - SUPERSEDED] placeholder.txt,DOCUMENT,MERGE,HIGH,142,e3b0c44298fc1c149afbf4c8996fb92427ae41e4649b934ca495991b7852b855,,
[aa] Outputs\51.SAD\02.Diagrams\31.Client\00.Images\_placeholder.txt,TARGET\[60] Delivery\[60] Client Applications\[10] Web and Client Applications\[10 - SUPERSEDED] placeholder.txt,DOCUMENT,MERGE,HIGH,153,e3b0c44298fc1c149afbf4c8996fb92427ae41e4649b934ca495991b7852b855,,
[aa] Outputs\51.SAD\02.Diagrams\31.Client\00.Resources\99.LEGACY.SOURCE\401.Information System - Service Client (Web) - System Logical Module [LEGACY].drawio,TARGET\[90] Closure\[10] Retirement\[10] Planning and Exit\_media\Information System - Service Client (Web) - System Logical Module [LEGACY].drawio,MEDIA,MERGE,HIGH,188,28899ab344c17e8459a4100d680a82164a9d6e30c5a4563076ca174a73cdee1a,,
[aa] Outputs\51.SAD\02.Diagrams\31.Client\00.Resources\99.LEGACY.SOURCE\402.Information System - Service Client (Web) - Base System Logical Module.drawio,TARGET\[90] Closure\[10] Retirement\[10] Planning and Exit\_media\Information System - Service Client (Web) - Base System Logical Module.drawio,MEDIA,MERGE,HIGH,184,538bd0abde753b1e95a956e896da3ba9dd8d5752cd5056dc926d60c2ae167024,,
[aa] Outputs\51.SAD\02.Diagrams\31.Client\07.Discovery View\341.41.00.Base System LM - Service Client View.drawio,TARGET\[00] Management\[90] Review\[10] Classification Required\[47] 07.Discovery View\_media\Base System LM - Service Client View.drawio,MEDIA,REVIEW,LOW,178,d7e9a571e80963a62657ef95170cd6cda8bb13a256b322a78bc1847d9d726a3b,,
[aa] Outputs\51.SAD\02.Diagrams\31.Client\07.Discovery View\InfoSys Web Client - Menu Operations.drawio,TARGET\[60] Delivery\[60] Client Applications\[10] Web and Client Applications\_media\InfoSys Web Client - Menu Operations.drawio,MEDIA,SPLIT,MEDIUM,170,e49ed41324bcec5505d2168f97f526242e271eea536603aed502565fbf478d74,,
[aa] Outputs\51.SAD\02.Diagrams\31.Client\07.Discovery View\02.MODULES\01.Base\Base.drawio,TARGET\[60] Delivery\[60] Client Applications\[10] Web and Client Applications\_media\Base.drawio,MEDIA,MERGE,HIGH,138,66ad9b5e358532481a5854d2a7a4f59ea3a9ed49b9f38748d3dee42afbd2c7cf,,
[aa] Outputs\51.SAD\02.Diagrams\31.Client\08.Requirements View\Requirements View - Requirements.drawio,TARGET\[60] Delivery\[60] Client Applications\[10] Web and Client Applications\_media\Requirements View - Requirements.drawio,MEDIA,MERGE,HIGH,166,9405323659e93a7b1cf5d6e4f99debf274996e92d572dc31a43d035f1b0bc5c7,,
[aa] Outputs\51.SAD\02.Diagrams\31.Client\09.Capabilities View\21.Functionality View - Classification - UX (HL).drawio,TARGET\[60] Delivery\[60] Client Applications\[10] Web and Client Applications\_media\Functionality View - Classification - UX (HL).drawio,MEDIA,MERGE,HIGH,179,071bbfe351986b1f60ebb1afd613d12c22184f9c2908bd86b6b20cf5019bc52a,,
[aa] Outputs\51.SAD\02.Diagrams\31.Client\20.Integration View\Integration View - Protocols.drawio,TARGET\[60] Delivery\[60] Client Applications\[10] Web and Client Applications\_media\Integration View - Protocols.drawio,MEDIA,MERGE,HIGH,162,cdc83174b38a8b051e30e983a569497477d002e552b4ad5f5945486a847ba73d,,
[aa] Outputs\51.SAD\02.Diagrams\31.Client\30.Development View\Base Module Content Container View (1).drawio,TARGET\[60] Delivery\[60] Client Applications\[10] Web and Client Applications\_media\Base Module Content Container View (1).drawio,MEDIA,SPLIT,MEDIUM,172,29cf3e085d4acf905313e66a2f5ec94f315b64d2dcfc70c27e3bc6f36799cb69,,
[aa] Outputs\51.SAD\02.Diagrams\31.Client\30.Development View\Base Module Content Container View.drawio,TARGET\[60] Delivery\[60] Client Applications\[10] Web and Client Applications\_media\Base Module Content Container View.drawio,MEDIA,SPLIT,MEDIUM,168,a8abb4b9811bad1dc57a06469c960c87725ee3b5718e7eea82abfe2f1570a01b,,
[aa] Outputs\51.SAD\02.Diagrams\31.Client\30.Development View\Development View - Assistance Container View.drawio,TARGET\[60] Delivery\[60] Client Applications\[10] Web and Client Applications\_media\Development View - Assistance Container View.drawio,MEDIA,SPLIT,MEDIUM,178,1848d7957eacca28f050c84fb1e316f708fe880a3f0c661ee21847e6914a7faa,,
[aa] Outputs\51.SAD\02.Diagrams\31.Client\30.Development View\Development View - Base Module Authorisation Container View.drawio,TARGET\[60] Delivery\[60] Client Applications\[10] Web and Client Applications\_media\Development View - Base Module Authorisation Container View.drawio,MEDIA,SPLIT,MEDIUM,193,6f2272b732f9d8fb4ca78c6f7a0dbf85fd56d97435031d314803f62e617491b2,,
[aa] Outputs\51.SAD\02.Diagrams\31.Client\30.Development View\Development View - Base Module Context Container View - .drawio,TARGET\[60] Delivery\[60] Client Applications\[10] Web and Client Applications\_media\Development View - Base Module Context Container View.drawio,MEDIA,SPLIT,MEDIUM,187,e244ef5513eca9ea18d6c97180c3c508154a5cef3ad280a9bb8a15658063dd67,,
[aa] Outputs\51.SAD\02.Diagrams\31.Client\30.Development View\Development View - Base Module Diagnostics Container View.drawio,TARGET\[00] Management\[90] Review\[10] Classification Required\[48] 30.Development View\_media\Development View - Base Module Diagnostics Container View.drawio,MEDIA,REVIEW,LOW,201,e9ee5e41521bdf494e80ae47e7f5b0001a44181292adf1e8c75f787448ddb5b0,,
[aa] Outputs\51.SAD\02.Diagrams\31.Client\30.Development View\Development View - Base Module Session Auditing Container View.drawio,TARGET\[60] Delivery\[60] Client Applications\[10] Web and Client Applications\_media\Development View - Base Module Session Auditing Container View.drawio,MEDIA,SPLIT,MEDIUM,196,f69c872f9c7c5bb6134a6254e2bf05d762e94b69895ae93678ad1195ad6f2f18,,
[aa] Outputs\51.SAD\02.Diagrams\31.Client\30.Development View\Development View - Base Module Status Content Container View.drawio,TARGET\[60] Delivery\[60] Client Applications\[10] Web and Client Applications\_media\Development View - Base Module Status Content Container View.drawio,MEDIA,SPLIT,MEDIUM,194,260e1ee4f58ae4b7c6a3fb5eacf928f58dad522a397acd72006f57e37c0f36f5,,
[aa] Outputs\51.SAD\02.Diagrams\31.Client\30.Development View\Development View - Base Module System Structure Container View.drawio,TARGET\[60] Delivery\[60] Client Applications\[10] Web and Client Applications\_media\Development View - Base Module System Structure Container View.drawio,MEDIA,SPLIT,MEDIUM,196,36de2c7489a86a6065d6586731a0657699b5d1ed9b0cd07e928323885ce168fd,,
[aa] Outputs\51.SAD\02.Diagrams\31.Client\30.Development View\Development View - Base Module System Structure Container.drawio,TARGET\[60] Delivery\[60] Client Applications\[10] Web and Client Applications\_media\Development View - Base Module System Structure Container.drawio,MEDIA,SPLIT,MEDIUM,191,24f9e76cad62980bd8e23c3fb411c3013379056913f3716006900ff4ad27ea01,,
[aa] Outputs\51.SAD\02.Diagrams\31.Client\30.Development View\Development View - Body Container View.drawio,TARGET\[60] Delivery\[60] Client Applications\[10] Web and Client Applications\_media\Development View - Body Container View.drawio,MEDIA,SPLIT,MEDIUM,172,f82c0350926720fb13d4ebe2d17f95c3f83786b8fa46c626e3b49d4bab6b64b7,,
[aa] Outputs\51.SAD\02.Diagrams\31.Client\30.Development View\Development View - Content Container View.drawio,TARGET\[60] Delivery\[60] Client Applications\[10] Web and Client Applications\_media\Development View - Content Container View.drawio,MEDIA,SPLIT,MEDIUM,175,a4861cfad46b32d1e9e207e50c06073a9bb058361bbc1df7ad75e320c30cca6b,,
[aa] Outputs\51.SAD\02.Diagrams\31.Client\30.Development View\Development View - Context Container View.drawio,TARGET\[60] Delivery\[60] Client Applications\[10] Web and Client Applications\_media\Development View - Context Container View.drawio,MEDIA,SPLIT,MEDIUM,175,71f8ff22791e40303dd780db40f9f619b2ba941661917e25a4bd1ba3b5072033,,
[aa] Outputs\51.SAD\02.Diagrams\31.Client\30.Development View\Development View - Dashboard Container View.drawio,TARGET\[60] Delivery\[60] Client Applications\[10] Web and Client Applications\_media\Development View - Dashboard Container View.drawio,MEDIA,SPLIT,MEDIUM,177,f204e2bea76c2151e53c13d0390d215a8e5f53fc63881e9d35c406d36cce87c3,,
[aa] Outputs\51.SAD\02.Diagrams\31.Client\30.Development View\Development View - Interfaces - Views - Relative Paths.drawio,TARGET\[60] Delivery\[60] Client Applications\[10] Web and Client Applications\_media\Development View - Interfaces - Views - Relative Paths.drawio,MEDIA,SPLIT,MEDIUM,188,4437543f976f426e55b435738f019501e5d81e316f4c676639c7f51b37165b49,,
[aa] Outputs\51.SAD\02.Diagrams\31.Client\30.Development View\Development View - Notifications Container View.drawio,TARGET\[60] Delivery\[60] Client Applications\[10] Web and Client Applications\_media\Development View - Notifications Container View.drawio,MEDIA,SPLIT,MEDIUM,181,ecd85b151c782e570bbf13ecfdbc42215f85fbf7224bb212fbe2a9ba10abf6eb,,
[aa] Outputs\51.SAD\02.Diagrams\31.Client\30.Development View\Development View - Overlay Container View.drawio,TARGET\[60] Delivery\[60] Client Applications\[10] Web and Client Applications\_media\Development View - Overlay Container View.drawio,MEDIA,SPLIT,MEDIUM,175,d5dc641087f21c5bdbb7aa4508f0eae1dd90c1bace7455b7b72d013972f95c63,,
[aa] Outputs\51.SAD\02.Diagrams\31.Client\30.Development View\Development View - Patterns.drawio,TARGET\[60] Delivery\[60] Client Applications\[10] Web and Client Applications\_media\Development View - Patterns.drawio,MEDIA,SPLIT,MEDIUM,161,e64c78e0ccb1db2d21f83141ba0f2a7c48680ad5ee6f100a7fd96c848a287f9e,,
[aa] Outputs\51.SAD\02.Diagrams\31.Client\30.Development View\Development View - Search Container View.drawio,TARGET\[60] Delivery\[60] Client Applications\[10] Web and Client Applications\_media\Development View - Search Container View.drawio,MEDIA,SPLIT,MEDIUM,174,61d7d346ffd1f8b106a794ef013d5d954f6f9be23fbd18e22714a4fd2694263e,,
[aa] Outputs\51.SAD\02.Diagrams\31.Client\30.Development View\Development View - Settings Container View.drawio,TARGET\[60] Delivery\[60] Client Applications\[10] Web and Client Applications\_media\Development View - Settings Container View.drawio,MEDIA,SPLIT,MEDIUM,176,a72dbe285a4e5f0f87028b30e924bb67fb9c98656db0e3f9eaeef7023bf8e6b3,,
[aa] Outputs\51.SAD\02.Diagrams\31.Client\30.Development View\Development View - Shell container View.drawio,TARGET\[60] Delivery\[60] Client Applications\[10] Web and Client Applications\_media\Development View - Shell container View.drawio,MEDIA,SPLIT,MEDIUM,173,720e94196e088d5efce4a4caa2b8ebc9f36f5b7b085efdbd22dad9910cfaecfb,,
[aa] Outputs\51.SAD\02.Diagrams\31.Client\30.Development View\Development View - Standards.drawio,TARGET\[60] Delivery\[60] Client Applications\[10] Web and Client Applications\_media\Development View - Standards.drawio,MEDIA,SPLIT,MEDIUM,162,ed1c58b46d203ce8567ac72e68d7e2c3d2e5dd633f97b060bca9972cbf042b88,,
[aa] Outputs\51.SAD\02.Diagrams\31.Client\30.Development View\Development View - Statements Container View.drawio,TARGET\[60] Delivery\[60] Client Applications\[10] Web and Client Applications\_media\Development View - Statements Container View.drawio,MEDIA,SPLIT,MEDIUM,178,93d69a29021b0b396cafe9e21ca8dcbdcb2479450280b6118e3f465e78a3e3fd,,
[aa] Outputs\51.SAD\02.Diagrams\31.Client\30.Development View\Development View - Status Container View.drawio,TARGET\[60] Delivery\[60] Client Applications\[10] Web and Client Applications\_media\Development View - Status Container View.drawio,MEDIA,SPLIT,MEDIUM,174,9d5744472d76e3a7b9fee84bc28781367420c16b508d28871e9ce11eccc8ebd1,,
[aa] Outputs\51.SAD\02.Diagrams\31.Client\30.Development View\Development View - Structure Container View.drawio,TARGET\[60] Delivery\[60] Client Applications\[10] Web and Client Applications\_media\Development View - Structure Container View.drawio,MEDIA,SPLIT,MEDIUM,177,9fdd79db4a956097be7a70b43d56781bf43939c3e7f346d59346ace6cb61d7d0,,
[aa] Outputs\51.SAD\02.Diagrams\31.Client\30.Development View\Development View - Technologies (1).drawio,TARGET\[60] Delivery\[60] Client Applications\[10] Web and Client Applications\_media\Development View - Technologies (1).drawio,MEDIA,SPLIT,MEDIUM,169,6f9e67457aad3731b5edd18385dc3918d27e82eaaf106bcad3c088d5b8e62fe6,,
[aa] Outputs\51.SAD\02.Diagrams\31.Client\30.Development View\Development View - Technologies.drawio,TARGET\[60] Delivery\[60] Client Applications\[10] Web and Client Applications\_media\Development View - Technologies.drawio,MEDIA,SPLIT,MEDIUM,165,adbe40180d7756f3e00c68e07acc7c31d5ab29ded77209a3e728d2e6fa9c68b3,,
[aa] Outputs\51.SAD\02.Diagrams\31.Client\30.Development View\Development View - View Types.drawio,TARGET\[60] Delivery\[60] Client Applications\[10] Web and Client Applications\_media\Development View - View Types.drawio,MEDIA,SPLIT,MEDIUM,163,c7efaab895f32b1cce6f5233d0cddcb612d2663a8acdb2c8e4d43c763195607f,,
[aa] Outputs\51.SAD\02.Diagrams\31.Client\32.User Interface Layout View\README.md,TARGET\[60] Delivery\[60] Client Applications\[30] User Interfaces\[50] README.md,DOCUMENT,MERGE,HIGH,122,81e54a83af2f8fa333eb9f3013106c02ef50e839bab153698a25e3370bd0de48,,
[aa] Outputs\51.SAD\02.Diagrams\31.Client\32.User Interface Layout View\_placeholder.txt,TARGET\[60] Delivery\[60] Client Applications\[30] User Interfaces\[20 - SUPERSEDED] placeholder.txt,DOCUMENT,MERGE,HIGH,141,e3b0c44298fc1c149afbf4c8996fb92427ae41e4649b934ca495991b7852b855,,
[aa] Outputs\51.SAD\02.Diagrams\31.Client\40.Documentation View\Documentation View.drawio,TARGET\[60] Delivery\[60] Client Applications\[10] Web and Client Applications\_media\Documentation View.drawio,MEDIA,MERGE,HIGH,152,1db78a6ef7a3663b3e14066b7b59a0837981d1289c257bb7304b86ab8ebc74a3,,
[aa] Outputs\51.SAD\02.Diagrams\31.Client\45.Testing View\Testing View - Automated System Testing Types.drawio,TARGET\[60] Delivery\[70] Verification\[10] Component and System Testing\_media\Testing View - Automated System Testing Types.drawio,MEDIA,MERGE,HIGH,173,86bb9dd7f61cb3acdafe7396b9d22ae7711c6e0f769c7ff54e6b1dab36e3d56c,,
[aa] Outputs\51.SAD\02.Diagrams\31.Client\45.Testing View\Testing View - Decisions.drawio,TARGET\[60] Delivery\[70] Verification\[10] Component and System Testing\_media\Testing View - Decisions.drawio,MEDIA,MERGE,HIGH,152,cd2789a30cc15db04df48059b2a50f1b0767e216c15ce5709e87ed171e991919,,
[aa] Outputs\51.SAD\02.Diagrams\31.Client\45.Testing View\Testing View - Test Groups.drawio,TARGET\[60] Delivery\[70] Verification\[10] Component and System Testing\_media\Testing View - Test Groups.drawio,MEDIA,MERGE,HIGH,154,1d8f389fe06d4df44c511cbac38684b03b8627a38779bda6cf1030db5cb886e2,,
[aa] Outputs\51.SAD\02.Diagrams\31.Client\45.Testing View\Testing View - Testing Approaches.drawio,TARGET\[60] Delivery\[70] Verification\[10] Component and System Testing\_media\Testing View - Testing Approaches.drawio,MEDIA,MERGE,HIGH,161,32a0ac070923b5ffff2a06f99c328378be2c06279c315e76095d6822dab23b2b,,
[aa] Outputs\51.SAD\02.Diagrams\31.Client\45.Testing View\Testing View - User Interface Screen Capturing.drawio,TARGET\[60] Delivery\[70] Verification\[10] Component and System Testing\_media\Testing View - User Interface Screen Capturing.drawio,MEDIA,MERGE,HIGH,174,8d9093b429847c3dbb8784646f3fa5da88f4b8f83eb4a56bdcdb8d08fc4c567e,,
[aa] Outputs\51.SAD\02.Diagrams\31.Client\45.Testing View\Testing View - Workflow Sequence.drawio,TARGET\[60] Delivery\[70] Verification\[10] Component and System Testing\_media\Testing View - Workflow Sequence.drawio,MEDIA,MERGE,HIGH,160,64914c2e76025c35cab50d6c8f9e445ecc5af3f87accbf36958446dd8040e5a5,,
[aa] Outputs\51.SAD\02.Diagrams\31.Client\50.Security View\Security View - Integration over Encrypted Channels.drawio,TARGET\[60] Delivery\[60] Client Applications\[10] Web and Client Applications\_media\Security View - Integration over Encrypted Channels.drawio,MEDIA,MERGE,HIGH,185,80427271113888c9e9279c91e5ee6b288348e5fb6ebd1d036309ebd579276eed,,
[aa] Outputs\51.SAD\02.Diagrams\31.Client\50.Security View\Security View - Secure Cookies.drawio,TARGET\[60] Delivery\[60] Client Applications\[10] Web and Client Applications\_media\Security View - Secure Cookies.drawio,MEDIA,MERGE,HIGH,164,d4ebc25064e068f2f45665e4e7ec43e2e3035de6e10fa70228a60ff84e6e6b36,,
[aa] Outputs\51.SAD\02.Diagrams\31.Client\50.Security View\Security View - Storage Options.drawio,TARGET\[60] Delivery\[60] Client Applications\[10] Web and Client Applications\_media\Security View - Storage Options.drawio,MEDIA,MERGE,HIGH,165,7739b43738b0aaddce8534bd5ca00c47001202ca849a05a8280d24a000f96833,,
[aa] Outputs\51.SAD\02.Diagrams\31.Client\51.Privacy View\Privacy View - Cookie Types.drawio,TARGET\[60] Delivery\[60] Client Applications\[10] Web and Client Applications\_media\Privacy View - Cookie Types.drawio,MEDIA,MERGE,HIGH,161,571d5933f5ab931a5365cef15eccccb747bc687da8461f8b5b32806b2597a952,,
[aa] Outputs\51.SAD\02.Diagrams\31.Client\89.Appendices\Appendices - MVC Pattern.drawio,TARGET\[60] Delivery\[60] Client Applications\[10] Web and Client Applications\_media\Appendices - MVC Pattern.drawio,MEDIA,MERGE,HIGH,158,70463b8408d8e3d6315a59e7bd4321411e8c653d5a338972f2d5ad2d2d02ae13,,
[aa] Outputs\51.SAD\02.Diagrams\32.Client Interface\00.Images\_placeholder.txt,TARGET\[60] Delivery\[60] Client Applications\[10] Web and Client Applications\[20 - SUPERSEDED] placeholder.txt,DOCUMENT,MERGE,HIGH,153,e3b0c44298fc1c149afbf4c8996fb92427ae41e4649b934ca495991b7852b855,,
[aa] Outputs\51.SAD\02.Diagrams\32.Client Interface\User Interface Layout View\00.Images\01.User Interface Layout View (Concepts) - View Component Types.drawio.png,TARGET\[60] Delivery\[60] Client Applications\[30] User Interfaces\_media\User Interface Layout View (Concepts) - View Component Types.drawio.png,MEDIA,MERGE,HIGH,186,3415f9b35d1d3da01b8bec7b971b0f5d92c443ccbfb71b7491150cf2a8510ce2,,
[aa] Outputs\51.SAD\02.Diagrams\32.Client Interface\User Interface Layout View\00.Images\11.00.User Interface Layout View (Flows) - BREAD Flows.drawio.png,TARGET\[60] Delivery\[60] Client Applications\[30] User Interfaces\_media\User Interface Layout View (Flows) - BREAD Flows.drawio.png,MEDIA,MERGE,HIGH,174,4a8844c6c0d8d479ac06553c341d9430ccbdcba58805709cac51b124f7086d9a,,
[aa] Outputs\51.SAD\02.Diagrams\32.Client Interface\User Interface Layout View\00.Images\11.02.User Interface Layout View (Flows) - BREAD Flow (HL).drawio.png,TARGET\[60] Delivery\[60] Client Applications\[30] User Interfaces\_media\User Interface Layout View (Flows) - BREAD Flow (HL).drawio.png,MEDIA,MERGE,HIGH,178,b2931da131fd5cf35256c8e395a1439b8fdff7cb83e96051e5681d9a49e026f3,,
[aa] Outputs\51.SAD\02.Diagrams\32.Client Interface\User Interface Layout View\00.Images\_placeholder.txt,TARGET\[60] Delivery\[60] Client Applications\[30] User Interfaces\[25 - SUPERSEDED] placeholder.txt,DOCUMENT,MERGE,HIGH,141,e3b0c44298fc1c149afbf4c8996fb92427ae41e4649b934ca495991b7852b855,,
[aa] Outputs\51.SAD\02.Diagrams\32.Client Interface\User Interface Layout View\01.Document\_placeholder.txt,TARGET\[60] Delivery\[60] Client Applications\[30] User Interfaces\[30 - SUPERSEDED] placeholder.txt,DOCUMENT,MERGE,HIGH,141,e3b0c44298fc1c149afbf4c8996fb92427ae41e4649b934ca495991b7852b855,,
[aa] Outputs\51.SAD\02.Diagrams\32.Client Interface\User Interface Layout View\02.Resources\_placeholder.txt,TARGET\[60] Delivery\[60] Client Applications\[30] User Interfaces\[35 - SUPERSEDED] placeholder.txt,DOCUMENT,MERGE,HIGH,141,e3b0c44298fc1c149afbf4c8996fb92427ae41e4649b934ca495991b7852b855,,
[aa] Outputs\51.SAD\02.Diagrams\32.Client Interface\User Interface Layout View\03.Concepts\01.User Interface Layout View (Concepts) - View Types.drawio,TARGET\[60] Delivery\[60] Client Applications\[30] User Interfaces\_media\User Interface Layout View (Concepts) - View Types.drawio,MEDIA,SPLIT,MEDIUM,172,1713fb5079afdf3caf1d5eed3cd78e9c52ae761079497e6227e044ab134eeb95,,
[aa] Outputs\51.SAD\02.Diagrams\32.Client Interface\User Interface Layout View\03.Concepts\02.User Interface Layout View (Concepts) - Key Concepts.drawio,TARGET\[60] Delivery\[60] Client Applications\[30] User Interfaces\_media\User Interface Layout View (Concepts) - Key Concepts.drawio,MEDIA,SPLIT,MEDIUM,174,9ac2dc341067edf1e471f76a74957ca1387dc36dbdd5d5831f1a712e373855eb,,
[aa] Outputs\51.SAD\02.Diagrams\32.Client Interface\User Interface Layout View\03.Concepts\03.User Interface Layout View (Concepts) - View Flow Mobile HL Summary.drawio,TARGET\[00] Management\[90] Review\[10] Classification Required\[49] 03.Concepts\_media\User Interface Layout View (Concepts) - View Flow Mobile HL Summary.drawio,MEDIA,REVIEW,LOW,203,435f10574e069253599c0bf38533730275a0e6c71154925f01cd90cddf7d526f,,
[aa] Outputs\51.SAD\02.Diagrams\32.Client Interface\User Interface Layout View\03.Concepts\_placeholder.txt,TARGET\[60] Delivery\[60] Client Applications\[30] User Interfaces\[40 - SUPERSEDED] placeholder.txt,DOCUMENT,SPLIT,MEDIUM,141,e3b0c44298fc1c149afbf4c8996fb92427ae41e4649b934ca495991b7852b855,,
[aa] Outputs\51.SAD\02.Diagrams\32.Client Interface\User Interface Layout View\04.Categorisation\01.User Interface Layout View (Categorisation) - HTTP Response Codes.drawio,TARGET\[60] Delivery\[60] Client Applications\[30] User Interfaces\_media\User Interface Layout View (Categorisation) - HTTP Response Codes.drawio,MEDIA,MERGE,HIGH,187,52442cce4261edb163c5274352f931fc17ae5fd990ebbcf419cadba327b16b30,,
[aa] Outputs\51.SAD\02.Diagrams\32.Client Interface\User Interface Layout View\04.Categorisation\02.User Interface Layout View (Categorisation) - Information Collection Display Rendering Types.drawio,TARGET\[60] Delivery\[60] Client Applications\[30] User Interfaces\_media\User Interface Layout View (Categorisation) - Information Collection Display Rendering Types.drawio,MEDIA,MERGE,HIGH,214,8eea63bc5e29721e3978244272434f13ffc98992427bfd4cff274a931dce3976,,
[aa] Outputs\51.SAD\02.Diagrams\32.Client Interface\User Interface Layout View\04.Categorisation\_placeholder.txt,TARGET\[60] Delivery\[60] Client Applications\[30] User Interfaces\[45 - SUPERSEDED] placeholder.txt,DOCUMENT,MERGE,HIGH,141,e3b0c44298fc1c149afbf4c8996fb92427ae41e4649b934ca495991b7852b855,,
[aa] Outputs\51.SAD\02.Diagrams\32.Client Interface\User Interface Layout View\05.Guidance\11.User Interface Layout View (Guidance) - Principles.drawio,TARGET\[60] Delivery\[60] Client Applications\[30] User Interfaces\_media\User Interface Layout View (Guidance) - Principles.drawio,MEDIA,MERGE,HIGH,172,8f15ab7f15330448e62da9213f875a58ce767cd414d3d698d174fc81e3922742,,
[aa] Outputs\51.SAD\02.Diagrams\32.Client Interface\User Interface Layout View\05.Guidance\12.User Interface Layout View (Guidance) - Screen Size Trends.drawio,TARGET\[60] Delivery\[60] Client Applications\[30] User Interfaces\_media\User Interface Layout View (Guidance) - Screen Size Trends.drawio,MEDIA,MERGE,HIGH,180,b3975ee3336f0fb8ea1dc19d703da50a6f64eaa3d65a1e383bd812ee3b1171f6,,
[aa] Outputs\51.SAD\02.Diagrams\32.Client Interface\User Interface Layout View\05.Guidance\13.User Interface Layout View (Guidance) - Container Backgrounds.drawio,TARGET\[60] Delivery\[60] Client Applications\[30] User Interfaces\_media\User Interface Layout View (Guidance) - Container Backgrounds.drawio,MEDIA,MERGE,HIGH,183,7b7f2326354c86af974798cb7b5e1cc4a0c6ecb6b716703c786b1b3f0beb0367,,
[aa] Outputs\51.SAD\02.Diagrams\32.Client Interface\User Interface Layout View\06.Organisation\01.User Interface Layout View (Organisation) - Navigation Map.drawio,TARGET\[60] Delivery\[60] Client Applications\[30] User Interfaces\_media\User Interface Layout View (Organisation) - Navigation Map.drawio,MEDIA,MERGE,HIGH,180,5f64f377ec1e269942bad502a06ab9442f66efa79d5e4ba6eb91db96cac70c8e,,
[aa] Outputs\51.SAD\02.Diagrams\32.Client Interface\User Interface Layout View\06.Organisation\02.User Interface Layout View (Organisation) - Screen Flows - HL.drawio,TARGET\[60] Delivery\[60] Client Applications\[30] User Interfaces\_media\User Interface Layout View (Organisation) - Screen Flows - HL.drawio,MEDIA,MERGE,HIGH,183,d77f3335f5fd15e0709d8c1a1987fb2377dca4ce81c7c5e69a78423d2d74353e,,
[aa] Outputs\51.SAD\02.Diagrams\32.Client Interface\User Interface Layout View\07.Flows\.$11.00.User Interface Layout View (Flows) - BREAD - Browse View Components.drawio.dtmp,TARGET\[60] Delivery\[60] Client Applications\[30] User Interfaces\$11.00.User Interface Layout View (Flows) - BREAD - Browse View Components.drawio.dtmp,OTHER,SPLIT,MEDIUM,194,6cf7a7326561fad9cc9df25b5ad4ee6155f2d8821fea581ca091b29934d21411,,
[aa] Outputs\51.SAD\02.Diagrams\32.Client Interface\User Interface Layout View\07.Flows\.$11.00.User Interface Layout View (Flows) - SummaryItem.drawio.dtmp,TARGET\[60] Delivery\[60] Client Applications\[30] User Interfaces\$11.00.User Interface Layout View (Flows) - SummaryItem.drawio.dtmp,OTHER,SPLIT,MEDIUM,175,e5931fdf5b7e604d18e339fb548ed8f6c241811dd127962c3c5ba86a52586b75,,
[aa] Outputs\51.SAD\02.Diagrams\32.Client Interface\User Interface Layout View\07.Flows\11.00.User Interface Layout View (Flows) - BREAD - Browse View Components.drawio,TARGET\[60] Delivery\[60] Client Applications\[30] User Interfaces\_media\User Interface Layout View (Flows) - BREAD - Browse View Components.drawio,MEDIA,SPLIT,MEDIUM,189,ce88c21b411c2ea7009927aa4f9c5958d7e6d0dfd188a3be5d697152680f345c,,
[aa] Outputs\51.SAD\02.Diagrams\32.Client Interface\User Interface Layout View\07.Flows\11.00.User Interface Layout View (Flows) - BREAD View Flows.drawio,TARGET\[60] Delivery\[60] Client Applications\[30] User Interfaces\_media\User Interface Layout View (Flows) - BREAD View Flows.drawio,MEDIA,SPLIT,MEDIUM,175,b5e05b7db1123ddec69765367f804bf8f2dceaed9751edf542c26b309014f14b,,
[aa] Outputs\51.SAD\02.Diagrams\32.Client Interface\User Interface Layout View\07.Flows\11.00.User Interface Layout View (Flows) - CRUD Views - Extra Parts.drawio,TARGET\[60] Delivery\[60] Client Applications\[30] User Interfaces\_media\User Interface Layout View (Flows) - CRUD Views - Extra Parts.drawio,MEDIA,SPLIT,MEDIUM,183,5614ca125c32fa9540b9eca6f3dc9245ad2efd4a9a782884bd700d820e27caad,,
[aa] Outputs\51.SAD\02.Diagrams\32.Client Interface\User Interface Layout View\07.Flows\11.00.User Interface Layout View (Flows) - CRUD Views.drawio,TARGET\[60] Delivery\[60] Client Applications\[30] User Interfaces\_media\User Interface Layout View (Flows) - CRUD Views.drawio,MEDIA,SPLIT,MEDIUM,169,9ea12f5682c7d9bfc1fd5cc75fc44e926cd9635ac3ef6b9a36746f9e060f3681,,
[aa] Outputs\51.SAD\02.Diagrams\32.Client Interface\User Interface Layout View\07.Flows\11.00.User Interface Layout View (Flows) - SummaryItem.drawio,TARGET\[60] Delivery\[60] Client Applications\[30] User Interfaces\_media\User Interface Layout View (Flows) - SummaryItem.drawio,MEDIA,SPLIT,MEDIUM,170,6531ecf90e81974e93c18455b7eec3efdac5685ff69ed8067f37ea2b46ef228d,,
[aa] Outputs\51.SAD\02.Diagrams\32.Client Interface\User Interface Layout View\07.Flows\11.00.User Interface Layout View (Flows) - SummaryItems.drawio,TARGET\[60] Delivery\[60] Client Applications\[30] User Interfaces\_media\User Interface Layout View (Flows) - SummaryItems.drawio,MEDIA,SPLIT,MEDIUM,171,6531ecf90e81974e93c18455b7eec3efdac5685ff69ed8067f37ea2b46ef228d,,
[aa] Outputs\51.SAD\02.Diagrams\32.Client Interface\User Interface Layout View\07.Flows\11.02.User Interface Layout View (Flows) - BREAD Flow Operations.drawio,TARGET\[60] Delivery\[60] Client Applications\[30] User Interfaces\_media\User Interface Layout View (Flows) - BREAD Flow Operations.drawio,MEDIA,SPLIT,MEDIUM,180,b80108a51695ce62bb7e7074bab2197b0a8ce64868fc3ef1424e30748e456031,,
[aa] Outputs\51.SAD\02.Diagrams\32.Client Interface\User Interface Layout View\07.Flows\11.02.User Interface Layout View (Flows) - BREAD Flows (HL).drawio,TARGET\[60] Delivery\[60] Client Applications\[30] User Interfaces\_media\User Interface Layout View (Flows) - BREAD Flows (HL).drawio,MEDIA,SPLIT,MEDIUM,175,34a39d42d6fa7f0321c2ed891b8bce0d2ce6af10b0e0442dd1a33b53d6f7a2b4,,
[aa] Outputs\51.SAD\02.Diagrams\32.Client Interface\User Interface Layout View\08.Shared Views\20.User Interface Layout View (Shared Views) - Key Modal Dialogs.drawio,TARGET\[60] Delivery\[60] Client Applications\[30] User Interfaces\_media\User Interface Layout View (Shared Views) - Key Modal Dialogs.drawio,MEDIA,MERGE,HIGH,183,ad0f151dbe12f5efa469f495110829396f1290fbd92686d81d53653693f65f65,,
[aa] Outputs\51.SAD\02.Diagrams\32.Client Interface\User Interface Layout View\08.Shared Views\20.User Interface Layout View (Shared Views) - Options List.drawio,TARGET\[60] Delivery\[60] Client Applications\[30] User Interfaces\_media\User Interface Layout View (Shared Views) - Options List.drawio,MEDIA,MERGE,HIGH,178,693a1844bab0f3a0a01b1fdcaee0e0c7b1e62c0b9360008be997bce95ed61641,,
[aa] Outputs\51.SAD\02.Diagrams\32.Client Interface\User Interface Layout View\10.Module Views (System Base)\11.User Interface Layout View (Views) - Context Area - Search Flow .drawio,TARGET\[60] Delivery\[60] Client Applications\[30] User Interfaces\_media\User Interface Layout View (Views) - Context Area - Search Flow.drawio,MEDIA,MERGE,HIGH,185,5e62a996eda652b7dda10c183b8227b3c3a76b34335d8a61a3e5b2b5f0234c6f,,
[aa] Outputs\51.SAD\02.Diagrams\32.Client Interface\User Interface Layout View\10.Module Views (System Base)\12.User Interface Layout View (Views) - Context Area - User Profile Flow.drawio,TARGET\[60] Delivery\[60] Client Applications\[30] User Interfaces\_media\User Interface Layout View (Views) - Context Area - User Profile Flow.drawio,MEDIA,MERGE,HIGH,191,dd2edc7b1aae3638e99404b940b7eac6ad6f4f3f3f408065efc64ed0671bbcd2,,
[aa] Outputs\51.SAD\02.Diagrams\32.Client Interface\User Interface Layout View\10.Module Views (System Base)\21.User Interface Layout View (Views) - Status Area - Status Container Flow.drawio,TARGET\[60] Delivery\[60] Client Applications\[30] User Interfaces\_media\User Interface Layout View (Views) - Status Area - Status Container Flow.drawio,MEDIA,MERGE,HIGH,194,0388f54a6bd7bf8d61841a9111ee648555fce657f02a785ad2a499ce5cf5f675,,
[aa] Outputs\51.SAD\02.Diagrams\32.Client Interface\User Interface Layout View\10.Module Views (System Base)\31.User Interface Layout View (Views) - Body Area - Home Page View.drawio,TARGET\[60] Delivery\[60] Client Applications\[30] User Interfaces\_media\User Interface Layout View (Views) - Body Area - Home Page View.drawio,MEDIA,MERGE,HIGH,185,ba5f941ad05590213917142a0da7ecab54421fd5b8b7b42b9a91f8d5bb8f1409,,
[aa] Outputs\51.SAD\02.Diagrams\32.Client Interface\User Interface Layout View\10.Module Views (System Base)\32.User Interface Layout View (Views) - Body Area - Dashboard View.drawio,TARGET\[60] Delivery\[60] Client Applications\[30] User Interfaces\_media\User Interface Layout View (Views) - Body Area - Dashboard View.drawio,MEDIA,MERGE,HIGH,185,5aecb47e43ce7decbff7bb978fb1f5e006dd0e31bd24c33dbcecfb628025aea9,,
[aa] Outputs\51.SAD\02.Diagrams\32.Client Interface\User Interface Layout View\10.Module Views (System Base)\33.User Interface Layout View (Views) - Body Area - Dashboard View - Examples.drawio,TARGET\[60] Delivery\[60] Client Applications\[30] User Interfaces\_media\User Interface Layout View (Views) - Body Area - Dashboard View - Examples.drawio,MEDIA,MERGE,HIGH,196,38b8991c68ce5f418c8cf27040ee6f4411a4df39bdec283543550af1e64ad39e,,
[aa] Outputs\51.SAD\02.Diagrams\32.Client Interface\User Interface Layout View\10.Module Views (System Base)\51.User Interface Layout View (Views) - Body Area - User Groups View Flow.drawio,TARGET\[60] Delivery\[60] Client Applications\[30] User Interfaces\_media\User Interface Layout View (Views) - Body Area - User Groups View Flow.drawio,MEDIA,MERGE,HIGH,192,c1242df346d724eb2258cb5bc40f5d34bc7efda5b1fbbaffc867fc790f663ca9,,
[aa] Outputs\51.SAD\02.Diagrams\32.Client Interface\User Interface Layout View\10.Module Views (System Base)\52.User Interface Layout View (Views) - Body Area - User Group Role Assignment Flow.drawio,TARGET\[60] Delivery\[60] Client Applications\[30] User Interfaces\_media\User Interface Layout View (Views) - Body Area - User Group Role Assignment Flow.drawio,MEDIA,MERGE,HIGH,202,94f4b62832c1580b0096a67285dad94f5cfeee9b7893cfc7b22be308e265d1b5,,
[aa] Outputs\51.SAD\02.Diagrams\32.Client Interface\User Interface Layout View\10.Module Views (System Base)\53.User Interface Layout View (Views) - Body Area - User Group Role Development Flow.drawio,TARGET\[60] Delivery\[60] Client Applications\[30] User Interfaces\_media\User Interface Layout View (Views) - Body Area - User Group Role Development Flow.drawio,MEDIA,MERGE,HIGH,203,ac24cdcb981337ff378f896edfeb3fd3daa851c94de4b853ed74e55976b57e0d,,
[aa] Outputs\51.SAD\02.Diagrams\32.Client Interface\User Interface Layout View\11.Module Views (Resources)\01.User Interface Layout View (Views) - Body Area - Resource View Flow.drawio,TARGET\[60] Delivery\[60] Client Applications\[30] User Interfaces\_media\User Interface Layout View (Views) - Body Area - Resource View Flow.drawio,MEDIA,MERGE,HIGH,189,c57d9fb4672497297bc92d462d7714a96591bda6a235212f67ab424434de166e,,
[aa] Outputs\51.SAD\02.Diagrams\41.Modules\00.Images\_placeholder.txt,TARGET\[60] Delivery\[40] Core Service\[10] Components and Modules\[01] 00.Images\[10 - SUPERSEDED] placeholder.txt,DOCUMENT,MERGE,HIGH,156,e3b0c44298fc1c149afbf4c8996fb92427ae41e4649b934ca495991b7852b855,,
[aa] Outputs\51.SAD\02.Diagrams\41.Modules\05.Modules\00.Template\340.Svc - Template Biz LM - SAD.drawio,TARGET\[60] Delivery\[40] Core Service\[10] Components and Modules\_media\Svc - Template Biz LM - SAD.drawio,MEDIA,SPLIT,MEDIUM,149,7e7673589b58887bf26884032c7dc600db76e02c8bc9eb836b155320e6a923f3,,
[aa] Outputs\51.SAD\02.Diagrams\41.Modules\05.Modules\00.Template\403.Information System - Service Client (Web) - Template Biz Module.drawio,TARGET\[00] Management\[90] Review\[10] Classification Required\[51] 00.Template\_media\Information System - Service Client (Web) - Template Biz Module.drawio,MEDIA,REVIEW,LOW,199,7af3d440af248864a8025aaaea307626ea98151560cce0ebaf6d44cda98fb7cc,,
[aa] Outputs\51.SAD\02.Diagrams\41.Modules\05.Modules\00.Template\README.md,TARGET\[60] Delivery\[40] Core Service\[10] Components and Modules\[02] 00.Template\[10] README.md,DOCUMENT,SPLIT,MEDIUM,139,fbaf6721a1005517669fe08fdc0aaf275e8eaf95163da1429688a3ffedd533a3,,
[aa] Outputs\51.SAD\02.Diagrams\41.Modules\05.Modules\00.Template\00._Document View\README.md,TARGET\[60] Delivery\[40] Core Service\[10] Components and Modules\[03] 00._Document View\[20] README.md,DOCUMENT,MERGE,HIGH,145,fbaf6721a1005517669fe08fdc0aaf275e8eaf95163da1429688a3ffedd533a3,,
[aa] Outputs\51.SAD\02.Diagrams\41.Modules\05.Modules\00.Template\00._Document View\_placeholder.txt,TARGET\[60] Delivery\[40] Core Service\[10] Components and Modules\[03] 00._Document View\[10 - SUPERSEDED] placeholder.txt,DOCUMENT,MERGE,HIGH,164,e3b0c44298fc1c149afbf4c8996fb92427ae41e4649b934ca495991b7852b855,,
[aa] Outputs\51.SAD\02.Diagrams\41.Modules\05.Modules\00.Template\01._Context View\README.md,TARGET\[60] Delivery\[40] Core Service\[10] Components and Modules\[04] 01._Context View\[20] README.md,DOCUMENT,MERGE,HIGH,144,fbaf6721a1005517669fe08fdc0aaf275e8eaf95163da1429688a3ffedd533a3,,
[aa] Outputs\51.SAD\02.Diagrams\41.Modules\05.Modules\00.Template\01._Context View\_placeholder.txt,TARGET\[60] Delivery\[40] Core Service\[10] Components and Modules\[04] 01._Context View\[10 - SUPERSEDED] placeholder.txt,DOCUMENT,MERGE,HIGH,163,e3b0c44298fc1c149afbf4c8996fb92427ae41e4649b934ca495991b7852b855,,
[aa] Outputs\51.SAD\02.Diagrams\41.Modules\05.Modules\00.Template\02._Delivery View\README.md,TARGET\[60] Delivery\[40] Core Service\[10] Components and Modules\[05] 02._Delivery View\[20] README.md,DOCUMENT,MERGE,HIGH,145,fbaf6721a1005517669fe08fdc0aaf275e8eaf95163da1429688a3ffedd533a3,,
[aa] Outputs\51.SAD\02.Diagrams\41.Modules\05.Modules\00.Template\02._Delivery View\_placeholder.txt,TARGET\[60] Delivery\[40] Core Service\[10] Components and Modules\[05] 02._Delivery View\[10 - SUPERSEDED] placeholder.txt,DOCUMENT,MERGE,HIGH,164,e3b0c44298fc1c149afbf4c8996fb92427ae41e4649b934ca495991b7852b855,,
[aa] Outputs\51.SAD\02.Diagrams\41.Modules\05.Modules\00.Template\03._Qualities View\README.md,TARGET\[60] Delivery\[40] Core Service\[10] Components and Modules\[06] 03._Qualities View\[20] README.md,DOCUMENT,MERGE,HIGH,146,fbaf6721a1005517669fe08fdc0aaf275e8eaf95163da1429688a3ffedd533a3,,
[aa] Outputs\51.SAD\02.Diagrams\41.Modules\05.Modules\00.Template\03._Qualities View\_placeholder.txt,TARGET\[60] Delivery\[40] Core Service\[10] Components and Modules\[06] 03._Qualities View\[10 - SUPERSEDED] placeholder.txt,DOCUMENT,MERGE,HIGH,165,e3b0c44298fc1c149afbf4c8996fb92427ae41e4649b934ca495991b7852b855,,
[aa] Outputs\51.SAD\02.Diagrams\41.Modules\05.Modules\00.Template\04._Discovery View\README.md,TARGET\[60] Delivery\[40] Core Service\[10] Components and Modules\[07] 04._Discovery View\[20] README.md,DOCUMENT,MERGE,HIGH,146,fbaf6721a1005517669fe08fdc0aaf275e8eaf95163da1429688a3ffedd533a3,,
[aa] Outputs\51.SAD\02.Diagrams\41.Modules\05.Modules\00.Template\04._Discovery View\_placeholder.txt,TARGET\[60] Delivery\[40] Core Service\[10] Components and Modules\[07] 04._Discovery View\[10 - SUPERSEDED] placeholder.txt,DOCUMENT,MERGE,HIGH,165,e3b0c44298fc1c149afbf4c8996fb92427ae41e4649b934ca495991b7852b855,,
[aa] Outputs\51.SAD\02.Diagrams\41.Modules\05.Modules\00.Template\05._Definitions View\README.md,TARGET\[60] Delivery\[40] Core Service\[10] Components and Modules\[08] 05._Definitions View\[20] README.md,DOCUMENT,MERGE,HIGH,148,fbaf6721a1005517669fe08fdc0aaf275e8eaf95163da1429688a3ffedd533a3,,
[aa] Outputs\51.SAD\02.Diagrams\41.Modules\05.Modules\00.Template\05._Definitions View\_placeholder.txt,TARGET\[60] Delivery\[40] Core Service\[10] Components and Modules\[08] 05._Definitions View\[10 - SUPERSEDED] placeholder.txt,DOCUMENT,MERGE,HIGH,167,e3b0c44298fc1c149afbf4c8996fb92427ae41e4649b934ca495991b7852b855,,
[aa] Outputs\51.SAD\02.Diagrams\41.Modules\05.Modules\00.Template\06._Capabilities View\README.md,TARGET\[60] Delivery\[40] Core Service\[10] Components and Modules\[09] 06._Capabilities View\[20] README.md,DOCUMENT,MERGE,HIGH,149,fbaf6721a1005517669fe08fdc0aaf275e8eaf95163da1429688a3ffedd533a3,,
[aa] Outputs\51.SAD\02.Diagrams\41.Modules\05.Modules\00.Template\06._Capabilities View\_placeholder.txt,TARGET\[60] Delivery\[40] Core Service\[10] Components and Modules\[09] 06._Capabilities View\[10 - SUPERSEDED] placeholder.txt,DOCUMENT,MERGE,HIGH,168,e3b0c44298fc1c149afbf4c8996fb92427ae41e4649b934ca495991b7852b855,,
[aa] Outputs\51.SAD\02.Diagrams\41.Modules\05.Modules\00.Template\07._Use Cases View\README.md,TARGET\[60] Delivery\[40] Core Service\[10] Components and Modules\[10] 07._Use Cases View\[20] README.md,DOCUMENT,MERGE,HIGH,146,fbaf6721a1005517669fe08fdc0aaf275e8eaf95163da1429688a3ffedd533a3,,
[aa] Outputs\51.SAD\02.Diagrams\41.Modules\05.Modules\00.Template\07._Use Cases View\_placeholder.txt,TARGET\[60] Delivery\[40] Core Service\[10] Components and Modules\[10] 07._Use Cases View\[10 - SUPERSEDED] placeholder.txt,DOCUMENT,MERGE,HIGH,165,e3b0c44298fc1c149afbf4c8996fb92427ae41e4649b934ca495991b7852b855,,
[aa] Outputs\51.SAD\02.Diagrams\41.Modules\05.Modules\00.Template\08._Functionality View\README.md,TARGET\[60] Delivery\[40] Core Service\[10] Components and Modules\[11] 08._Functionality View\[20] README.md,DOCUMENT,MERGE,HIGH,150,fbaf6721a1005517669fe08fdc0aaf275e8eaf95163da1429688a3ffedd533a3,,
[aa] Outputs\51.SAD\02.Diagrams\41.Modules\05.Modules\00.Template\08._Functionality View\_placeholder.txt,TARGET\[60] Delivery\[40] Core Service\[10] Components and Modules\[11] 08._Functionality View\[10 - SUPERSEDED] placeholder.txt,DOCUMENT,MERGE,HIGH,169,e3b0c44298fc1c149afbf4c8996fb92427ae41e4649b934ca495991b7852b855,,
[aa] Outputs\51.SAD\02.Diagrams\41.Modules\05.Modules\00.Template\08._Functionality View\02._Resources\01._Legacy\_placeholder.txt,TARGET\[90] Closure\[10] Retirement\[10] Planning and Exit\[15 - SUPERSEDED] placeholder.txt,DOCUMENT,MERGE,HIGH,133,e3b0c44298fc1c149afbf4c8996fb92427ae41e4649b934ca495991b7852b855,,
[aa] Outputs\51.SAD\02.Diagrams\41.Modules\05.Modules\00.Template\09._Interoperability View\README.md,TARGET\[60] Delivery\[50] Integrations\[40] Interoperability and Discovery\[76] README.md,DOCUMENT,MERGE,HIGH,130,fbaf6721a1005517669fe08fdc0aaf275e8eaf95163da1429688a3ffedd533a3,,
[aa] Outputs\51.SAD\02.Diagrams\41.Modules\05.Modules\00.Template\09._Interoperability View\_placeholder.txt,TARGET\[60] Delivery\[50] Integrations\[40] Interoperability and Discovery\[52 - SUPERSEDED] placeholder.txt,DOCUMENT,MERGE,HIGH,149,e3b0c44298fc1c149afbf4c8996fb92427ae41e4649b934ca495991b7852b855,,
[aa] Outputs\51.SAD\02.Diagrams\41.Modules\05.Modules\00.Template\09._Interoperability View\02._Resources\01._Legacy\_placeholder.txt,TARGET\[90] Closure\[10] Retirement\[10] Planning and Exit\[20 - SUPERSEDED] placeholder.txt,DOCUMENT,MERGE,HIGH,133,e3b0c44298fc1c149afbf4c8996fb92427ae41e4649b934ca495991b7852b855,,
[aa] Outputs\51.SAD\02.Diagrams\41.Modules\05.Modules\00.Template\10._Information View\README.md,TARGET\[60] Delivery\[40] Core Service\[10] Components and Modules\[12] 10._Information View\[20] README.md,DOCUMENT,MERGE,HIGH,148,fbaf6721a1005517669fe08fdc0aaf275e8eaf95163da1429688a3ffedd533a3,,
[aa] Outputs\51.SAD\02.Diagrams\41.Modules\05.Modules\00.Template\10._Information View\_placeholder.txt,TARGET\[60] Delivery\[40] Core Service\[10] Components and Modules\[12] 10._Information View\[10 - SUPERSEDED] placeholder.txt,DOCUMENT,MERGE,HIGH,167,e3b0c44298fc1c149afbf4c8996fb92427ae41e4649b934ca495991b7852b855,,
[aa] Outputs\51.SAD\02.Diagrams\41.Modules\05.Modules\00.Template\10._Information View\02._Resources\01._Legacy\_placeholder.txt,TARGET\[90] Closure\[10] Retirement\[10] Planning and Exit\[25 - SUPERSEDED] placeholder.txt,DOCUMENT,MERGE,HIGH,133,e3b0c44298fc1c149afbf4c8996fb92427ae41e4649b934ca495991b7852b855,,
[aa] Outputs\51.SAD\02.Diagrams\41.Modules\05.Modules\00.Template\11.Sequence View\README.md,TARGET\[60] Delivery\[40] Core Service\[10] Components and Modules\[13] 11.Sequence View\[10] README.md,DOCUMENT,MERGE,HIGH,144,fbaf6721a1005517669fe08fdc0aaf275e8eaf95163da1429688a3ffedd533a3,,
[aa] Outputs\51.SAD\02.Diagrams\41.Modules\05.Modules\00.Template\12._Integration View\README.md,TARGET\[60] Delivery\[50] Integrations\[10] APIs and Endpoints\[65] README.md,DOCUMENT,MERGE,HIGH,118,fbaf6721a1005517669fe08fdc0aaf275e8eaf95163da1429688a3ffedd533a3,,
[aa] Outputs\51.SAD\02.Diagrams\41.Modules\05.Modules\00.Template\12._Integration View\_placeholder.txt,TARGET\[60] Delivery\[50] Integrations\[10] APIs and Endpoints\[05 - SUPERSEDED] placeholder.txt,DOCUMENT,MERGE,HIGH,137,e3b0c44298fc1c149afbf4c8996fb92427ae41e4649b934ca495991b7852b855,,
[aa] Outputs\51.SAD\02.Diagrams\41.Modules\05.Modules\00.Template\12._Integration View\02._Resources\01._Legacy\_placeholder.txt,TARGET\[90] Closure\[10] Retirement\[10] Planning and Exit\[30 - SUPERSEDED] placeholder.txt,DOCUMENT,MERGE,HIGH,133,e3b0c44298fc1c149afbf4c8996fb92427ae41e4649b934ca495991b7852b855,,
[aa] Outputs\51.SAD\02.Diagrams\41.Modules\05.Modules\00.Template\13._Deployment View\README.md,TARGET\[60] Delivery\[80] Release and Deployment\[20] Deployment\[24] README.md,DOCUMENT,MERGE,HIGH,120,fbaf6721a1005517669fe08fdc0aaf275e8eaf95163da1429688a3ffedd533a3,,
[aa] Outputs\51.SAD\02.Diagrams\41.Modules\05.Modules\00.Template\13._Deployment View\_placeholder.txt,TARGET\[60] Delivery\[80] Release and Deployment\[20] Deployment\[04 - SUPERSEDED] placeholder.txt,DOCUMENT,MERGE,HIGH,139,e3b0c44298fc1c149afbf4c8996fb92427ae41e4649b934ca495991b7852b855,,
[aa] Outputs\51.SAD\02.Diagrams\41.Modules\05.Modules\00.Template\14._Development View\README.md,TARGET\[60] Delivery\[40] Core Service\[10] Components and Modules\[14] 14._Development View\[20] README.md,DOCUMENT,MERGE,HIGH,148,fbaf6721a1005517669fe08fdc0aaf275e8eaf95163da1429688a3ffedd533a3,,
[aa] Outputs\51.SAD\02.Diagrams\41.Modules\05.Modules\00.Template\14._Development View\_placeholder.txt,TARGET\[60] Delivery\[40] Core Service\[10] Components and Modules\[14] 14._Development View\[10 - SUPERSEDED] placeholder.txt,DOCUMENT,MERGE,HIGH,167,e3b0c44298fc1c149afbf4c8996fb92427ae41e4649b934ca495991b7852b855,,
[aa] Outputs\51.SAD\02.Diagrams\41.Modules\05.Modules\00.Template\15._Implementation View\README.md,TARGET\[60] Delivery\[80] Release and Deployment\[20] Deployment\[26] README.md,DOCUMENT,MERGE,HIGH,120,fbaf6721a1005517669fe08fdc0aaf275e8eaf95163da1429688a3ffedd533a3,,
[aa] Outputs\51.SAD\02.Diagrams\41.Modules\05.Modules\00.Template\15._Implementation View\_placeholder.txt,TARGET\[60] Delivery\[80] Release and Deployment\[20] Deployment\[06 - SUPERSEDED] placeholder.txt,DOCUMENT,MERGE,HIGH,139,e3b0c44298fc1c149afbf4c8996fb92427ae41e4649b934ca495991b7852b855,,
[aa] Outputs\51.SAD\02.Diagrams\41.Modules\05.Modules\00.Template\16._Transition View\README.md,TARGET\[70] Transition\[50] Transition\[10] Cutover and Stabilisation\[30] README.md,DOCUMENT,MERGE,HIGH,125,fbaf6721a1005517669fe08fdc0aaf275e8eaf95163da1429688a3ffedd533a3,,
[aa] Outputs\51.SAD\02.Diagrams\41.Modules\05.Modules\00.Template\16._Transition View\_placeholder.txt,TARGET\[70] Transition\[50] Transition\[10] Cutover and Stabilisation\[05 - SUPERSEDED] placeholder.txt,DOCUMENT,MERGE,HIGH,144,e3b0c44298fc1c149afbf4c8996fb92427ae41e4649b934ca495991b7852b855,,
[aa] Outputs\51.SAD\02.Diagrams\41.Modules\05.Modules\00.Template\21.COMMON\02.00.Document View\02.00.Document View - Title Page.drawio,TARGET\[60] Delivery\[40] Core Service\[10] Components and Modules\_media\Document View - Title Page.drawio,MEDIA,MERGE,HIGH,148,54af92b28ba4d64a09db158177868bebc4d9257a08e23ccdb603662de6253747,,
[aa] Outputs\51.SAD\02.Diagrams\41.Modules\05.Modules\00.Template\21.COMMON\02.00.Document View\02.01.Document View - Protocols.drawio,TARGET\[60] Delivery\[40] Core Service\[10] Components and Modules\_media\Document View - Protocols.drawio,MEDIA,MERGE,HIGH,147,1b312571b609c024ec7ac36cc63f3193bcb43edf75e5114ae2b691b0e1f3e54b,,
[aa] Outputs\51.SAD\02.Diagrams\41.Modules\05.Modules\00.Template\21.COMMON\02.00.Document View\02.02.Document View - Audience.drawio,TARGET\[60] Delivery\[40] Core Service\[10] Components and Modules\_media\Document View - Audience.drawio,MEDIA,MERGE,HIGH,146,6d47103a3d0e8dac6fe155cbbba7ca3a04eb03ff0bf30d7e677c465af3ada377,,
[aa] Outputs\51.SAD\02.Diagrams\41.Modules\05.Modules\00.Template\21._C&A View\README.md,TARGET\[60] Delivery\[40] Core Service\[10] Components and Modules\[15] 21._C&A View\[20] README.md,DOCUMENT,MERGE,HIGH,140,fbaf6721a1005517669fe08fdc0aaf275e8eaf95163da1429688a3ffedd533a3,,
[aa] Outputs\51.SAD\02.Diagrams\41.Modules\05.Modules\00.Template\21._C&A View\_placeholder.txt,TARGET\[60] Delivery\[40] Core Service\[10] Components and Modules\[15] 21._C&A View\[10 - SUPERSEDED] placeholder.txt,DOCUMENT,MERGE,HIGH,159,e3b0c44298fc1c149afbf4c8996fb92427ae41e4649b934ca495991b7852b855,,
[aa] Outputs\51.SAD\02.Diagrams\41.Modules\05.Modules\20.System Base\00._Document View\README.md,TARGET\[60] Delivery\[40] Core Service\[10] Components and Modules\[16] 00._Document View\[20] README.md,DOCUMENT,MERGE,HIGH,145,fbaf6721a1005517669fe08fdc0aaf275e8eaf95163da1429688a3ffedd533a3,,
[aa] Outputs\51.SAD\02.Diagrams\41.Modules\05.Modules\20.System Base\00._Document View\_placeholder.txt,TARGET\[60] Delivery\[40] Core Service\[10] Components and Modules\[16] 00._Document View\[10 - SUPERSEDED] placeholder.txt,DOCUMENT,MERGE,HIGH,164,e3b0c44298fc1c149afbf4c8996fb92427ae41e4649b934ca495991b7852b855,,
[aa] Outputs\51.SAD\02.Diagrams\41.Modules\05.Modules\20.System Base\01._Context View\README.md,TARGET\[60] Delivery\[40] Core Service\[10] Components and Modules\[17] 01._Context View\[20] README.md,DOCUMENT,MERGE,HIGH,144,fbaf6721a1005517669fe08fdc0aaf275e8eaf95163da1429688a3ffedd533a3,,
[aa] Outputs\51.SAD\02.Diagrams\41.Modules\05.Modules\20.System Base\01._Context View\_placeholder.txt,TARGET\[60] Delivery\[40] Core Service\[10] Components and Modules\[17] 01._Context View\[10 - SUPERSEDED] placeholder.txt,DOCUMENT,MERGE,HIGH,163,e3b0c44298fc1c149afbf4c8996fb92427ae41e4649b934ca495991b7852b855,,
[aa] Outputs\51.SAD\02.Diagrams\41.Modules\05.Modules\20.System Base\02._Delivery View\README.md,TARGET\[60] Delivery\[40] Core Service\[10] Components and Modules\[18] 02._Delivery View\[20] README.md,DOCUMENT,MERGE,HIGH,145,fbaf6721a1005517669fe08fdc0aaf275e8eaf95163da1429688a3ffedd533a3,,
[aa] Outputs\51.SAD\02.Diagrams\41.Modules\05.Modules\20.System Base\02._Delivery View\_placeholder.txt,TARGET\[60] Delivery\[40] Core Service\[10] Components and Modules\[18] 02._Delivery View\[10 - SUPERSEDED] placeholder.txt,DOCUMENT,MERGE,HIGH,164,e3b0c44298fc1c149afbf4c8996fb92427ae41e4649b934ca495991b7852b855,,
[aa] Outputs\51.SAD\02.Diagrams\41.Modules\05.Modules\20.System Base\03._Qualities View\README.md,TARGET\[60] Delivery\[40] Core Service\[10] Components and Modules\[19] 03._Qualities View\[20] README.md,DOCUMENT,MERGE,HIGH,146,fbaf6721a1005517669fe08fdc0aaf275e8eaf95163da1429688a3ffedd533a3,,
[aa] Outputs\51.SAD\02.Diagrams\41.Modules\05.Modules\20.System Base\03._Qualities View\_placeholder.txt,TARGET\[60] Delivery\[40] Core Service\[10] Components and Modules\[19] 03._Qualities View\[10 - SUPERSEDED] placeholder.txt,DOCUMENT,MERGE,HIGH,165,e3b0c44298fc1c149afbf4c8996fb92427ae41e4649b934ca495991b7852b855,,
[aa] Outputs\51.SAD\02.Diagrams\41.Modules\05.Modules\20.System Base\04.Discovery View\Group Types.drawio,TARGET\[60] Delivery\[40] Core Service\[10] Components and Modules\_media\Group Types.drawio,MEDIA,MERGE,HIGH,133,85b11b8a3692e0fd1307dfe1d7d8b58805c89905ad9131cb904ff45251d2302b,,
[aa] Outputs\51.SAD\02.Diagrams\41.Modules\05.Modules\20.System Base\04.Discovery View\README.md,TARGET\[60] Delivery\[40] Core Service\[10] Components and Modules\[20] 04.Discovery View\[10] README.md,DOCUMENT,MERGE,HIGH,145,fbaf6721a1005517669fe08fdc0aaf275e8eaf95163da1429688a3ffedd533a3,,
[aa] Outputs\51.SAD\02.Diagrams\41.Modules\05.Modules\20.System Base\04.Discovery View\00._Images\_placeholder.txt,TARGET\[60] Delivery\[40] Core Service\[10] Components and Modules\[21] 00._Images\[10 - SUPERSEDED] placeholder.txt,DOCUMENT,MERGE,HIGH,157,e3b0c44298fc1c149afbf4c8996fb92427ae41e4649b934ca495991b7852b855,,
[aa] Outputs\51.SAD\02.Diagrams\41.Modules\05.Modules\20.System Base\04.Discovery View\01._Document\_placeholder.txt,TARGET\[60] Delivery\[40] Core Service\[10] Components and Modules\[22] 01._Document\[10 - SUPERSEDED] placeholder.txt,DOCUMENT,MERGE,HIGH,159,e3b0c44298fc1c149afbf4c8996fb92427ae41e4649b934ca495991b7852b855,,
[aa] Outputs\51.SAD\02.Diagrams\41.Modules\05.Modules\20.System Base\04.Discovery View\02._Resources\_placeholder.txt,TARGET\[60] Delivery\[40] Core Service\[10] Components and Modules\[23] 02._Resources\[10 - SUPERSEDED] placeholder.txt,DOCUMENT,MERGE,HIGH,160,e3b0c44298fc1c149afbf4c8996fb92427ae41e4649b934ca495991b7852b855,,
[aa] Outputs\51.SAD\02.Diagrams\41.Modules\05.Modules\20.System Base\04.Discovery View\02._Resources\01._Legacy\_placeholder.txt,TARGET\[90] Closure\[10] Retirement\[10] Planning and Exit\[35 - SUPERSEDED] placeholder.txt,DOCUMENT,MERGE,HIGH,133,e3b0c44298fc1c149afbf4c8996fb92427ae41e4649b934ca495991b7852b855,,
[aa] Outputs\51.SAD\02.Diagrams\41.Modules\05.Modules\20.System Base\04.Discovery View\03._Concepts\_placeholder.txt,TARGET\[60] Delivery\[40] Core Service\[10] Components and Modules\[24] 03._Concepts\[10 - SUPERSEDED] placeholder.txt,DOCUMENT,MERGE,HIGH,159,e3b0c44298fc1c149afbf4c8996fb92427ae41e4649b934ca495991b7852b855,,
[aa] Outputs\51.SAD\02.Diagrams\41.Modules\05.Modules\20.System Base\04.Discovery View\04._Classification\_placeholder.txt,TARGET\[60] Delivery\[40] Core Service\[10] Components and Modules\[25] 04._Classification\[10 - SUPERSEDED] placeholder.txt,DOCUMENT,MERGE,HIGH,165,e3b0c44298fc1c149afbf4c8996fb92427ae41e4649b934ca495991b7852b855,,
[aa] Outputs\51.SAD\02.Diagrams\41.Modules\05.Modules\20.System Base\04.Discovery View\05._Discovery View (Desires)\_placeholder.txt,TARGET\[60] Delivery\[40] Core Service\[10] Components and Modules\[26] 05._Discovery View (Desires)\[10 - SUPERSEDED] placeholder.txt,DOCUMENT,MERGE,HIGH,175,e3b0c44298fc1c149afbf4c8996fb92427ae41e4649b934ca495991b7852b855,,
[aa] Outputs\51.SAD\02.Diagrams\41.Modules\05.Modules\20.System Base\05.Definition View\README.md,TARGET\[60] Delivery\[40] Core Service\[10] Components and Modules\[27] 05.Definition View\[10] README.md,DOCUMENT,MERGE,HIGH,146,fbaf6721a1005517669fe08fdc0aaf275e8eaf95163da1429688a3ffedd533a3,,
[aa] Outputs\51.SAD\02.Diagrams\41.Modules\05.Modules\20.System Base\05.Definition View\00._Images\_placeholder.txt,TARGET\[60] Delivery\[40] Core Service\[10] Components and Modules\[28] 00._Images\[10 - SUPERSEDED] placeholder.txt,DOCUMENT,MERGE,HIGH,157,e3b0c44298fc1c149afbf4c8996fb92427ae41e4649b934ca495991b7852b855,,
[aa] Outputs\51.SAD\02.Diagrams\41.Modules\05.Modules\20.System Base\05.Definition View\01._Document\_placeholder.txt,TARGET\[60] Delivery\[40] Core Service\[10] Components and Modules\[29] 01._Document\[10 - SUPERSEDED] placeholder.txt,DOCUMENT,MERGE,HIGH,159,e3b0c44298fc1c149afbf4c8996fb92427ae41e4649b934ca495991b7852b855,,
[aa] Outputs\51.SAD\02.Diagrams\41.Modules\05.Modules\20.System Base\05.Definition View\02._Resources\_placeholder.txt,TARGET\[60] Delivery\[40] Core Service\[10] Components and Modules\[30] 02._Resources\[10 - SUPERSEDED] placeholder.txt,DOCUMENT,MERGE,HIGH,160,e3b0c44298fc1c149afbf4c8996fb92427ae41e4649b934ca495991b7852b855,,
[aa] Outputs\51.SAD\02.Diagrams\41.Modules\05.Modules\20.System Base\05.Definition View\02._Resources\01._Legacy\_placeholder.txt,TARGET\[90] Closure\[10] Retirement\[10] Planning and Exit\[40 - SUPERSEDED] placeholder.txt,DOCUMENT,MERGE,HIGH,133,e3b0c44298fc1c149afbf4c8996fb92427ae41e4649b934ca495991b7852b855,,
[aa] Outputs\51.SAD\02.Diagrams\41.Modules\05.Modules\20.System Base\05.Definition View\03._Concepts\_placeholder.txt,TARGET\[60] Delivery\[40] Core Service\[10] Components and Modules\[31] 03._Concepts\[10 - SUPERSEDED] placeholder.txt,DOCUMENT,MERGE,HIGH,159,e3b0c44298fc1c149afbf4c8996fb92427ae41e4649b934ca495991b7852b855,,
[aa] Outputs\51.SAD\02.Diagrams\41.Modules\05.Modules\20.System Base\05.Definition View\04._Categorisation\_placeholder.txt,TARGET\[60] Delivery\[40] Core Service\[10] Components and Modules\[32] 04._Categorisation\[10 - SUPERSEDED] placeholder.txt,DOCUMENT,MERGE,HIGH,165,e3b0c44298fc1c149afbf4c8996fb92427ae41e4649b934ca495991b7852b855,,
[aa] Outputs\51.SAD\02.Diagrams\41.Modules\05.Modules\20.System Base\05.Definition View\05.Definition View (Requirements)\341.04.02.Base System LM - Requirements (List) View.drawio,TARGET\[60] Delivery\[40] Core Service\[10] Components and Modules\_media\Base System LM - Requirements (List) View.drawio,MEDIA,MERGE,HIGH,163,6b9873ad2ea4cd214f912d50a4775d24a14a143db326899c57ae156f8132dced,,
[aa] Outputs\51.SAD\02.Diagrams\41.Modules\05.Modules\20.System Base\05.Definition View\05.Definition View (Requirements)\_placeholder.txt,TARGET\[60] Delivery\[40] Core Service\[10] Components and Modules\[33] 05.Definition View (Requirements)\[10 - SUPERSEDED] placeholder.txt,DOCUMENT,MERGE,HIGH,180,e3b0c44298fc1c149afbf4c8996fb92427ae41e4649b934ca495991b7852b855,,
[aa] Outputs\51.SAD\02.Diagrams\41.Modules\05.Modules\20.System Base\06._Capability View\0Generic Organisation - Requirements - Functionality (HL).drawio,TARGET\[60] Delivery\[40] Core Service\[10] Components and Modules\_media\0Generic Organisation - Requirements - Functionality (HL).drawio,MEDIA,MERGE,HIGH,179,6cc5a006dd6974ecfd01cce784d18a4d69093291b6a65ae75efe24da8cfc024d,,
[aa] Outputs\51.SAD\02.Diagrams\41.Modules\05.Modules\20.System Base\06._Capability View\Capabilities View - List.drawio,TARGET\[60] Delivery\[40] Core Service\[10] Components and Modules\_media\Capabilities View - List.drawio,MEDIA,MERGE,HIGH,146,3a887ddedc4473061922ce5011bc357809c988bdda43e10dc126a93e58a63338,,
[aa] Outputs\51.SAD\02.Diagrams\41.Modules\05.Modules\20.System Base\06._Capability View\README.md,TARGET\[60] Delivery\[40] Core Service\[10] Components and Modules\[34] 06._Capability View\[10] README.md,DOCUMENT,MERGE,HIGH,147,fbaf6721a1005517669fe08fdc0aaf275e8eaf95163da1429688a3ffedd533a3,,
[aa] Outputs\51.SAD\02.Diagrams\41.Modules\05.Modules\20.System Base\06._Capability View\00._Images\_placeholder.txt,TARGET\[60] Delivery\[40] Core Service\[10] Components and Modules\[35] 00._Images\[10 - SUPERSEDED] placeholder.txt,DOCUMENT,MERGE,HIGH,157,e3b0c44298fc1c149afbf4c8996fb92427ae41e4649b934ca495991b7852b855,,
[aa] Outputs\51.SAD\02.Diagrams\41.Modules\05.Modules\20.System Base\06._Capability View\01._Document\_placeholder.txt,TARGET\[60] Delivery\[40] Core Service\[10] Components and Modules\[36] 01._Document\[10 - SUPERSEDED] placeholder.txt,DOCUMENT,MERGE,HIGH,159,e3b0c44298fc1c149afbf4c8996fb92427ae41e4649b934ca495991b7852b855,,
[aa] Outputs\51.SAD\02.Diagrams\41.Modules\05.Modules\20.System Base\06._Capability View\02._Resources\_placeholder.txt,TARGET\[60] Delivery\[40] Core Service\[10] Components and Modules\[37] 02._Resources\[10 - SUPERSEDED] placeholder.txt,DOCUMENT,MERGE,HIGH,160,e3b0c44298fc1c149afbf4c8996fb92427ae41e4649b934ca495991b7852b855,,
[aa] Outputs\51.SAD\02.Diagrams\41.Modules\05.Modules\20.System Base\06._Capability View\02._Resources\01._Legacy\_placeholder.txt,TARGET\[90] Closure\[10] Retirement\[10] Planning and Exit\[45 - SUPERSEDED] placeholder.txt,DOCUMENT,MERGE,HIGH,133,e3b0c44298fc1c149afbf4c8996fb92427ae41e4649b934ca495991b7852b855,,
[aa] Outputs\51.SAD\02.Diagrams\41.Modules\05.Modules\20.System Base\06._Capability View\03._Concepts\_placeholder.txt,TARGET\[60] Delivery\[40] Core Service\[10] Components and Modules\[38] 03._Concepts\[10 - SUPERSEDED] placeholder.txt,DOCUMENT,MERGE,HIGH,159,e3b0c44298fc1c149afbf4c8996fb92427ae41e4649b934ca495991b7852b855,,
[aa] Outputs\51.SAD\02.Diagrams\41.Modules\05.Modules\20.System Base\06._Capability View\04._Classification\_placeholder.txt,TARGET\[60] Delivery\[40] Core Service\[10] Components and Modules\[39] 04._Classification\[10 - SUPERSEDED] placeholder.txt,DOCUMENT,MERGE,HIGH,165,e3b0c44298fc1c149afbf4c8996fb92427ae41e4649b934ca495991b7852b855,,
[aa] Outputs\51.SAD\02.Diagrams\41.Modules\05.Modules\20.System Base\06._Capability View\05._Capabilities View (HL)\_placeholder.txt,TARGET\[60] Delivery\[40] Core Service\[10] Components and Modules\[40] 05._Capabilities View (HL)\[10 - SUPERSEDED] placeholder.txt,DOCUMENT,MERGE,HIGH,173,e3b0c44298fc1c149afbf4c8996fb92427ae41e4649b934ca495991b7852b855,,
[aa] Outputs\51.SAD\02.Diagrams\41.Modules\05.Modules\20.System Base\07.Use Cases View\README.md,TARGET\[60] Delivery\[40] Core Service\[10] Components and Modules\[41] 07.Use Cases View\[10] README.md,DOCUMENT,MERGE,HIGH,145,fbaf6721a1005517669fe08fdc0aaf275e8eaf95163da1429688a3ffedd533a3,,
[aa] Outputs\51.SAD\02.Diagrams\41.Modules\05.Modules\20.System Base\07.Use Cases View\00.Images\31.Functionality View - Use Cases - Configuration - Host.drawio.png,TARGET\[00] Management\[90] Review\[10] Classification Required\[52] 00.Images\_media\Functionality View - Use Cases - Configuration - Host.drawio.png,MEDIA,REVIEW,LOW,191,64c556d57cf6f98d94d61214c586c3e99b6e87908189f48d43a47c04a627f06c,,
[aa] Outputs\51.SAD\02.Diagrams\41.Modules\05.Modules\20.System Base\07.Use Cases View\00.Images\32.Functionality View - Use Cases - Error Log Management.drawio.png,TARGET\[60] Delivery\[40] Core Service\[10] Components and Modules\_media\Functionality View - Use Cases - Error Log Management.drawio.png,MEDIA,SPLIT,MEDIUM,179,a9908c5edd54c63968641e0454a20ff948b27e464d3e4caec53d793ad1a67d8e,,
[aa] Outputs\51.SAD\02.Diagrams\41.Modules\05.Modules\20.System Base\07.Use Cases View\00.Images\33.Functionality View - Use Cases - Diagnostics Trace Management.drawio.png,TARGET\[00] Management\[90] Review\[10] Classification Required\[52] 00.Images\_media\Functionality View - Use Cases - Diagnostics Trace Management.drawio.png,MEDIA,REVIEW,LOW,199,abbe220fc397bcac0d68591c0fadcc2978193ddada385f003eab982bbee871cc,,
[aa] Outputs\51.SAD\02.Diagrams\41.Modules\05.Modules\20.System Base\07.Use Cases View\00.Images\34.Functionality View - Use Cases - System Sponsor Information.drawio.png,TARGET\[60] Delivery\[40] Core Service\[10] Components and Modules\_media\Functionality View - Use Cases - System Sponsor Information.drawio.png,MEDIA,SPLIT,MEDIUM,185,802ccd34c8673a87d08cfd578ea3bb5f6a0feec09a79dbb5ce066072518786d6,,
[aa] Outputs\51.SAD\02.Diagrams\41.Modules\05.Modules\20.System Base\07.Use Cases View\00.Images\35.Functionality View - Use Cases - Customisation - System Provider Information.drawio.png,TARGET\[60] Delivery\[40] Core Service\[10] Components and Modules\_media\Functionality View - Use Cases - Customisation - System Provider Information.drawio.png,MEDIA,SPLIT,MEDIUM,202,1a5324aa7889ce9a6bb246721b02b56202a7f13b775ca7f6cbf95ee4d3ba338a,,
[aa] Outputs\51.SAD\02.Diagrams\41.Modules\05.Modules\20.System Base\07.Use Cases View\00.Images\36.Functionality View - Use Cases - Customisation - System Developer Information.drawio.png,TARGET\[60] Delivery\[40] Core Service\[10] Components and Modules\_media\Functionality View - Use Cases - Customisation - System Developer Information.drawio.png,MEDIA,SPLIT,MEDIUM,203,71e18e3f520b583d64828ff45c2f49da45fa7df18fa39e1d6dcccb97e5c53075,,
[aa] Outputs\51.SAD\02.Diagrams\41.Modules\05.Modules\20.System Base\07.Use Cases View\00.Images\37.Functionality View - Use Cases - Customisation - System Command Queue Management.drawio.png,TARGET\[60] Delivery\[40] Core Service\[10] Components and Modules\_media\Functionality View - Use Cases - Customisation - System Command Queue Management.drawio.png,MEDIA,SPLIT,MEDIUM,206,2094c63a95e13337d72f34b932833fb58d77a8df418920ce49ab1f5001a064a9,,
[aa] Outputs\51.SAD\02.Diagrams\41.Modules\05.Modules\20.System Base\07.Use Cases View\00.Images\38.Functionality View - Use Cases - System Modules Management.drawio.png,TARGET\[60] Delivery\[40] Core Service\[10] Components and Modules\_media\Functionality View - Use Cases - System Modules Management.drawio.png,MEDIA,SPLIT,MEDIUM,184,bce49a69dd34ca1556a7171b53613826afd6d2452025100a6ce389c2d53f2ec3,,
[aa] Outputs\51.SAD\02.Diagrams\41.Modules\05.Modules\20.System Base\07.Use Cases View\00.Images\39.Functionality View - Use Cases - Task Scheduling Management.drawio.png,TARGET\[60] Delivery\[40] Core Service\[10] Components and Modules\_media\Functionality View - Use Cases - Task Scheduling Management.drawio.png,MEDIA,SPLIT,MEDIUM,185,51d32558715678ec8459009302f8b32aebd5b2567c2ee5d6b094edf1fe2bb584,,
[aa] Outputs\51.SAD\02.Diagrams\41.Modules\05.Modules\20.System Base\07.Use Cases View\00.Images\40.Functionality View - Use Cases - Person Management.drawio.png,TARGET\[60] Delivery\[40] Core Service\[10] Components and Modules\_media\Functionality View - Use Cases - Person Management.drawio.png,MEDIA,SPLIT,MEDIUM,176,ccf80794e5e24f2d03457fd0309c26028aba6c22e1bdad9e5f5536893ae8da70,,
[aa] Outputs\51.SAD\02.Diagrams\41.Modules\05.Modules\20.System Base\07.Use Cases View\00.Images\40.Functionality View - Use Cases - User Management.drawio.png,TARGET\[60] Delivery\[40] Core Service\[10] Components and Modules\_media\Functionality View - Use Cases - User Management.drawio.png,MEDIA,SPLIT,MEDIUM,174,6be439fd129a28669e884ce11358d0299cf05fce23eba5db66ff54834348ce56,,
[aa] Outputs\51.SAD\02.Diagrams\41.Modules\05.Modules\20.System Base\07.Use Cases View\00.Images\40.Functionality View - Use Cases - User Security Profile Management.drawio.png,TARGET\[60] Delivery\[40] Core Service\[10] Components and Modules\_media\Functionality View - Use Cases - User Security Profile Management.drawio.png,MEDIA,SPLIT,MEDIUM,191,0d7d187e99aa0551481f4a748d5b31eacf61f3f58ab58b1f834ca37e9daa2645,,
[aa] Outputs\51.SAD\02.Diagrams\41.Modules\05.Modules\20.System Base\07.Use Cases View\00.Images\40.Functionality View - Use Cases - User System Profile Management.drawio.png,TARGET\[60] Delivery\[40] Core Service\[10] Components and Modules\_media\Functionality View - Use Cases - User System Profile Management.drawio.png,MEDIA,SPLIT,MEDIUM,189,3f03f5ea7849017f103e27ec56d9f50ce866fbe81ddc51ff565bbfdfe16eb5ec,,
[aa] Outputs\51.SAD\02.Diagrams\41.Modules\05.Modules\20.System Base\07.Use Cases View\00.Images\41.Functionality View - Use Cases - Group Management.drawio.png,TARGET\[60] Delivery\[40] Core Service\[10] Components and Modules\_media\Functionality View - Use Cases - Group Management.drawio.png,MEDIA,SPLIT,MEDIUM,175,d8772a7bef5d9b6cf3727d9909d8630aefa3d370c25f144001a4e8b71d7db203,,
[aa] Outputs\51.SAD\02.Diagrams\41.Modules\05.Modules\20.System Base\07.Use Cases View\00.Images\41.Functionality View - Use Cases - Group Membership Management.drawio.png,TARGET\[60] Delivery\[40] Core Service\[10] Components and Modules\_media\Functionality View - Use Cases - Group Membership Management.drawio.png,MEDIA,SPLIT,MEDIUM,186,40895f6305548533f2c0e04ae253c321f94f4700b43683d59dbfcde5a369f49d,,
[aa] Outputs\51.SAD\02.Diagrams\41.Modules\05.Modules\20.System Base\07.Use Cases View\00.Images\41.Functionality View - Use Cases - Group Role Invitation Management.drawio.png,TARGET\[60] Delivery\[40] Core Service\[10] Components and Modules\_media\Functionality View - Use Cases - Group Role Invitation Management.drawio.png,MEDIA,SPLIT,MEDIUM,191,ae01e04f2210290309e907c8286a12fed4a72c9eb8c9f7b05a579b5aab9c2ded,,
[aa] Outputs\51.SAD\02.Diagrams\41.Modules\05.Modules\20.System Base\07.Use Cases View\00.Images\43.Functionality View - Use Cases - Roles Management.drawio.png,TARGET\[60] Delivery\[40] Core Service\[10] Components and Modules\_media\Functionality View - Use Cases - Roles Management.drawio.png,MEDIA,SPLIT,MEDIUM,175,a0eb7a62a528f4340dfae9a1019d77891928494d1ad5dfa6160e71e8db3639f0,,
[aa] Outputs\51.SAD\02.Diagrams\41.Modules\05.Modules\20.System Base\07.Use Cases View\00.Images\44.Functionality View - Use Cases - Endpoint Mapping Management.drawio.png,TARGET\[60] Delivery\[40] Core Service\[10] Components and Modules\_media\Functionality View - Use Cases - Endpoint Mapping Management.drawio.png,MEDIA,SPLIT,MEDIUM,186,b67f2b297701b4a2be8c98e404fc70e3729dc5382a86543aac8a67881098fc5f,,
[aa] Outputs\51.SAD\02.Diagrams\41.Modules\05.Modules\20.System Base\07.Use Cases View\00.Images\44.Functionality View - Use Cases - Origin Exclusion Management.drawio.png,TARGET\[60] Delivery\[40] Core Service\[10] Components and Modules\_media\Functionality View - Use Cases - Origin Exclusion Management.drawio.png,MEDIA,SPLIT,MEDIUM,186,a715d8725eb6e98ef301e010c775686eda0455b56a0ab57678279fe2cc07cca2,,
[aa] Outputs\51.SAD\02.Diagrams\41.Modules\05.Modules\20.System Base\07.Use Cases View\00.Images\44.Functionality View - Use Cases - Statements.drawio.png,TARGET\[60] Delivery\[40] Core Service\[10] Components and Modules\_media\Functionality View - Use Cases - Statements.drawio.png,MEDIA,SPLIT,MEDIUM,169,f45064972a9236acbd126ae9576abd55e63b3908bae897df58fa690cea5f8b73,,
[aa] Outputs\51.SAD\02.Diagrams\41.Modules\05.Modules\20.System Base\07.Use Cases View\00.Images\44.Functionality View - Use Cases - System Notification Management.drawio.png,TARGET\[60] Delivery\[40] Core Service\[10] Components and Modules\_media\Functionality View - Use Cases - System Notification Management.drawio.png,MEDIA,SPLIT,MEDIUM,189,e1316c20814d012509b788af37b4bf7354455e25a66e4db3852f2de530b1ee23,,
[aa] Outputs\51.SAD\02.Diagrams\41.Modules\05.Modules\20.System Base\07.Use Cases View\00.Images\44.Functionality View - Use Cases - Tenancy Management.drawio.png,TARGET\[60] Delivery\[40] Core Service\[10] Components and Modules\_media\Functionality View - Use Cases - Tenancy Management.drawio.png,MEDIA,SPLIT,MEDIUM,177,563220237eb6173f22e2a65d838f1a19b955221671d121541332e5a49788f560,,
[aa] Outputs\51.SAD\02.Diagrams\41.Modules\05.Modules\20.System Base\07.Use Cases View\00.Images\_placeholder.txt,TARGET\[60] Delivery\[40] Core Service\[10] Components and Modules\[42] 00.Images\[10 - SUPERSEDED] placeholder.txt,DOCUMENT,SPLIT,MEDIUM,156,e3b0c44298fc1c149afbf4c8996fb92427ae41e4649b934ca495991b7852b855,,
[aa] Outputs\51.SAD\02.Diagrams\41.Modules\05.Modules\20.System Base\07.Use Cases View\01._Document\_placeholder.txt,TARGET\[60] Delivery\[40] Core Service\[10] Components and Modules\[43] 01._Document\[10 - SUPERSEDED] placeholder.txt,DOCUMENT,MERGE,HIGH,159,e3b0c44298fc1c149afbf4c8996fb92427ae41e4649b934ca495991b7852b855,,
[aa] Outputs\51.SAD\02.Diagrams\41.Modules\05.Modules\20.System Base\07.Use Cases View\02._Resources\_placeholder.txt,TARGET\[60] Delivery\[40] Core Service\[10] Components and Modules\[44] 02._Resources\[10 - SUPERSEDED] placeholder.txt,DOCUMENT,MERGE,HIGH,160,e3b0c44298fc1c149afbf4c8996fb92427ae41e4649b934ca495991b7852b855,,
[aa] Outputs\51.SAD\02.Diagrams\41.Modules\05.Modules\20.System Base\07.Use Cases View\02._Resources\01._Legacy\_placeholder.txt,TARGET\[90] Closure\[10] Retirement\[10] Planning and Exit\[50 - SUPERSEDED] placeholder.txt,DOCUMENT,MERGE,HIGH,133,e3b0c44298fc1c149afbf4c8996fb92427ae41e4649b934ca495991b7852b855,,
[aa] Outputs\51.SAD\02.Diagrams\41.Modules\05.Modules\20.System Base\07.Use Cases View\03._Concepts\_placeholder.txt,TARGET\[60] Delivery\[40] Core Service\[10] Components and Modules\[45] 03._Concepts\[10 - SUPERSEDED] placeholder.txt,DOCUMENT,MERGE,HIGH,159,e3b0c44298fc1c149afbf4c8996fb92427ae41e4649b934ca495991b7852b855,,
[aa] Outputs\51.SAD\02.Diagrams\41.Modules\05.Modules\20.System Base\07.Use Cases View\04._Classification\_placeholder.txt,TARGET\[60] Delivery\[40] Core Service\[10] Components and Modules\[46] 04._Classification\[10 - SUPERSEDED] placeholder.txt,DOCUMENT,MERGE,HIGH,165,e3b0c44298fc1c149afbf4c8996fb92427ae41e4649b934ca495991b7852b855,,
[aa] Outputs\51.SAD\02.Diagrams\41.Modules\05.Modules\20.System Base\07.Use Cases View\05.Functionality View (Use Cases) (HL)\31.Functionality View - Use Cases - Configuration - Host.drawio,TARGET\[00] Management\[90] Review\[10] Classification Required\[53] 05.Functionality View (Use Cases) (HL)\_media\Functionality View - Use Cases - Configuration - Host.drawio,MEDIA,REVIEW,LOW,216,50ffdc3da7dd0bab43d5ebe6d8ba22071f8db459a77f2080f46c8fdd7241dd38,,
[aa] Outputs\51.SAD\02.Diagrams\41.Modules\05.Modules\20.System Base\07.Use Cases View\05.Functionality View (Use Cases) (HL)\32.Functionality View - Use Cases - Error Log Management.drawio,TARGET\[60] Delivery\[40] Core Service\[10] Components and Modules\_media\Functionality View - Use Cases - Error Log Management.drawio,MEDIA,SPLIT,MEDIUM,175,edc7245665f91b3318470fef0d4fb3316eccb3a674eb7d391167d4fb6dbc0e5d,,
[aa] Outputs\51.SAD\02.Diagrams\41.Modules\05.Modules\20.System Base\07.Use Cases View\05.Functionality View (Use Cases) (HL)\33.Functionality View - Use Cases - Diagnostics Trace Management.drawio,TARGET\[00] Management\[90] Review\[10] Classification Required\[53] 05.Functionality View (Use Cases) (HL)\_media\Functionality View - Use Cases - Diagnostics Tr~5723d81c.drawio,MEDIA,REVIEW,LOW,219,fe898e6f2ae1b49da72538ff4febd12e3b7201c57309e484c9049bdeeb7b166b,,
[aa] Outputs\51.SAD\02.Diagrams\41.Modules\05.Modules\20.System Base\07.Use Cases View\05.Functionality View (Use Cases) (HL)\34.Functionality View - Use Cases - Customisation - System Sponsor Information.drawio,TARGET\[60] Delivery\[40] Core Service\[10] Components and Modules\_media\Functionality View - Use Cases - Customisation - System Sponsor Information.drawio,MEDIA,SPLIT,MEDIUM,197,16d4e60d4de079f29cd7c83ed9c5e7bfaf961398a6ecb44da56d04b2e7e53577,,
[aa] Outputs\51.SAD\02.Diagrams\41.Modules\05.Modules\20.System Base\07.Use Cases View\05.Functionality View (Use Cases) (HL)\35.Functionality View - Use Cases - Customisation - System Provider Information.drawio,TARGET\[60] Delivery\[40] Core Service\[10] Components and Modules\_media\Functionality View - Use Cases - Customisation - System Provider Information.drawio,MEDIA,SPLIT,MEDIUM,198,f1f5eb8777e3d9438e730279113ce6dfa0b5ee58cb080b125befbc549572ff3a,,
[aa] Outputs\51.SAD\02.Diagrams\41.Modules\05.Modules\20.System Base\07.Use Cases View\05.Functionality View (Use Cases) (HL)\36.Functionality View - Use Cases - Customisation - System Developer Information.drawio,TARGET\[60] Delivery\[40] Core Service\[10] Components and Modules\_media\Functionality View - Use Cases - Customisation - System Developer Information.drawio,MEDIA,SPLIT,MEDIUM,199,2436d9028f2f2f3c6558caa2db75bf5548ae8ccb7e68baf5581b8f7bc871130d,,
[aa] Outputs\51.SAD\02.Diagrams\41.Modules\05.Modules\20.System Base\07.Use Cases View\05.Functionality View (Use Cases) (HL)\37.Functionality View - Use Cases - System Command Queue Management.drawio,TARGET\[60] Delivery\[40] Core Service\[10] Components and Modules\_media\Functionality View - Use Cases - System Command Queue Management.drawio,MEDIA,SPLIT,MEDIUM,186,0e5ebdf61e374c2a5d6d884427c447da68c52ab0bb1001f96e9975baaca7c796,,
[aa] Outputs\51.SAD\02.Diagrams\41.Modules\05.Modules\20.System Base\07.Use Cases View\05.Functionality View (Use Cases) (HL)\38.Functionality View - Use Cases - System Modules Management.drawio,TARGET\[60] Delivery\[40] Core Service\[10] Components and Modules\_media\Functionality View - Use Cases - System Modules Management.drawio,MEDIA,SPLIT,MEDIUM,180,f19fb249e7317af5bd5ac9974f4361f50d1fc556c4d6c98f72acc902d8915c80,,
[aa] Outputs\51.SAD\02.Diagrams\41.Modules\05.Modules\20.System Base\07.Use Cases View\05.Functionality View (Use Cases) (HL)\39.Functionality View - Use Cases - Task Scheduling Management.drawio,TARGET\[60] Delivery\[40] Core Service\[10] Components and Modules\_media\Functionality View - Use Cases - Task Scheduling Management.drawio,MEDIA,SPLIT,MEDIUM,181,094d37da9bacd2b4adf2975b2378a433d56f31fbbaa129670693ed546bad9e01,,
[aa] Outputs\51.SAD\02.Diagrams\41.Modules\05.Modules\20.System Base\07.Use Cases View\05.Functionality View (Use Cases) (HL)\40.Functionality View - Use Cases - Person Management.drawio,TARGET\[60] Delivery\[40] Core Service\[10] Components and Modules\_media\Functionality View - Use Cases - Person Management.drawio,MEDIA,SPLIT,MEDIUM,172,078c1c84147d371ca3759b94466a84ec07a8c8301b8ce4e8f4bb52e41cfcc947,,
[aa] Outputs\51.SAD\02.Diagrams\41.Modules\05.Modules\20.System Base\07.Use Cases View\05.Functionality View (Use Cases) (HL)\40.Functionality View - Use Cases - User Management.drawio,TARGET\[60] Delivery\[40] Core Service\[10] Components and Modules\_media\Functionality View - Use Cases - User Management.drawio,MEDIA,SPLIT,MEDIUM,170,dd587cbfdc01d6140520202447f42993a906dfd93dfb0a16a8ce78c81e5664a3,,
[aa] Outputs\51.SAD\02.Diagrams\41.Modules\05.Modules\20.System Base\07.Use Cases View\05.Functionality View (Use Cases) (HL)\40.Functionality View - Use Cases - User Security Profile Management.drawio,TARGET\[60] Delivery\[40] Core Service\[10] Components and Modules\_media\Functionality View - Use Cases - User Security Profile Management.drawio,MEDIA,SPLIT,MEDIUM,187,95f7db853143a6fd4e9ceb297a0fc67b21305742f83da526e77e1590fc657f59,,
[aa] Outputs\51.SAD\02.Diagrams\41.Modules\05.Modules\20.System Base\07.Use Cases View\05.Functionality View (Use Cases) (HL)\40.Functionality View - Use Cases - User System Profile Management.drawio,TARGET\[60] Delivery\[40] Core Service\[10] Components and Modules\_media\Functionality View - Use Cases - User System Profile Management.drawio,MEDIA,SPLIT,MEDIUM,185,85708738616f98a46e876f18825e4b38b7e82c9974a629d66701cd30cd021fa9,,
[aa] Outputs\51.SAD\02.Diagrams\41.Modules\05.Modules\20.System Base\07.Use Cases View\05.Functionality View (Use Cases) (HL)\41.Functionality View - Use Cases - Group Management.drawio,TARGET\[60] Delivery\[40] Core Service\[10] Components and Modules\_media\Functionality View - Use Cases - Group Management.drawio,MEDIA,SPLIT,MEDIUM,171,4e5e7f902908f7b369424b2847171d8854d3fb9daabb030ac022597ed00f7273,,
[aa] Outputs\51.SAD\02.Diagrams\41.Modules\05.Modules\20.System Base\07.Use Cases View\05.Functionality View (Use Cases) (HL)\41.Functionality View - Use Cases - Group Role Invitation Management.drawio,TARGET\[60] Delivery\[40] Core Service\[10] Components and Modules\_media\Functionality View - Use Cases - Group Role Invitation Management.drawio,MEDIA,SPLIT,MEDIUM,187,84c4749f8d841d259f8c926f1a93599f4ce6789a5860c79e5b2c7e10a1a3a5d2,,
[aa] Outputs\51.SAD\02.Diagrams\41.Modules\05.Modules\20.System Base\07.Use Cases View\05.Functionality View (Use Cases) (HL)\41.Functionality View - Use Cases - Group Role Membership Management.drawio,TARGET\[60] Delivery\[40] Core Service\[10] Components and Modules\_media\Functionality View - Use Cases - Group Role Membership Management.drawio,MEDIA,SPLIT,MEDIUM,187,e45a7daaf9c880d385317d6893cadc0f1446b6923744591a8fcc9373315bbac5,,
[aa] Outputs\51.SAD\02.Diagrams\41.Modules\05.Modules\20.System Base\07.Use Cases View\05.Functionality View (Use Cases) (HL)\42.Functionality View - Use Cases - Permissions Management.drawio,TARGET\[60] Delivery\[40] Core Service\[10] Components and Modules\_media\Functionality View - Use Cases - Permissions Management.drawio,MEDIA,SPLIT,MEDIUM,177,874e2e845e63906f355e29b3b65586a1c140372f58581668c3baad0606a23406,,
[aa] Outputs\51.SAD\02.Diagrams\41.Modules\05.Modules\20.System Base\07.Use Cases View\05.Functionality View (Use Cases) (HL)\43.Functionality View - Use Cases - Roles Management.drawio,TARGET\[60] Delivery\[40] Core Service\[10] Components and Modules\_media\Functionality View - Use Cases - Roles Management.drawio,MEDIA,SPLIT,MEDIUM,171,3b6cd9289a1670aa0a694b632776129204971f0078c76d33466b1682f9a8d90d,,
[aa] Outputs\51.SAD\02.Diagrams\41.Modules\05.Modules\20.System Base\07.Use Cases View\05.Functionality View (Use Cases) (HL)\44.Functionality View - Use Cases - Endpoint Mapping Management.drawio,TARGET\[60] Delivery\[40] Core Service\[10] Components and Modules\_media\Functionality View - Use Cases - Endpoint Mapping Management.drawio,MEDIA,SPLIT,MEDIUM,182,06647f09fdd5564850f1bc4474cc0283b7963e9941f1fb0e01cbdee9371cc0d9,,
[aa] Outputs\51.SAD\02.Diagrams\41.Modules\05.Modules\20.System Base\07.Use Cases View\05.Functionality View (Use Cases) (HL)\44.Functionality View - Use Cases - Origin Exclusion Management.drawio,TARGET\[60] Delivery\[40] Core Service\[10] Components and Modules\_media\Functionality View - Use Cases - Origin Exclusion Management.drawio,MEDIA,SPLIT,MEDIUM,182,b92fc66f460270e4b8f65cc56440e590175a6652692c002ca3a7dd7fa7ce55c2,,
[aa] Outputs\51.SAD\02.Diagrams\41.Modules\05.Modules\20.System Base\07.Use Cases View\05.Functionality View (Use Cases) (HL)\44.Functionality View - Use Cases - Statements.drawio,TARGET\[60] Delivery\[40] Core Service\[10] Components and Modules\_media\Functionality View - Use Cases - Statements.drawio,MEDIA,SPLIT,MEDIUM,165,9455df79c37e18e8ede84335dd1a6a61b0fb088aa52fa26cbf6f7c452211acb8,,
[aa] Outputs\51.SAD\02.Diagrams\41.Modules\05.Modules\20.System Base\07.Use Cases View\05.Functionality View (Use Cases) (HL)\44.Functionality View - Use Cases - System Notification Management.drawio,TARGET\[60] Delivery\[40] Core Service\[10] Components and Modules\_media\Functionality View - Use Cases - System Notification Management.drawio,MEDIA,SPLIT,MEDIUM,185,f425df11e4b9acf4e432d8392bab6bf93b216210ea3f233e2bb8000d0048f44d,,
[aa] Outputs\51.SAD\02.Diagrams\41.Modules\05.Modules\20.System Base\07.Use Cases View\05.Functionality View (Use Cases) (HL)\44.Functionality View - Use Cases - Tenancy Management.drawio,TARGET\[60] Delivery\[40] Core Service\[10] Components and Modules\_media\Functionality View - Use Cases - Tenancy Management.drawio,MEDIA,SPLIT,MEDIUM,173,88bf530638ca9e3d6c7125b7001f65828921e297254a7f1e90e691d5732fd966,,
[aa] Outputs\51.SAD\02.Diagrams\41.Modules\05.Modules\20.System Base\07.Use Cases View\05.Functionality View (Use Cases) (HL)\_placeholder.txt,TARGET\[60] Delivery\[40] Core Service\[10] Components and Modules\[47] 05.Functionality View (Use Cases) (HL)\[10 - SUPERSEDED] placeholder.txt,DOCUMENT,SPLIT,MEDIUM,185,e3b0c44298fc1c149afbf4c8996fb92427ae41e4649b934ca495991b7852b855,,
[aa] Outputs\51.SAD\02.Diagrams\41.Modules\05.Modules\20.System Base\07.Use Cases View\06.Functionality View (Use Cases)\_placeholder.txt,TARGET\[60] Delivery\[40] Core Service\[10] Components and Modules\[48] 06.Functionality View (Use Cases)\[10 - SUPERSEDED] placeholder.txt,DOCUMENT,MERGE,HIGH,180,e3b0c44298fc1c149afbf4c8996fb92427ae41e4649b934ca495991b7852b855,,
[aa] Outputs\51.SAD\02.Diagrams\41.Modules\05.Modules\20.System Base\08.Functionality View\README.md,TARGET\[60] Delivery\[40] Core Service\[10] Components and Modules\[49] 08.Functionality View\[10] README.md,DOCUMENT,MERGE,HIGH,149,fbaf6721a1005517669fe08fdc0aaf275e8eaf95163da1429688a3ffedd533a3,,
[aa] Outputs\51.SAD\02.Diagrams\41.Modules\05.Modules\20.System Base\08.Functionality View\00._Images\_placeholder.txt,TARGET\[60] Delivery\[40] Core Service\[10] Components and Modules\[50] 00._Images\[10 - SUPERSEDED] placeholder.txt,DOCUMENT,MERGE,HIGH,157,e3b0c44298fc1c149afbf4c8996fb92427ae41e4649b934ca495991b7852b855,,
[aa] Outputs\51.SAD\02.Diagrams\41.Modules\05.Modules\20.System Base\08.Functionality View\01._Document\_placeholder.txt,TARGET\[60] Delivery\[40] Core Service\[10] Components and Modules\[51] 01._Document\[10 - SUPERSEDED] placeholder.txt,DOCUMENT,MERGE,HIGH,159,e3b0c44298fc1c149afbf4c8996fb92427ae41e4649b934ca495991b7852b855,,
[aa] Outputs\51.SAD\02.Diagrams\41.Modules\05.Modules\20.System Base\08.Functionality View\02._Resources\_placeholder.txt,TARGET\[60] Delivery\[40] Core Service\[10] Components and Modules\[52] 02._Resources\[10 - SUPERSEDED] placeholder.txt,DOCUMENT,MERGE,HIGH,160,e3b0c44298fc1c149afbf4c8996fb92427ae41e4649b934ca495991b7852b855,,
[aa] Outputs\51.SAD\02.Diagrams\41.Modules\05.Modules\20.System Base\08.Functionality View\02._Resources\01.Legacy\00.Functionality View - LEGACY.drawio,TARGET\[90] Closure\[10] Retirement\[10] Planning and Exit\_media\Functionality View - LEGACY.drawio,MEDIA,MERGE,HIGH,141,34e471ff5379066a0d3cc6b80594b5edaad2aabf0bfd84b15c1ec1d2f2ae76ec,,
[aa] Outputs\51.SAD\02.Diagrams\41.Modules\05.Modules\20.System Base\08.Functionality View\02._Resources\01.Legacy\_placeholder.txt,TARGET\[90] Closure\[10] Retirement\[10] Planning and Exit\[55 - SUPERSEDED] placeholder.txt,DOCUMENT,MERGE,HIGH,133,e3b0c44298fc1c149afbf4c8996fb92427ae41e4649b934ca495991b7852b855,,
[aa] Outputs\51.SAD\02.Diagrams\41.Modules\05.Modules\20.System Base\08.Functionality View\03.Functionality View (Classification)\11.Functionality View - Title Page.drawio,TARGET\[60] Delivery\[40] Core Service\[10] Components and Modules\_media\Functionality View - Title Page.drawio,MEDIA,MERGE,HIGH,153,03e164284a61b74a35e88101ad2b46802c6e252f18cb7aed0c2bc232102e059d,,
[aa] Outputs\51.SAD\02.Diagrams\41.Modules\05.Modules\20.System Base\08.Functionality View\03.Functionality View (Classification)\12.Functionality View - Intended Audience.drawio,TARGET\[60] Delivery\[40] Core Service\[10] Components and Modules\_media\Functionality View - Intended Audience.drawio,MEDIA,MERGE,HIGH,160,cb2360681f81ca656121995ddc07a61f40c03f81ab988fb855eb416f5f349811,,
[aa] Outputs\51.SAD\02.Diagrams\41.Modules\05.Modules\20.System Base\08.Functionality View\03.Functionality View (Classification)\22.Functionality View - Classification - Functionality Groups (HL).drawio,TARGET\[60] Delivery\[40] Core Service\[10] Components and Modules\_media\Functionality View - Classification - Functionality Groups (HL).drawio,MEDIA,MERGE,HIGH,185,993779ded84cd1e4cbb1c402f485cf253c65ef21f0e18b13755c3f66ec930d83,,
[aa] Outputs\51.SAD\02.Diagrams\41.Modules\05.Modules\20.System Base\08.Functionality View\03.Functionality View (Classification)\_placeholder.txt,TARGET\[60] Delivery\[40] Core Service\[10] Components and Modules\[53] 03.Functionality View (Classification)\[10 - SUPERSEDED] placeholder.txt,DOCUMENT,MERGE,HIGH,185,e3b0c44298fc1c149afbf4c8996fb92427ae41e4649b934ca495991b7852b855,,
[aa] Outputs\51.SAD\02.Diagrams\41.Modules\05.Modules\20.System Base\08.Functionality View\04.Functionality View (Use Cases)\README.md,TARGET\[60] Delivery\[40] Core Service\[10] Components and Modules\[54] 04.Functionality View (Use Cases)\[20] README.md,DOCUMENT,MERGE,HIGH,161,3b11c08fa15794d405bcd4b712c40e4450cc00743517029ce9c79b4057a09bb3,,
[aa] Outputs\51.SAD\02.Diagrams\41.Modules\05.Modules\20.System Base\08.Functionality View\04.Functionality View (Use Cases)\_placeholder.txt,TARGET\[60] Delivery\[40] Core Service\[10] Components and Modules\[54] 04.Functionality View (Use Cases)\[10 - SUPERSEDED] placeholder.txt,DOCUMENT,MERGE,HIGH,180,e3b0c44298fc1c149afbf4c8996fb92427ae41e4649b934ca495991b7852b855,,
[aa] Outputs\51.SAD\02.Diagrams\41.Modules\05.Modules\20.System Base\09.Interoperability View\README.md,TARGET\[60] Delivery\[50] Integrations\[40] Interoperability and Discovery\[78] README.md,DOCUMENT,MERGE,HIGH,130,fbaf6721a1005517669fe08fdc0aaf275e8eaf95163da1429688a3ffedd533a3,,
[aa] Outputs\51.SAD\02.Diagrams\41.Modules\05.Modules\20.System Base\09.Interoperability View\00._Images\_placeholder.txt,TARGET\[60] Delivery\[50] Integrations\[40] Interoperability and Discovery\[54 - SUPERSEDED] placeholder.txt,DOCUMENT,MERGE,HIGH,149,e3b0c44298fc1c149afbf4c8996fb92427ae41e4649b934ca495991b7852b855,,
[aa] Outputs\51.SAD\02.Diagrams\41.Modules\05.Modules\20.System Base\09.Interoperability View\01._Document\_placeholder.txt,TARGET\[60] Delivery\[50] Integrations\[40] Interoperability and Discovery\[56 - SUPERSEDED] placeholder.txt,DOCUMENT,MERGE,HIGH,149,e3b0c44298fc1c149afbf4c8996fb92427ae41e4649b934ca495991b7852b855,,
[aa] Outputs\51.SAD\02.Diagrams\41.Modules\05.Modules\20.System Base\09.Interoperability View\02._Resources\_placeholder.txt,TARGET\[60] Delivery\[50] Integrations\[40] Interoperability and Discovery\[58 - SUPERSEDED] placeholder.txt,DOCUMENT,MERGE,HIGH,149,e3b0c44298fc1c149afbf4c8996fb92427ae41e4649b934ca495991b7852b855,,
[aa] Outputs\51.SAD\02.Diagrams\41.Modules\05.Modules\20.System Base\09.Interoperability View\02._Resources\01._Legacy\_placeholder.txt,TARGET\[90] Closure\[10] Retirement\[10] Planning and Exit\[60 - SUPERSEDED] placeholder.txt,DOCUMENT,MERGE,HIGH,133,e3b0c44298fc1c149afbf4c8996fb92427ae41e4649b934ca495991b7852b855,,
[aa] Outputs\51.SAD\02.Diagrams\41.Modules\05.Modules\20.System Base\09.Interoperability View\03._Concepts\_placeholder.txt,TARGET\[60] Delivery\[50] Integrations\[40] Interoperability and Discovery\[60 - SUPERSEDED] placeholder.txt,DOCUMENT,MERGE,HIGH,149,e3b0c44298fc1c149afbf4c8996fb92427ae41e4649b934ca495991b7852b855,,
[aa] Outputs\51.SAD\02.Diagrams\41.Modules\05.Modules\20.System Base\09.Interoperability View\04._Classification\_placeholder.txt,TARGET\[60] Delivery\[50] Integrations\[40] Interoperability and Discovery\[62 - SUPERSEDED] placeholder.txt,DOCUMENT,MERGE,HIGH,149,e3b0c44298fc1c149afbf4c8996fb92427ae41e4649b934ca495991b7852b855,,
[aa] Outputs\51.SAD\02.Diagrams\41.Modules\05.Modules\20.System Base\09.Interoperability View\05.Interoperability View (APIs)\341.23.000.Base System LM - Interoperability View - APIs - System Modules.drawio,TARGET\[60] Delivery\[50] Integrations\[40] Interoperability and Discovery\_media\Base System LM - Interoperability View - APIs - System Modules.drawio,MEDIA,SPLIT,MEDIUM,192,a0a3972a2a040ab1655fa10bb9983d999a7ea5d08454914cea17478f2fe8bdb3,,
[aa] Outputs\51.SAD\02.Diagrams\41.Modules\05.Modules\20.System Base\09.Interoperability View\05.Interoperability View (APIs)\341.23.000.Base System LM - Interoperability View - APIs - TenancyNotifications.drawio,TARGET\[60] Delivery\[50] Integrations\[40] Interoperability and Discovery\_media\Base System LM - Interoperability View - APIs - TenancyNotifications.drawio,MEDIA,SPLIT,MEDIUM,198,764d70b36892ac4737929020439b4309dcdd091be15475185bfce20d73e5be4d,,
[aa] Outputs\51.SAD\02.Diagrams\41.Modules\05.Modules\20.System Base\09.Interoperability View\05.Interoperability View (APIs)\341.23.000.Base System LM - Interoperability View - LEGACY.drawio,TARGET\[60] Delivery\[50] Integrations\[40] Interoperability and Discovery\_media\Base System LM - Interoperability View - LEGACY.drawio,MEDIA,SPLIT,MEDIUM,177,5438b6967cb0a70cb7cbd8b8ddbd968a81e8fa3804d4e0579c8b6103e8b09268,,
[aa] Outputs\51.SAD\02.Diagrams\41.Modules\05.Modules\20.System Base\09.Interoperability View\05.Interoperability View (APIs)\341.23.001.Base System LM - Interoperability View - Document - Title Page.drawio,TARGET\[60] Delivery\[50] Integrations\[40] Interoperability and Discovery\_media\Base System LM - Interoperability View - Document - Title Page.drawio,MEDIA,SPLIT,MEDIUM,192,f9c52e52489d051510a6c1c5775422fb15967f70284b8805369f94d836c7efbf,,
[aa] Outputs\51.SAD\02.Diagrams\41.Modules\05.Modules\20.System Base\09.Interoperability View\05.Interoperability View (APIs)\341.23.002.Base System LM - Interoperability View - Document - Intended Audience.drawio,TARGET\[60] Delivery\[50] Integrations\[40] Interoperability and Discovery\_media\Base System LM - Interoperability View - Document - Intended Audience.drawio,MEDIA,SPLIT,MEDIUM,199,e57626440098c860d34947d573cb1557a9ba8e0435ce077c1b86bbb484fb6648,,
[aa] Outputs\51.SAD\02.Diagrams\41.Modules\05.Modules\20.System Base\09.Interoperability View\05.Interoperability View (APIs)\341.23.101.Base System LM - Interoperability View - APIs - Resource Status Type.drawio,TARGET\[60] Delivery\[50] Integrations\[40] Interoperability and Discovery\_media\Base System LM - Interoperability View - APIs - Resource Status Type.drawio,MEDIA,SPLIT,MEDIUM,198,a0a3972a2a040ab1655fa10bb9983d999a7ea5d08454914cea17478f2fe8bdb3,,
[aa] Outputs\51.SAD\02.Diagrams\41.Modules\05.Modules\20.System Base\09.Interoperability View\05.Interoperability View (APIs)\341.23.102.Base System LM - Interoperability View - APIs - Country Status Type.drawio,TARGET\[60] Delivery\[50] Integrations\[40] Interoperability and Discovery\_media\Base System LM - Interoperability View - APIs - Country Status Type.drawio,MEDIA,SPLIT,MEDIUM,197,a231e754737e05cf627a38bcf4277a7eb881f846fba9b445768c714de6248f07,,
[aa] Outputs\51.SAD\02.Diagrams\41.Modules\05.Modules\20.System Base\09.Interoperability View\05.Interoperability View (APIs)\341.23.103.Base System LM - Interoperability View - APIs - Notification Type.drawio,TARGET\[60] Delivery\[50] Integrations\[40] Interoperability and Discovery\_media\Base System LM - Interoperability View - APIs - Notification Type.drawio,MEDIA,SPLIT,MEDIUM,195,9672cd55179be3b00d30b14e55ba3d75d9c3194666ed120eecfdd0e76ccee5df,,
[aa] Outputs\51.SAD\02.Diagrams\41.Modules\05.Modules\20.System Base\09.Interoperability View\05.Interoperability View (APIs)\341.23.104.Base System LM - Interoperability View - APIs - Group Type.drawio,TARGET\[60] Delivery\[50] Integrations\[40] Interoperability and Discovery\_media\Base System LM - Interoperability View - APIs - Group Type.drawio,MEDIA,SPLIT,MEDIUM,188,974fb7759d5794efb8e89384406933b521851aa97ad64b411f78b6fdf6435235,,
[aa] Outputs\51.SAD\02.Diagrams\41.Modules\05.Modules\20.System Base\09.Interoperability View\05.Interoperability View (APIs)\341.23.105.Base System LM - Interoperability View - APIs - Data Category Types.drawio,TARGET\[60] Delivery\[50] Integrations\[40] Interoperability and Discovery\_media\Base System LM - Interoperability View - APIs - Data Category Types.drawio,MEDIA,SPLIT,MEDIUM,197,9bc79e14c1a1508da938f5ddef82f7fb088b56214506ba6679a5cf26f9ffcd9c,,
[aa] Outputs\51.SAD\02.Diagrams\41.Modules\05.Modules\20.System Base\09.Interoperability View\05.Interoperability View (APIs)\341.23.105.Base System LM - Interoperability View - APIs - Module Types.drawio,TARGET\[60] Delivery\[50] Integrations\[40] Interoperability and Discovery\_media\Base System LM - Interoperability View - APIs - Module Types.drawio,MEDIA,SPLIT,MEDIUM,190,c64e7bc8a4642e7f691d8613e8c8a28da832376365e1320f4a10ea7703689f6d,,
[aa] Outputs\51.SAD\02.Diagrams\41.Modules\05.Modules\20.System Base\09.Interoperability View\05.Interoperability View (APIs)\341.23.107.Base System LM - Interoperability View - APIs - Record Types.drawio,TARGET\[60] Delivery\[50] Integrations\[40] Interoperability and Discovery\_media\Base System LM - Interoperability View - APIs - Record Types.drawio,MEDIA,SPLIT,MEDIUM,190,15ea347552470ced9264a45e749caa2c9b61ac6d05cfe0c26e2a915330b14d1c,,
[aa] Outputs\51.SAD\02.Diagrams\41.Modules\05.Modules\20.System Base\09.Interoperability View\05.Interoperability View (APIs)\341.23.111.Base System LM - Interoperability View - APIs - Diagnostics.drawio,TARGET\[00] Management\[90] Review\[10] Classification Required\[54] 05.Interoperability View (APIs)\_media\Base System LM - Interoperability View - APIs - Diagnostics.drawio,MEDIA,REVIEW,LOW,215,ccbef3fbc614bb010ad204cef68ae92764face567f0d16fe2cd52ac826d43ff0,,
[aa] Outputs\51.SAD\02.Diagrams\41.Modules\05.Modules\20.System Base\09.Interoperability View\05.Interoperability View (APIs)\341.23.112.Base System LM - Interoperability View - APIs - Country.drawio,TARGET\[60] Delivery\[50] Integrations\[40] Interoperability and Discovery\_media\Base System LM - Interoperability View - APIs - Country.drawio,MEDIA,SPLIT,MEDIUM,185,9cc8db0ea6aa514adcb6757a0939272db9967bad4c7efe5019013fff9b3a4361,,
[aa] Outputs\51.SAD\02.Diagrams\41.Modules\05.Modules\20.System Base\09.Interoperability View\05.Interoperability View (APIs)\341.23.112.Base System LM - Interoperability View - APIs - Error Logs.drawio,TARGET\[60] Delivery\[50] Integrations\[40] Interoperability and Discovery\_media\Base System LM - Interoperability View - APIs - Error Logs.drawio,MEDIA,SPLIT,MEDIUM,188,da231f1663f0fb1db1ec89ae53cf4e5f2b7bc9bae7802e2ef609bd59446700c2,,
[aa] Outputs\51.SAD\02.Diagrams\41.Modules\05.Modules\20.System Base\09.Interoperability View\05.Interoperability View (APIs)\341.23.114.Base System LM - Interoperability View - APIs - Obligations.drawio,TARGET\[60] Delivery\[50] Integrations\[40] Interoperability and Discovery\_media\Base System LM - Interoperability View - APIs - Obligations.drawio,MEDIA,SPLIT,MEDIUM,189,19d41b93a34b4b8e80e9ad7ea1b6faafb1525e782464d1f344d4868a2546c52c,,
[aa] Outputs\51.SAD\02.Diagrams\41.Modules\05.Modules\20.System Base\09.Interoperability View\05.Interoperability View (APIs)\341.23.121.Base System LM - Interoperability View - APIs - Sessions.drawio,TARGET\[60] Delivery\[50] Integrations\[40] Interoperability and Discovery\_media\Base System LM - Interoperability View - APIs - Sessions.drawio,MEDIA,SPLIT,MEDIUM,186,5b840a481e560a8eef00e5f3b611a396de37dc9910af068ac40a638eecff48ac,,
[aa] Outputs\51.SAD\02.Diagrams\41.Modules\05.Modules\20.System Base\09.Interoperability View\05.Interoperability View (APIs)\341.23.122.Base System LM - Interoperability View - APIs - SessionOperations.drawio,TARGET\[60] Delivery\[50] Integrations\[40] Interoperability and Discovery\_media\Base System LM - Interoperability View - APIs - SessionOperations.drawio,MEDIA,SPLIT,MEDIUM,195,42d39c6d2d353927de1f7a98d57b41bd579d89e94b94794e9549af4072cfe392,,
[aa] Outputs\51.SAD\02.Diagrams\41.Modules\05.Modules\20.System Base\09.Interoperability View\05.Interoperability View (APIs)\341.23.131.Base System LM - Interoperability View - APIs - Principals.drawio,TARGET\[60] Delivery\[50] Integrations\[40] Interoperability and Discovery\_media\Base System LM - Interoperability View - APIs - Principals.drawio,MEDIA,SPLIT,MEDIUM,188,5b74e5b4f80e30e68d43721ba0b426b9ef9706246dbc64c18452c8c00e30cd57,,
[aa] Outputs\51.SAD\02.Diagrams\41.Modules\05.Modules\20.System Base\09.Interoperability View\05.Interoperability View (APIs)\341.23.132.Base System LM - Interoperability View - APIs - Principal SCIM Provisioning.drawio,TARGET\[60] Delivery\[50] Integrations\[40] Interoperability and Discovery\_media\Base System LM - Interoperability View - APIs - Principal SCIM Provisioning.drawio,MEDIA,SPLIT,MEDIUM,205,9cbccc3be79cf6c1a47716298cc3fb5be4db151bea164ad8e23debde6b82843f,,
[aa] Outputs\51.SAD\02.Diagrams\41.Modules\05.Modules\20.System Base\09.Interoperability View\05.Interoperability View (APIs)\341.23.141.Base System LM - Interoperability View - APIs - Search SummaryItems.drawio,TARGET\[60] Delivery\[50] Integrations\[40] Interoperability and Discovery\_media\Base System LM - Interoperability View - APIs - Search SummaryItems.drawio,MEDIA,SPLIT,MEDIUM,197,ae18baaf08a4206409e74d78153ae969b9f200a8239a9e32d39857b4c1dd4ae0,,
[aa] Outputs\51.SAD\02.Diagrams\41.Modules\05.Modules\20.System Base\09.Interoperability View\05.Interoperability View (APIs)\341.23.151.Base System LM - Interoperability View - APIs - System Notifications.drawio,TARGET\[60] Delivery\[50] Integrations\[40] Interoperability and Discovery\_media\Base System LM - Interoperability View - APIs - System Notifications.drawio,MEDIA,SPLIT,MEDIUM,198,167b7930b2f71765fe34075120e73ff6956959a7a5776021e72bfd30719c7d26,,
[aa] Outputs\51.SAD\02.Diagrams\41.Modules\05.Modules\20.System Base\09.Interoperability View\05.Interoperability View (APIs)\341.23.171.Base System LM - Interoperability View - APIs - Peers.drawio,TARGET\[60] Delivery\[50] Integrations\[40] Interoperability and Discovery\_media\Base System LM - Interoperability View - APIs - Peers.drawio,MEDIA,SPLIT,MEDIUM,183,a0a3972a2a040ab1655fa10bb9983d999a7ea5d08454914cea17478f2fe8bdb3,,
[aa] Outputs\51.SAD\02.Diagrams\41.Modules\05.Modules\20.System Base\09.Interoperability View\05.Interoperability View (APIs)\341.23.172.Base System LM - Interoperability View - APIs - AffinityZones.drawio,TARGET\[60] Delivery\[50] Integrations\[40] Interoperability and Discovery\_media\Base System LM - Interoperability View - APIs - AffinityZones.drawio,MEDIA,SPLIT,MEDIUM,191,904e81841109d8c5d86774f10ddce56a13c02d213a99e8ae95b98e0504069c1a,,
[aa] Outputs\51.SAD\02.Diagrams\41.Modules\05.Modules\20.System Base\09.Interoperability View\05.Interoperability View (APIs)\341.23.173.Base System LM - Interoperability View - APIs - Tenancies.drawio,TARGET\[60] Delivery\[50] Integrations\[40] Interoperability and Discovery\_media\Base System LM - Interoperability View - APIs - Tenancies.drawio,MEDIA,SPLIT,MEDIUM,187,2c6a519bff258718731d8eadf4480e05d84e3b139477fc1d382c7d7d40f5f21a,,
[aa] Outputs\51.SAD\02.Diagrams\41.Modules\05.Modules\20.System Base\09.Interoperability View\05.Interoperability View (APIs)\341.23.181.Base System LM - Interoperability View - APIs - Members.drawio,TARGET\[60] Delivery\[50] Integrations\[40] Interoperability and Discovery\_media\Base System LM - Interoperability View - APIs - Members.drawio,MEDIA,SPLIT,MEDIUM,185,d91151f6a99dda7fa9f7d47457b52e9658a3ffb47333252d3adcf7328152a8e3,,
[aa] Outputs\51.SAD\02.Diagrams\41.Modules\05.Modules\20.System Base\09.Interoperability View\05.Interoperability View (APIs)\341.23.182.Base System LM - Interoperability View - APIs - Groups.drawio,TARGET\[60] Delivery\[50] Integrations\[40] Interoperability and Discovery\_media\Base System LM - Interoperability View - APIs - Groups.drawio,MEDIA,SPLIT,MEDIUM,184,c5f86a012e722d28d43831537bfc872fef7ecd36f131507f9a852da33af58773,,
[aa] Outputs\51.SAD\02.Diagrams\41.Modules\05.Modules\20.System Base\09.Interoperability View\05.Interoperability View (APIs)\341.23.184.Base System LM - Interoperability View - APIs - Roles.drawio,TARGET\[60] Delivery\[50] Integrations\[40] Interoperability and Discovery\_media\Base System LM - Interoperability View - APIs - Roles.drawio,MEDIA,SPLIT,MEDIUM,183,847dc76f9af3505880b2d891b400b6684aff574e30b3f88f0d29803c47c31083,,
[aa] Outputs\51.SAD\02.Diagrams\41.Modules\05.Modules\20.System Base\09.Interoperability View\05.Interoperability View (APIs)\341.23.185.Base System LM - Interoperability View - APIs - Invitations.drawio,TARGET\[60] Delivery\[50] Integrations\[40] Interoperability and Discovery\_media\Base System LM - Interoperability View - APIs - Invitations.drawio,MEDIA,SPLIT,MEDIUM,189,b06d1c03af2a9d52aa53c8a49656ff179015fa6cae58be97c0cef25682729f71,,
[aa] Outputs\51.SAD\02.Diagrams\41.Modules\05.Modules\20.System Base\09.Interoperability View\05.Interoperability View (APIs)\341.23.186.Base System LM - Interoperability View - APIs - Organisations.drawio,TARGET\[60] Delivery\[50] Integrations\[40] Interoperability and Discovery\_media\Base System LM - Interoperability View - APIs - Organisations.drawio,MEDIA,SPLIT,MEDIUM,191,fa21bbff25558f8b6a83d2e9d9ffa0efefda5bd81ce41eeb61795ab7f983eb3c,,
[aa] Outputs\51.SAD\02.Diagrams\41.Modules\05.Modules\20.System Base\09.Interoperability View\05.Interoperability View (APIs)\_placeholder.txt,TARGET\[60] Delivery\[50] Integrations\[40] Interoperability and Discovery\[64 - SUPERSEDED] placeholder.txt,DOCUMENT,SPLIT,MEDIUM,149,e3b0c44298fc1c149afbf4c8996fb92427ae41e4649b934ca495991b7852b855,,
[aa] Outputs\51.SAD\02.Diagrams\41.Modules\05.Modules\20.System Base\09.Interoperability View\06.Interoperablity View (Messages)\_placeholder.txt,TARGET\[60] Delivery\[50] Integrations\[20] Messaging and Events\[20 - SUPERSEDED] placeholder.txt,DOCUMENT,MERGE,HIGH,139,e3b0c44298fc1c149afbf4c8996fb92427ae41e4649b934ca495991b7852b855,,
[aa] Outputs\51.SAD\02.Diagrams\41.Modules\05.Modules\20.System Base\10.Information Views\README.md,TARGET\[60] Delivery\[40] Core Service\[10] Components and Modules\[55] 10.Information Views\[10] README.md,DOCUMENT,MERGE,HIGH,148,fbaf6721a1005517669fe08fdc0aaf275e8eaf95163da1429688a3ffedd533a3,,
[aa] Outputs\51.SAD\02.Diagrams\41.Modules\05.Modules\20.System Base\10.Information Views\SEK - Information View - Elements - PI.drawio,TARGET\[60] Delivery\[40] Core Service\[10] Components and Modules\_media\SEK - Information View - Elements - PI.drawio,MEDIA,MERGE,HIGH,160,af2da8d3824661997d5ad9f5345b405cfa1bfde6e685075c71c6444b588b98d6,,
[aa] Outputs\51.SAD\02.Diagrams\41.Modules\05.Modules\20.System Base\10.Information Views\SEK - Information View - System Base Entities.drawio,TARGET\[60] Delivery\[40] Core Service\[10] Components and Modules\_media\SEK - Information View - System Base Entities.drawio,MEDIA,MERGE,HIGH,167,f327a21e2d19cc3266e7f2ae3a5dad29d78918a401031d026409a02a4d3b0144,,
[aa] Outputs\51.SAD\02.Diagrams\41.Modules\05.Modules\20.System Base\10.Information Views\00._Images\_placeholder.txt,TARGET\[60] Delivery\[40] Core Service\[10] Components and Modules\[56] 00._Images\[10 - SUPERSEDED] placeholder.txt,DOCUMENT,MERGE,HIGH,157,e3b0c44298fc1c149afbf4c8996fb92427ae41e4649b934ca495991b7852b855,,
[aa] Outputs\51.SAD\02.Diagrams\41.Modules\05.Modules\20.System Base\10.Information Views\01._Document\_placeholder.txt,TARGET\[60] Delivery\[40] Core Service\[10] Components and Modules\[57] 01._Document\[10 - SUPERSEDED] placeholder.txt,DOCUMENT,MERGE,HIGH,159,e3b0c44298fc1c149afbf4c8996fb92427ae41e4649b934ca495991b7852b855,,
[aa] Outputs\51.SAD\02.Diagrams\41.Modules\05.Modules\20.System Base\10.Information Views\02.Resources\341.11.00.Base System LM - Information View - Diagrams. (LEGACY)drawio.drawio,TARGET\[60] Delivery\[40] Core Service\[10] Components and Modules\_media\Base System LM - Information View - Diagrams. (LEGACY)drawio.drawio,MEDIA,SPLIT,MEDIUM,182,b3d645798cb8fca98abf42f580a8bcc115b570b315dc20f89b1e36f9bfb5e173,,
[aa] Outputs\51.SAD\02.Diagrams\41.Modules\05.Modules\20.System Base\10.Information Views\02.Resources\_placeholder.txt,TARGET\[60] Delivery\[40] Core Service\[10] Components and Modules\[58] 02.Resources\[10 - SUPERSEDED] placeholder.txt,DOCUMENT,SPLIT,MEDIUM,159,e3b0c44298fc1c149afbf4c8996fb92427ae41e4649b934ca495991b7852b855,,
[aa] Outputs\51.SAD\02.Diagrams\41.Modules\05.Modules\20.System Base\10.Information Views\02.Resources\01._Legacy\_placeholder.txt,TARGET\[90] Closure\[10] Retirement\[10] Planning and Exit\[65 - SUPERSEDED] placeholder.txt,DOCUMENT,MERGE,HIGH,133,e3b0c44298fc1c149afbf4c8996fb92427ae41e4649b934ca495991b7852b855,,
[aa] Outputs\51.SAD\02.Diagrams\41.Modules\05.Modules\20.System Base\10.Information Views\03._Concepts\_placeholder.txt,TARGET\[60] Delivery\[40] Core Service\[10] Components and Modules\[59] 03._Concepts\[10 - SUPERSEDED] placeholder.txt,DOCUMENT,MERGE,HIGH,159,e3b0c44298fc1c149afbf4c8996fb92427ae41e4649b934ca495991b7852b855,,
[aa] Outputs\51.SAD\02.Diagrams\41.Modules\05.Modules\20.System Base\10.Information Views\04._Classification\_placeholder.txt,TARGET\[60] Delivery\[40] Core Service\[10] Components and Modules\[60] 04._Classification\[10 - SUPERSEDED] placeholder.txt,DOCUMENT,MERGE,HIGH,165,e3b0c44298fc1c149afbf4c8996fb92427ae41e4649b934ca495991b7852b855,,
[aa] Outputs\51.SAD\02.Diagrams\41.Modules\05.Modules\20.System Base\10.Information Views\05.Information View (Overview)\341.11.00.Base System LM - Information (Messages) View.drawio,TARGET\[60] Delivery\[40] Core Service\[10] Components and Modules\_media\Base System LM - Information (Messages) View.drawio,MEDIA,SPLIT,MEDIUM,166,6fbb278c62a55ba73ea0d9e72ba74f9ff2effebb7c52d3bdcd6cc4d99f79158b,,
[aa] Outputs\51.SAD\02.Diagrams\41.Modules\05.Modules\20.System Base\10.Information Views\05.Information View (Overview)\341.11.001.Base System LM - Information (Entities) View - Document - Title Page.drawio,TARGET\[60] Delivery\[40] Core Service\[10] Components and Modules\_media\Base System LM - Information (Entities) View - Document - Title Page.drawio,MEDIA,SPLIT,MEDIUM,190,545bb12689c4010d0efbb1acd1b497467e3ed7f77f83636bf518bffc06b4d506,,
[aa] Outputs\51.SAD\02.Diagrams\41.Modules\05.Modules\20.System Base\10.Information Views\05.Information View (Overview)\341.11.002.Base System LM - Information (Entities) View - Document - Intended Audience.drawio,TARGET\[60] Delivery\[40] Core Service\[10] Components and Modules\_media\Base System LM - Information (Entities) View - Document - Intended Audience.drawio,MEDIA,SPLIT,MEDIUM,197,545bb12689c4010d0efbb1acd1b497467e3ed7f77f83636bf518bffc06b4d506,,
[aa] Outputs\51.SAD\02.Diagrams\41.Modules\05.Modules\20.System Base\10.Information Views\05.Information View (Overview)\341.11.101.Base System LM - Information (Entities) View - Conceptual Model (HL).drawio,TARGET\[60] Delivery\[40] Core Service\[10] Components and Modules\_media\Base System LM - Information (Entities) View - Conceptual Model (HL).drawio,MEDIA,SPLIT,MEDIUM,190,3b8a5e34e2d7add17ec96a6e6d7f1e6f0850e2e7d5646dfe51b5fb82df20f180,,
[aa] Outputs\51.SAD\02.Diagrams\41.Modules\05.Modules\20.System Base\10.Information Views\05.Information View (Overview)\341.11.102.Base System LM - Information (Entities) View - Service System Basic Concepts.drawio,TARGET\[60] Delivery\[40] Core Service\[10] Components and Modules\_media\Base System LM - Information (Entities) View - Service System Basic Concepts.drawio,MEDIA,SPLIT,MEDIUM,198,05d57d4cd108583ac18527253aaf6e1beba12f92616c2daef8cb2cf19c776b50,,
[aa] Outputs\51.SAD\02.Diagrams\41.Modules\05.Modules\20.System Base\10.Information Views\05.Information View (Overview)\341.11.103.Base System LM - Information (Entities) View - Conceptual Model.drawio,TARGET\[60] Delivery\[40] Core Service\[10] Components and Modules\_media\Base System LM - Information (Entities) View - Conceptual Model.drawio,MEDIA,SPLIT,MEDIUM,185,c83f22cf3d450b234478c33b584575f15ceef17e2007967c5a12ea0a59d02f6d,,
[aa] Outputs\51.SAD\02.Diagrams\41.Modules\05.Modules\20.System Base\10.Information Views\05.Information View (Overview)\341.11.104.Base System LM - Information (Entities) View - Information Model (HL).drawio,TARGET\[60] Delivery\[40] Core Service\[10] Components and Modules\_media\Base System LM - Information (Entities) View - Information Model (HL).drawio,MEDIA,SPLIT,MEDIUM,191,925eb66ccd35d8dfaf6a8d744711a390abe7eb0abf62594e158e2bcf4d6169a8,,
[aa] Outputs\51.SAD\02.Diagrams\41.Modules\05.Modules\20.System Base\10.Information Views\05.Information View (Overview)\341.12.00.Base System LM - Information (Configuration) View.drawio,TARGET\[00] Management\[90] Review\[10] Classification Required\[56] 05.Information View (Overview)\_media\Base System LM - Information (Configuration) View.drawio,MEDIA,REVIEW,LOW,204,74ffcefd0473a5252303798c8d2df794986152da462cf1d93ae5ad013f396493,,
[aa] Outputs\51.SAD\02.Diagrams\41.Modules\05.Modules\20.System Base\10.Information Views\05.Information View (Overview)\341.13.06.Base System LM - Information (Content) View.drawio,TARGET\[60] Delivery\[40] Core Service\[10] Components and Modules\_media\Base System LM - Information (Content) View.drawio,MEDIA,SPLIT,MEDIUM,165,cf315038d710615df70d9386639ea50450a104fdb52e7e131226574a68aae4e0,,
[aa] Outputs\51.SAD\02.Diagrams\41.Modules\05.Modules\20.System Base\10.Information Views\05.Information View (Overview)\_placeholder.txt,TARGET\[60] Delivery\[40] Core Service\[10] Components and Modules\[61] 05.Information View (Overview)\[10 - SUPERSEDED] placeholder.txt,DOCUMENT,SPLIT,MEDIUM,177,e3b0c44298fc1c149afbf4c8996fb92427ae41e4649b934ca495991b7852b855,,
[aa] Outputs\51.SAD\02.Diagrams\41.Modules\05.Modules\20.System Base\10.Information Views\06.Information View (Entities)\01.Base System LM - Information View (Entities) - Diagnostics & Error Entities.drawio,TARGET\[00] Management\[90] Review\[10] Classification Required\[57] 06.Information View (Entities)\_media\Base System LM - Information View (Entities) - Diagnost~7916c064.drawio,MEDIA,REVIEW,LOW,219,435bdda3d6536b26970dbd61adb273d48968f43e38062f874fa7c97eb9840261,,
[aa] Outputs\51.SAD\02.Diagrams\41.Modules\05.Modules\20.System Base\10.Information Views\06.Information View (Entities)\11.Base System LM - Information View (Entities) - System Settings Managemement Entities.drawio,TARGET\[60] Delivery\[40] Core Service\[10] Components and Modules\_media\Base System LM - Information View (Entities) - System Settings Managemement Entities.drawio,MEDIA,SPLIT,MEDIUM,206,067e14d2a5c17a82241d9023eb5ed3d9895452d966fde20a93e8b9e034537ddb,,
[aa] Outputs\51.SAD\02.Diagrams\41.Modules\05.Modules\20.System Base\10.Information Views\06.Information View (Entities)\13.Base System LM - Information View (Entities) - Country Based Access Management Entities.drawio,TARGET\[00] Management\[90] Review\[10] Classification Required\[57] 06.Information View (Entities)\_media\Base System LM - Information View (Entities) - Country~688f5649.drawio,MEDIA,REVIEW,LOW,218,ff2a349d0e77d5ce2aee68d10a854fed78a51dfae317bb9273c2c5447abd1cfc,,
[aa] Outputs\51.SAD\02.Diagrams\41.Modules\05.Modules\20.System Base\10.Information Views\06.Information View (Entities)\341.11.105.Base System LM - Information View (Entities) - Contact Entities.drawio,TARGET\[60] Delivery\[40] Core Service\[10] Components and Modules\_media\Base System LM - Information View (Entities) - Contact Entities.drawio,MEDIA,SPLIT,MEDIUM,185,1419fafe6ccefd94dbe54a07513dcee71f3b036d8a380bf6635a85bf81b1bab6,,
[aa] Outputs\51.SAD\02.Diagrams\41.Modules\05.Modules\20.System Base\10.Information Views\06.Information View (Entities)\341.11.108.Base System LM - Information View (Entities) - Notifications.drawio,TARGET\[60] Delivery\[40] Core Service\[10] Components and Modules\_media\Base System LM - Information View (Entities) - Notifications.drawio,MEDIA,SPLIT,MEDIUM,182,8a7e281bc5a697d5b2d69000ab3d0db5dc721b3e5e171400111b16f6d7eb62a8,,
[aa] Outputs\51.SAD\02.Diagrams\41.Modules\05.Modules\20.System Base\10.Information Views\06.Information View (Entities)\341.11.109.Base System LM - Information View (Entities) - Status.drawio,TARGET\[60] Delivery\[40] Core Service\[10] Components and Modules\_media\Base System LM - Information View (Entities) - Status.drawio,MEDIA,SPLIT,MEDIUM,175,693e7274ee38eefcf232ff4b1d25bafc566c51e374563a2211a33b6c340f9da9,,
[aa] Outputs\51.SAD\02.Diagrams\41.Modules\05.Modules\20.System Base\10.Information Views\06.Information View (Entities)\341.11.112.Base System LM - Information View (Entities) - Statement Management Entities.drawio,TARGET\[60] Delivery\[40] Core Service\[10] Components and Modules\_media\Base System LM - Information View (Entities) - Statement Management Entities.drawio,MEDIA,SPLIT,MEDIUM,198,8548a42c8c667e045a4fee3b9fe1bd7e0ba531c6a93bec66f1bd6d6e62b3dd0e,,
[aa] Outputs\51.SAD\02.Diagrams\41.Modules\05.Modules\20.System Base\10.Information Views\06.Information View (Entities)\341.11.113.Base System LM - Information View (Entities) - Session Management Entities.drawio,TARGET\[60] Delivery\[40] Core Service\[10] Components and Modules\_media\Base System LM - Information View (Entities) - Session Management Entities.drawio,MEDIA,SPLIT,MEDIUM,196,f05f64d00548fd37921703c0900d77b3024d35688d00ea65e71f8ca73cfc10e6,,
[aa] Outputs\51.SAD\02.Diagrams\41.Modules\05.Modules\20.System Base\10.Information Views\06.Information View (Entities)\341.11.114.Base System LM - Information View (Entities) - Organisation Management Entities.drawio,TARGET\[60] Delivery\[40] Core Service\[10] Components and Modules\_media\Base System LM - Information View (Entities) - Organisation Management Entities.drawio,MEDIA,SPLIT,MEDIUM,201,de53d9ec8c9288b143cd96c24db9b792d736d8a5d658988e834e1cb93b142b46,,
[aa] Outputs\51.SAD\02.Diagrams\41.Modules\05.Modules\20.System Base\10.Information Views\06.Information View (Entities)\341.11.115.Base System LM - Information View (Entities) - Permission Management Entities.drawio,TARGET\[60] Delivery\[40] Core Service\[10] Components and Modules\_media\Base System LM - Information View (Entities) - Permission Management Entities.drawio,MEDIA,SPLIT,MEDIUM,199,ed6b6f8327132e356330041d1587aeb35f2e7f1b52930611c6ed39fad0e0d586,,
[aa] Outputs\51.SAD\02.Diagrams\41.Modules\05.Modules\20.System Base\10.Information Views\06.Information View (Entities)\341.11.116.Base System LM - Information View (Entities) - Resource Collection Mgmt Entities.drawio,TARGET\[60] Delivery\[40] Core Service\[10] Components and Modules\_media\Base System LM - Information View (Entities) - Resource Collection Mgmt Entities.drawio,MEDIA,SPLIT,MEDIUM,202,63540eea34021b7f82d84497aaec6dbf3cdb4b7b28a1c049c864765c8eddd3cf,,
[aa] Outputs\51.SAD\02.Diagrams\41.Modules\05.Modules\20.System Base\10.Information Views\06.Information View (Entities)\341.11.121.Base System LM - Information View (Entities) - Media Metadata Management Entities.drawio,TARGET\[60] Delivery\[40] Core Service\[10] Components and Modules\_media\Base System LM - Information View (Entities) - Media Metadata Management Entities.drawio,MEDIA,SPLIT,MEDIUM,203,be7af0cf9a92c24d15b326f6bfda1bbb6e281634328873fa38edffd23cb85d3a,,
[aa] Outputs\51.SAD\02.Diagrams\41.Modules\05.Modules\20.System Base\10.Information Views\06.Information View (Entities)\341.11.200.Base System LM - Information View (Entities) - Command Entities.drawio,TARGET\[60] Delivery\[40] Core Service\[10] Components and Modules\_media\Base System LM - Information View (Entities) - Command Entities.drawio,MEDIA,SPLIT,MEDIUM,185,a193e98c553ab245bb7e34ae99504d15154c25db8b67599476294651f77139ee,,
[aa] Outputs\51.SAD\02.Diagrams\41.Modules\05.Modules\20.System Base\10.Information Views\06.Information View (Entities)\_placeholder.txt,TARGET\[60] Delivery\[40] Core Service\[10] Components and Modules\[62] 06.Information View (Entities)\[10 - SUPERSEDED] placeholder.txt,DOCUMENT,SPLIT,MEDIUM,177,e3b0c44298fc1c149afbf4c8996fb92427ae41e4649b934ca495991b7852b855,,
[aa] Outputs\51.SAD\02.Diagrams\41.Modules\05.Modules\20.System Base\11.Sequence View\README.md,TARGET\[60] Delivery\[40] Core Service\[10] Components and Modules\[63] 11.Sequence View\[10] README.md,DOCUMENT,MERGE,HIGH,144,fbaf6721a1005517669fe08fdc0aaf275e8eaf95163da1429688a3ffedd533a3,,
[aa] Outputs\51.SAD\02.Diagrams\41.Modules\05.Modules\20.System Base\11.Sequence View\00._Images\_placeholder.txt,TARGET\[60] Delivery\[40] Core Service\[10] Components and Modules\[64] 00._Images\[10 - SUPERSEDED] placeholder.txt,DOCUMENT,MERGE,HIGH,157,e3b0c44298fc1c149afbf4c8996fb92427ae41e4649b934ca495991b7852b855,,
[aa] Outputs\51.SAD\02.Diagrams\41.Modules\05.Modules\20.System Base\11.Sequence View\01._Document\341.22.002.Base System LM - Sequence View - Intended Audience.drawio,TARGET\[60] Delivery\[40] Core Service\[10] Components and Modules\_media\Base System LM - Sequence View - Intended Audience.drawio,MEDIA,MERGE,HIGH,172,846471f9ab63bc6fa784fb81b2e21b1fefe70b05f0e5d146642cd82edf9502be,,
[aa] Outputs\51.SAD\02.Diagrams\41.Modules\05.Modules\20.System Base\11.Sequence View\01._Document\_placeholder.txt,TARGET\[60] Delivery\[40] Core Service\[10] Components and Modules\[65] 01._Document\[10 - SUPERSEDED] placeholder.txt,DOCUMENT,MERGE,HIGH,159,e3b0c44298fc1c149afbf4c8996fb92427ae41e4649b934ca495991b7852b855,,
[aa] Outputs\51.SAD\02.Diagrams\41.Modules\05.Modules\20.System Base\11.Sequence View\02._Resources\_placeholder.txt,TARGET\[60] Delivery\[40] Core Service\[10] Components and Modules\[66] 02._Resources\[10 - SUPERSEDED] placeholder.txt,DOCUMENT,MERGE,HIGH,160,e3b0c44298fc1c149afbf4c8996fb92427ae41e4649b934ca495991b7852b855,,
[aa] Outputs\51.SAD\02.Diagrams\41.Modules\05.Modules\20.System Base\11.Sequence View\02._Resources\01.Legacy\341.22.000.Base System LM - Sequence View - LEGACY.drawio,TARGET\[90] Closure\[10] Retirement\[10] Planning and Exit\_media\Base System LM - Sequence View - LEGACY.drawio,MEDIA,MERGE,HIGH,153,a15fee725ff99c323145388ba8b8367b4af1bada70f4dc3487bef75ba73cff01,,
[aa] Outputs\51.SAD\02.Diagrams\41.Modules\05.Modules\20.System Base\11.Sequence View\02._Resources\01.Legacy\_placeholder.txt,TARGET\[90] Closure\[10] Retirement\[10] Planning and Exit\[70 - SUPERSEDED] placeholder.txt,DOCUMENT,MERGE,HIGH,133,e3b0c44298fc1c149afbf4c8996fb92427ae41e4649b934ca495991b7852b855,,
[aa] Outputs\51.SAD\02.Diagrams\41.Modules\05.Modules\20.System Base\11.Sequence View\03._Concepts\_placeholder.txt,TARGET\[60] Delivery\[40] Core Service\[10] Components and Modules\[67] 03._Concepts\[10 - SUPERSEDED] placeholder.txt,DOCUMENT,MERGE,HIGH,159,e3b0c44298fc1c149afbf4c8996fb92427ae41e4649b934ca495991b7852b855,,
[aa] Outputs\51.SAD\02.Diagrams\41.Modules\05.Modules\20.System Base\11.Sequence View\04._Classification\341.22.051.Base System LM - Sequence View - Classification - Common Workflows.drawio,TARGET\[60] Delivery\[40] Core Service\[10] Components and Modules\_media\Base System LM - Sequence View - Classification - Common Workflows.drawio,MEDIA,MERGE,HIGH,188,41113f1a0a0f320dfce23e799b6a9f1aad3b88afefa2ebe5daa281fc8a70a873,,
[aa] Outputs\51.SAD\02.Diagrams\41.Modules\05.Modules\20.System Base\11.Sequence View\04._Classification\_placeholder.txt,TARGET\[60] Delivery\[40] Core Service\[10] Components and Modules\[68] 04._Classification\[10 - SUPERSEDED] placeholder.txt,DOCUMENT,MERGE,HIGH,165,e3b0c44298fc1c149afbf4c8996fb92427ae41e4649b934ca495991b7852b855,,
[aa] Outputs\51.SAD\02.Diagrams\41.Modules\05.Modules\20.System Base\11.Sequence View\05.Sequences View (Sequences)\341.22.061.Base System LM - Sequence View - Sign In.drawio,TARGET\[60] Delivery\[40] Core Service\[10] Components and Modules\_media\Base System LM - Sequence View - Sign In.drawio,MEDIA,SPLIT,MEDIUM,162,305adcfadf837d0a191ff0b1b3e0948227529a29a1ee3cf3425f467630ec1193,,
[aa] Outputs\51.SAD\02.Diagrams\41.Modules\05.Modules\20.System Base\11.Sequence View\05.Sequences View (Sequences)\341.22.102.Base System LM - Sequence View - Invite User to a Group Role.drawio,TARGET\[60] Delivery\[40] Core Service\[10] Components and Modules\_media\Base System LM - Sequence View - Invite User to a Group Role.drawio,MEDIA,SPLIT,MEDIUM,182,ee95f4e0d1b278d4e521141c1de407b15b84d275c4f79c640abba3621e49b8a2,,
[aa] Outputs\51.SAD\02.Diagrams\41.Modules\05.Modules\20.System Base\11.Sequence View\05.Sequences View (Sequences)\341.22.103.Base System LM - Sequence View - Develop & Publish Group Terms.drawio,TARGET\[60] Delivery\[40] Core Service\[10] Components and Modules\_media\Base System LM - Sequence View - Develop & Publish Group Terms.drawio,MEDIA,SPLIT,MEDIUM,184,eb54e654d8021123e50540a8361fa208fbcedb77aa2ba8423e77e5ebb1ac4e91,,
[aa] Outputs\51.SAD\02.Diagrams\41.Modules\05.Modules\20.System Base\11.Sequence View\05.Sequences View (Sequences)\341.22.111.Base System LM - Sequence View - Develop & Publish Self-Expiring Notifications.drawio,TARGET\[60] Delivery\[40] Core Service\[10] Components and Modules\_media\Base System LM - Sequence View - Develop & Publish Self-Expiring Notifications.drawio,MEDIA,SPLIT,MEDIUM,200,e2d4840c7b7b2ef6ba07ede9102d3860be83be59bc5d89deda32764c2b428dd1,,
[aa] Outputs\51.SAD\02.Diagrams\41.Modules\05.Modules\20.System Base\11.Sequence View\05.Sequences View (Sequences)\341.22.112.Base System LM - Sequence View - Develop & Publish Self-Expiring Group Notifications.drawio,TARGET\[60] Delivery\[40] Core Service\[10] Components and Modules\_media\Base System LM - Sequence View - Develop & Publish Self-Expiring Group Notifications.drawio,MEDIA,SPLIT,MEDIUM,206,e2d4840c7b7b2ef6ba07ede9102d3860be83be59bc5d89deda32764c2b428dd1,,
[aa] Outputs\51.SAD\02.Diagrams\41.Modules\05.Modules\20.System Base\11.Sequence View\05.Sequences View (Sequences)\Base System LM - Sequence View - Consent Authorisation.drawio,TARGET\[60] Delivery\[40] Core Service\[10] Components and Modules\_media\Base System LM - Sequence View - Consent Authorisation.drawio,MEDIA,SPLIT,MEDIUM,176,449ad3b5873d46fa0ae45f2479c7bd19dd407852918a308d17dd407bae9ab98d,,
[aa] Outputs\51.SAD\02.Diagrams\41.Modules\05.Modules\20.System Base\11.Sequence View\05.Sequences View (Sequences)\Base System LM - Sequence View - Invite to Person for Resource.drawio,TARGET\[60] Delivery\[40] Core Service\[10] Components and Modules\_media\Base System LM - Sequence View - Invite to Person for Resource.drawio,MEDIA,SPLIT,MEDIUM,184,940e75f59abeda5b6b2e37d8b058e452f1ca3f70e1f2707dca4c6aab03c93e8a,,
[aa] Outputs\51.SAD\02.Diagrams\41.Modules\05.Modules\20.System Base\11.Sequence View\05.Sequences View (Sequences)\_placeholder.txt,TARGET\[60] Delivery\[40] Core Service\[10] Components and Modules\[69] 05.Sequences View (Sequences)\[10 - SUPERSEDED] placeholder.txt,DOCUMENT,SPLIT,MEDIUM,176,e3b0c44298fc1c149afbf4c8996fb92427ae41e4649b934ca495991b7852b855,,
[aa] Outputs\51.SAD\02.Diagrams\41.Modules\05.Modules\20.System Base\12.Integration View\README.md,TARGET\[60] Delivery\[50] Integrations\[10] APIs and Endpoints\[70] README.md,DOCUMENT,MERGE,HIGH,118,fbaf6721a1005517669fe08fdc0aaf275e8eaf95163da1429688a3ffedd533a3,,
[aa] Outputs\51.SAD\02.Diagrams\41.Modules\05.Modules\20.System Base\12.Integration View\00._Images\_placeholder.txt,TARGET\[60] Delivery\[50] Integrations\[10] APIs and Endpoints\[10 - SUPERSEDED] placeholder.txt,DOCUMENT,MERGE,HIGH,137,e3b0c44298fc1c149afbf4c8996fb92427ae41e4649b934ca495991b7852b855,,
[aa] Outputs\51.SAD\02.Diagrams\41.Modules\05.Modules\20.System Base\12.Integration View\01._Document\_placeholder.txt,TARGET\[60] Delivery\[50] Integrations\[10] APIs and Endpoints\[15 - SUPERSEDED] placeholder.txt,DOCUMENT,MERGE,HIGH,137,e3b0c44298fc1c149afbf4c8996fb92427ae41e4649b934ca495991b7852b855,,
[aa] Outputs\51.SAD\02.Diagrams\41.Modules\05.Modules\20.System Base\12.Integration View\02._Resources\_placeholder.txt,TARGET\[60] Delivery\[50] Integrations\[10] APIs and Endpoints\[20 - SUPERSEDED] placeholder.txt,DOCUMENT,MERGE,HIGH,137,e3b0c44298fc1c149afbf4c8996fb92427ae41e4649b934ca495991b7852b855,,
[aa] Outputs\51.SAD\02.Diagrams\41.Modules\05.Modules\20.System Base\12.Integration View\02._Resources\01._Legacy\_placeholder.txt,TARGET\[90] Closure\[10] Retirement\[10] Planning and Exit\[75 - SUPERSEDED] placeholder.txt,DOCUMENT,MERGE,HIGH,133,e3b0c44298fc1c149afbf4c8996fb92427ae41e4649b934ca495991b7852b855,,
[aa] Outputs\51.SAD\02.Diagrams\41.Modules\05.Modules\20.System Base\12.Integration View\03._Concepts\_placeholder.txt,TARGET\[60] Delivery\[50] Integrations\[10] APIs and Endpoints\[25 - SUPERSEDED] placeholder.txt,DOCUMENT,MERGE,HIGH,137,e3b0c44298fc1c149afbf4c8996fb92427ae41e4649b934ca495991b7852b855,,
[aa] Outputs\51.SAD\02.Diagrams\41.Modules\05.Modules\20.System Base\12.Integration View\04._Categorisation\_placeholder.txt,TARGET\[60] Delivery\[50] Integrations\[10] APIs and Endpoints\[30 - SUPERSEDED] placeholder.txt,DOCUMENT,MERGE,HIGH,137,e3b0c44298fc1c149afbf4c8996fb92427ae41e4649b934ca495991b7852b855,,
[aa] Outputs\51.SAD\02.Diagrams\41.Modules\05.Modules\20.System Base\12.Integration View\05.Integrations View (Integrations)\341.31.00.Base System LM - Integration View.drawio,TARGET\[60] Delivery\[50] Integrations\[10] APIs and Endpoints\_media\Base System LM - Integration View.drawio,MEDIA,MERGE,HIGH,151,64aa9c610630b2babf2c101f3830400dd2c7b57fb608881198498b6f3070a4d2,,
[aa] Outputs\51.SAD\02.Diagrams\41.Modules\05.Modules\20.System Base\12.Integration View\05.Integrations View (Integrations)\_placeholder.txt,TARGET\[60] Delivery\[50] Integrations\[10] APIs and Endpoints\[35 - SUPERSEDED] placeholder.txt,DOCUMENT,MERGE,HIGH,137,e3b0c44298fc1c149afbf4c8996fb92427ae41e4649b934ca495991b7852b855,,
[aa] Outputs\51.SAD\02.Diagrams\41.Modules\05.Modules\20.System Base\14._Development View\README.md,TARGET\[60] Delivery\[40] Core Service\[10] Components and Modules\[70] 14._Development View\[10] README.md,DOCUMENT,MERGE,HIGH,148,fbaf6721a1005517669fe08fdc0aaf275e8eaf95163da1429688a3ffedd533a3,,
[aa] Outputs\51.SAD\02.Diagrams\41.Modules\05.Modules\20.System Base\14._Development View\00._Images\_placeholder.txt,TARGET\[60] Delivery\[40] Core Service\[10] Components and Modules\[71] 00._Images\[10 - SUPERSEDED] placeholder.txt,DOCUMENT,MERGE,HIGH,157,e3b0c44298fc1c149afbf4c8996fb92427ae41e4649b934ca495991b7852b855,,
[aa] Outputs\51.SAD\02.Diagrams\41.Modules\05.Modules\20.System Base\14._Development View\01._Document\_placeholder.txt,TARGET\[60] Delivery\[40] Core Service\[10] Components and Modules\[72] 01._Document\[10 - SUPERSEDED] placeholder.txt,DOCUMENT,MERGE,HIGH,159,e3b0c44298fc1c149afbf4c8996fb92427ae41e4649b934ca495991b7852b855,,
[aa] Outputs\51.SAD\02.Diagrams\41.Modules\05.Modules\20.System Base\14._Development View\02.Resources\_placeholder.txt,TARGET\[60] Delivery\[40] Core Service\[10] Components and Modules\[73] 02.Resources\[10 - SUPERSEDED] placeholder.txt,DOCUMENT,MERGE,HIGH,159,e3b0c44298fc1c149afbf4c8996fb92427ae41e4649b934ca495991b7852b855,,
[aa] Outputs\51.SAD\02.Diagrams\41.Modules\05.Modules\20.System Base\14._Development View\02.Resources\01.Legacy\341.31.00.Base System LM - Development View - Diagrams (LEGACY).drawio,TARGET\[90] Closure\[10] Retirement\[10] Planning and Exit\_media\Base System LM - Development View - Diagrams (LEGACY).drawio,MEDIA,MERGE,HIGH,167,0017bc2fb4df12729dee8c3487bb32d6fee17d36377fee4b0f77d04675c8ea0e,,
[aa] Outputs\51.SAD\02.Diagrams\41.Modules\05.Modules\20.System Base\14._Development View\02.Resources\01.Legacy\_placeholder.txt,TARGET\[90] Closure\[10] Retirement\[10] Planning and Exit\[80 - SUPERSEDED] placeholder.txt,DOCUMENT,MERGE,HIGH,133,e3b0c44298fc1c149afbf4c8996fb92427ae41e4649b934ca495991b7852b855,,
[aa] Outputs\51.SAD\02.Diagrams\41.Modules\05.Modules\20.System Base\14._Development View\03._Concepts\_placeholder.txt,TARGET\[60] Delivery\[40] Core Service\[10] Components and Modules\[74] 03._Concepts\[10 - SUPERSEDED] placeholder.txt,DOCUMENT,MERGE,HIGH,159,e3b0c44298fc1c149afbf4c8996fb92427ae41e4649b934ca495991b7852b855,,
[aa] Outputs\51.SAD\02.Diagrams\41.Modules\05.Modules\20.System Base\14._Development View\04._Categorisation\_placeholder.txt,TARGET\[60] Delivery\[40] Core Service\[10] Components and Modules\[75] 04._Categorisation\[10 - SUPERSEDED] placeholder.txt,DOCUMENT,MERGE,HIGH,165,e3b0c44298fc1c149afbf4c8996fb92427ae41e4649b934ca495991b7852b855,,
[aa] Outputs\51.SAD\02.Diagrams\41.Modules\05.Modules\20.System Base\14._Development View\05.Development Views (Constraints)\_placeholder.txt,TARGET\[60] Delivery\[40] Core Service\[10] Components and Modules\[76] 05.Development Views (Constraints)\[10 - SUPERSEDED] placeholder.txt,DOCUMENT,MERGE,HIGH,181,e3b0c44298fc1c149afbf4c8996fb92427ae41e4649b934ca495991b7852b855,,
[aa] Outputs\51.SAD\02.Diagrams\41.Modules\05.Modules\20.System Base\14._Development View\06.Development Views (Patterns)\_placeholder.txt,TARGET\[60] Delivery\[40] Core Service\[10] Components and Modules\[77] 06.Development Views (Patterns)\[10 - SUPERSEDED] placeholder.txt,DOCUMENT,MERGE,HIGH,178,e3b0c44298fc1c149afbf4c8996fb92427ae41e4649b934ca495991b7852b855,,
[aa] Outputs\51.SAD\02.Diagrams\41.Modules\05.Modules\20.System Base\14._Development View\08.Development Views (Services)\341.34.00.Base System LM - Development (Services) View - Diagrams (1).drawio,TARGET\[60] Delivery\[40] Core Service\[10] Components and Modules\_media\Base System LM - Development (Services) View - Diagrams (1).drawio,MEDIA,MERGE,HIGH,181,a79ee8b43e6b6d75a400b6bd050dcfe0b16dded9f2c2440bc3f28bf1babfbef8,,
[aa] Outputs\51.SAD\02.Diagrams\41.Modules\05.Modules\20.System Base\14._Development View\08.Development Views (Services)\341.34.00.Base System LM - Development (Services) View.drawio,TARGET\[60] Delivery\[40] Core Service\[10] Components and Modules\_media\Base System LM - Development (Services) View.drawio,MEDIA,MERGE,HIGH,166,c6f5d7c8f4f939fd3e9aef19d7263c6d388909118ce4f7016e76314b069bd2d9,,
[aa] Outputs\51.SAD\02.Diagrams\41.Modules\05.Modules\20.System Base\14._Development View\08.Development Views (Services)\_placeholder.txt,TARGET\[60] Delivery\[40] Core Service\[10] Components and Modules\[78] 08.Development Views (Services)\[10 - SUPERSEDED] placeholder.txt,DOCUMENT,MERGE,HIGH,178,e3b0c44298fc1c149afbf4c8996fb92427ae41e4649b934ca495991b7852b855,,
[aa] Outputs\51.SAD\02.Diagrams\41.Modules\05.Modules\20.System Base\14._Development View\09.Development View (Models)\341.35.00.Base System LM - Development (Models) View.drawio,TARGET\[60] Delivery\[40] Core Service\[10] Components and Modules\_media\Base System LM - Development (Models) View.drawio,MEDIA,MERGE,HIGH,164,e110ce3f34540f760841e9890b495168624b5188699df783aefe06d4abfdf144,,
[aa] Outputs\51.SAD\02.Diagrams\41.Modules\05.Modules\20.System Base\14._Development View\09.Development View (Models)\_placeholder.txt,TARGET\[60] Delivery\[40] Core Service\[10] Components and Modules\[79] 09.Development View (Models)\[10 - SUPERSEDED] placeholder.txt,DOCUMENT,MERGE,HIGH,175,e3b0c44298fc1c149afbf4c8996fb92427ae41e4649b934ca495991b7852b855,,
[aa] Outputs\51.SAD\02.Diagrams\41.Modules\05.Modules\20.System Base\21._C&A View\README.md,TARGET\[60] Delivery\[40] Core Service\[10] Components and Modules\[80] 21._C&A View\[20] README.md,DOCUMENT,MERGE,HIGH,140,fbaf6721a1005517669fe08fdc0aaf275e8eaf95163da1429688a3ffedd533a3,,
[aa] Outputs\51.SAD\02.Diagrams\41.Modules\05.Modules\20.System Base\21._C&A View\_placeholder.txt,TARGET\[60] Delivery\[40] Core Service\[10] Components and Modules\[80] 21._C&A View\[10 - SUPERSEDED] placeholder.txt,DOCUMENT,MERGE,HIGH,159,e3b0c44298fc1c149afbf4c8996fb92427ae41e4649b934ca495991b7852b855,,
[aa] Outputs\51.SAD\02.Diagrams\41.Modules\05.Modules\22.Media\345.Media LM.drawio,TARGET\[60] Delivery\[40] Core Service\[10] Components and Modules\_media\Media LM.drawio,MEDIA,MERGE,HIGH,130,eb8cb87adf68d27daac34db46975bd3914cd6b5a4c1d9583ce0bc9e64f179568,,
[aa] Outputs\51.SAD\02.Diagrams\41.Modules\05.Modules\22.Media\00._Document View\README.md,TARGET\[60] Delivery\[40] Core Service\[10] Components and Modules\[81] 00._Document View\[20] README.md,DOCUMENT,MERGE,HIGH,145,fbaf6721a1005517669fe08fdc0aaf275e8eaf95163da1429688a3ffedd533a3,,
[aa] Outputs\51.SAD\02.Diagrams\41.Modules\05.Modules\22.Media\00._Document View\_placeholder.txt,TARGET\[60] Delivery\[40] Core Service\[10] Components and Modules\[81] 00._Document View\[10 - SUPERSEDED] placeholder.txt,DOCUMENT,MERGE,HIGH,164,e3b0c44298fc1c149afbf4c8996fb92427ae41e4649b934ca495991b7852b855,,
[aa] Outputs\51.SAD\02.Diagrams\41.Modules\05.Modules\22.Media\01._Context View\README.md,TARGET\[60] Delivery\[40] Core Service\[10] Components and Modules\[82] 01._Context View\[20] README.md,DOCUMENT,MERGE,HIGH,144,fbaf6721a1005517669fe08fdc0aaf275e8eaf95163da1429688a3ffedd533a3,,
[aa] Outputs\51.SAD\02.Diagrams\41.Modules\05.Modules\22.Media\01._Context View\_placeholder.txt,TARGET\[60] Delivery\[40] Core Service\[10] Components and Modules\[82] 01._Context View\[10 - SUPERSEDED] placeholder.txt,DOCUMENT,MERGE,HIGH,163,e3b0c44298fc1c149afbf4c8996fb92427ae41e4649b934ca495991b7852b855,,
[aa] Outputs\51.SAD\02.Diagrams\41.Modules\05.Modules\22.Media\02._Delivery View\README.md,TARGET\[60] Delivery\[40] Core Service\[10] Components and Modules\[83] 02._Delivery View\[20] README.md,DOCUMENT,MERGE,HIGH,145,fbaf6721a1005517669fe08fdc0aaf275e8eaf95163da1429688a3ffedd533a3,,
[aa] Outputs\51.SAD\02.Diagrams\41.Modules\05.Modules\22.Media\02._Delivery View\_placeholder.txt,TARGET\[60] Delivery\[40] Core Service\[10] Components and Modules\[83] 02._Delivery View\[10 - SUPERSEDED] placeholder.txt,DOCUMENT,MERGE,HIGH,164,e3b0c44298fc1c149afbf4c8996fb92427ae41e4649b934ca495991b7852b855,,
[aa] Outputs\51.SAD\02.Diagrams\41.Modules\05.Modules\22.Media\03._Qualities View\README.md,TARGET\[60] Delivery\[40] Core Service\[10] Components and Modules\[84] 03._Qualities View\[20] README.md,DOCUMENT,MERGE,HIGH,146,fbaf6721a1005517669fe08fdc0aaf275e8eaf95163da1429688a3ffedd533a3,,
[aa] Outputs\51.SAD\02.Diagrams\41.Modules\05.Modules\22.Media\03._Qualities View\_placeholder.txt,TARGET\[60] Delivery\[40] Core Service\[10] Components and Modules\[84] 03._Qualities View\[10 - SUPERSEDED] placeholder.txt,DOCUMENT,MERGE,HIGH,165,e3b0c44298fc1c149afbf4c8996fb92427ae41e4649b934ca495991b7852b855,,
[aa] Outputs\51.SAD\02.Diagrams\41.Modules\05.Modules\22.Media\04._Discovery View\README.md,TARGET\[60] Delivery\[40] Core Service\[10] Components and Modules\[85] 04._Discovery View\[20] README.md,DOCUMENT,MERGE,HIGH,146,fbaf6721a1005517669fe08fdc0aaf275e8eaf95163da1429688a3ffedd533a3,,
[aa] Outputs\51.SAD\02.Diagrams\41.Modules\05.Modules\22.Media\04._Discovery View\_placeholder.txt,TARGET\[60] Delivery\[40] Core Service\[10] Components and Modules\[85] 04._Discovery View\[10 - SUPERSEDED] placeholder.txt,DOCUMENT,MERGE,HIGH,165,e3b0c44298fc1c149afbf4c8996fb92427ae41e4649b934ca495991b7852b855,,
[aa] Outputs\51.SAD\02.Diagrams\41.Modules\05.Modules\22.Media\05._Definition View\README.md,TARGET\[60] Delivery\[40] Core Service\[10] Components and Modules\[86] 05._Definition View\[20] README.md,DOCUMENT,MERGE,HIGH,147,fbaf6721a1005517669fe08fdc0aaf275e8eaf95163da1429688a3ffedd533a3,,
[aa] Outputs\51.SAD\02.Diagrams\41.Modules\05.Modules\22.Media\05._Definition View\_placeholder.txt,TARGET\[60] Delivery\[40] Core Service\[10] Components and Modules\[86] 05._Definition View\[10 - SUPERSEDED] placeholder.txt,DOCUMENT,MERGE,HIGH,166,e3b0c44298fc1c149afbf4c8996fb92427ae41e4649b934ca495991b7852b855,,
[aa] Outputs\51.SAD\02.Diagrams\41.Modules\05.Modules\22.Media\06._Capabilities View\README.md,TARGET\[60] Delivery\[40] Core Service\[10] Components and Modules\[87] 06._Capabilities View\[20] README.md,DOCUMENT,MERGE,HIGH,149,fbaf6721a1005517669fe08fdc0aaf275e8eaf95163da1429688a3ffedd533a3,,
[aa] Outputs\51.SAD\02.Diagrams\41.Modules\05.Modules\22.Media\06._Capabilities View\_placeholder.txt,TARGET\[60] Delivery\[40] Core Service\[10] Components and Modules\[87] 06._Capabilities View\[10 - SUPERSEDED] placeholder.txt,DOCUMENT,MERGE,HIGH,168,e3b0c44298fc1c149afbf4c8996fb92427ae41e4649b934ca495991b7852b855,,
[aa] Outputs\51.SAD\02.Diagrams\41.Modules\05.Modules\22.Media\07._Use Cases View\README.md,TARGET\[60] Delivery\[40] Core Service\[10] Components and Modules\[88] 07._Use Cases View\[20] README.md,DOCUMENT,MERGE,HIGH,146,fbaf6721a1005517669fe08fdc0aaf275e8eaf95163da1429688a3ffedd533a3,,
[aa] Outputs\51.SAD\02.Diagrams\41.Modules\05.Modules\22.Media\07._Use Cases View\_placeholder.txt,TARGET\[60] Delivery\[40] Core Service\[10] Components and Modules\[88] 07._Use Cases View\[10 - SUPERSEDED] placeholder.txt,DOCUMENT,MERGE,HIGH,165,e3b0c44298fc1c149afbf4c8996fb92427ae41e4649b934ca495991b7852b855,,
[aa] Outputs\51.SAD\02.Diagrams\41.Modules\05.Modules\22.Media\08._Functionality View\README.md,TARGET\[60] Delivery\[40] Core Service\[10] Components and Modules\[89] 08._Functionality View\[20] README.md,DOCUMENT,MERGE,HIGH,150,fbaf6721a1005517669fe08fdc0aaf275e8eaf95163da1429688a3ffedd533a3,,
[aa] Outputs\51.SAD\02.Diagrams\41.Modules\05.Modules\22.Media\08._Functionality View\_placeholder.txt,TARGET\[60] Delivery\[40] Core Service\[10] Components and Modules\[89] 08._Functionality View\[10 - SUPERSEDED] placeholder.txt,DOCUMENT,MERGE,HIGH,169,e3b0c44298fc1c149afbf4c8996fb92427ae41e4649b934ca495991b7852b855,,
[aa] Outputs\51.SAD\02.Diagrams\41.Modules\05.Modules\22.Media\09._Interoperability View\README.md,TARGET\[60] Delivery\[50] Integrations\[40] Interoperability and Discovery\[80] README.md,DOCUMENT,MERGE,HIGH,130,fbaf6721a1005517669fe08fdc0aaf275e8eaf95163da1429688a3ffedd533a3,,
[aa] Outputs\51.SAD\02.Diagrams\41.Modules\05.Modules\22.Media\09._Interoperability View\_placeholder.txt,TARGET\[60] Delivery\[50] Integrations\[40] Interoperability and Discovery\[66 - SUPERSEDED] placeholder.txt,DOCUMENT,MERGE,HIGH,149,e3b0c44298fc1c149afbf4c8996fb92427ae41e4649b934ca495991b7852b855,,
[aa] Outputs\51.SAD\02.Diagrams\41.Modules\05.Modules\22.Media\10._Information View\README.md,TARGET\[60] Delivery\[40] Core Service\[10] Components and Modules\[90] 10._Information View\[20] README.md,DOCUMENT,MERGE,HIGH,148,fbaf6721a1005517669fe08fdc0aaf275e8eaf95163da1429688a3ffedd533a3,,
[aa] Outputs\51.SAD\02.Diagrams\41.Modules\05.Modules\22.Media\10._Information View\_placeholder.txt,TARGET\[60] Delivery\[40] Core Service\[10] Components and Modules\[90] 10._Information View\[10 - SUPERSEDED] placeholder.txt,DOCUMENT,MERGE,HIGH,167,e3b0c44298fc1c149afbf4c8996fb92427ae41e4649b934ca495991b7852b855,,
[aa] Outputs\51.SAD\02.Diagrams\41.Modules\05.Modules\22.Media\11._Sequence View\README.md,TARGET\[60] Delivery\[40] Core Service\[10] Components and Modules\[91] 11._Sequence View\[20] README.md,DOCUMENT,MERGE,HIGH,145,fbaf6721a1005517669fe08fdc0aaf275e8eaf95163da1429688a3ffedd533a3,,
[aa] Outputs\51.SAD\02.Diagrams\41.Modules\05.Modules\22.Media\11._Sequence View\_placeholder.txt,TARGET\[60] Delivery\[40] Core Service\[10] Components and Modules\[91] 11._Sequence View\[10 - SUPERSEDED] placeholder.txt,DOCUMENT,MERGE,HIGH,164,e3b0c44298fc1c149afbf4c8996fb92427ae41e4649b934ca495991b7852b855,,
[aa] Outputs\51.SAD\02.Diagrams\41.Modules\05.Modules\22.Media\12._Integration View\README.md,TARGET\[60] Delivery\[50] Integrations\[10] APIs and Endpoints\[75] README.md,DOCUMENT,MERGE,HIGH,118,fbaf6721a1005517669fe08fdc0aaf275e8eaf95163da1429688a3ffedd533a3,,
[aa] Outputs\51.SAD\02.Diagrams\41.Modules\05.Modules\22.Media\12._Integration View\_placeholder.txt,TARGET\[60] Delivery\[50] Integrations\[10] APIs and Endpoints\[40 - SUPERSEDED] placeholder.txt,DOCUMENT,MERGE,HIGH,137,e3b0c44298fc1c149afbf4c8996fb92427ae41e4649b934ca495991b7852b855,,
[aa] Outputs\51.SAD\02.Diagrams\41.Modules\05.Modules\22.Media\13._Deployment View\README.md,TARGET\[60] Delivery\[80] Release and Deployment\[20] Deployment\[28] README.md,DOCUMENT,MERGE,HIGH,120,fbaf6721a1005517669fe08fdc0aaf275e8eaf95163da1429688a3ffedd533a3,,
[aa] Outputs\51.SAD\02.Diagrams\41.Modules\05.Modules\22.Media\13._Deployment View\_placeholder.txt,TARGET\[60] Delivery\[80] Release and Deployment\[20] Deployment\[08 - SUPERSEDED] placeholder.txt,DOCUMENT,MERGE,HIGH,139,e3b0c44298fc1c149afbf4c8996fb92427ae41e4649b934ca495991b7852b855,,
[aa] Outputs\51.SAD\02.Diagrams\41.Modules\05.Modules\22.Media\14._Development View\README.md,TARGET\[60] Delivery\[40] Core Service\[10] Components and Modules\[92] 14._Development View\[20] README.md,DOCUMENT,MERGE,HIGH,148,fbaf6721a1005517669fe08fdc0aaf275e8eaf95163da1429688a3ffedd533a3,,
[aa] Outputs\51.SAD\02.Diagrams\41.Modules\05.Modules\22.Media\14._Development View\_placeholder.txt,TARGET\[60] Delivery\[40] Core Service\[10] Components and Modules\[92] 14._Development View\[10 - SUPERSEDED] placeholder.txt,DOCUMENT,MERGE,HIGH,167,e3b0c44298fc1c149afbf4c8996fb92427ae41e4649b934ca495991b7852b855,,
[aa] Outputs\51.SAD\02.Diagrams\41.Modules\05.Modules\22.Media\15._Implementation View\README.md,TARGET\[60] Delivery\[80] Release and Deployment\[20] Deployment\[30] README.md,DOCUMENT,MERGE,HIGH,120,fbaf6721a1005517669fe08fdc0aaf275e8eaf95163da1429688a3ffedd533a3,,
[aa] Outputs\51.SAD\02.Diagrams\41.Modules\05.Modules\22.Media\15._Implementation View\_placeholder.txt,TARGET\[60] Delivery\[80] Release and Deployment\[20] Deployment\[10 - SUPERSEDED] placeholder.txt,DOCUMENT,MERGE,HIGH,139,e3b0c44298fc1c149afbf4c8996fb92427ae41e4649b934ca495991b7852b855,,
[aa] Outputs\51.SAD\02.Diagrams\41.Modules\05.Modules\22.Media\16._Transition View\README.md,TARGET\[70] Transition\[50] Transition\[10] Cutover and Stabilisation\[35] README.md,DOCUMENT,MERGE,HIGH,125,fbaf6721a1005517669fe08fdc0aaf275e8eaf95163da1429688a3ffedd533a3,,
[aa] Outputs\51.SAD\02.Diagrams\41.Modules\05.Modules\22.Media\16._Transition View\_placeholder.txt,TARGET\[70] Transition\[50] Transition\[10] Cutover and Stabilisation\[10 - SUPERSEDED] placeholder.txt,DOCUMENT,MERGE,HIGH,144,e3b0c44298fc1c149afbf4c8996fb92427ae41e4649b934ca495991b7852b855,,
[aa] Outputs\51.SAD\02.Diagrams\41.Modules\05.Modules\22.Media\21._C&A View\README.md,TARGET\[60] Delivery\[40] Core Service\[10] Components and Modules\[93] 21._C&A View\[20] README.md,DOCUMENT,MERGE,HIGH,140,fbaf6721a1005517669fe08fdc0aaf275e8eaf95163da1429688a3ffedd533a3,,
[aa] Outputs\51.SAD\02.Diagrams\41.Modules\05.Modules\22.Media\21._C&A View\_placeholder.txt,TARGET\[60] Delivery\[40] Core Service\[10] Components and Modules\[93] 21._C&A View\[10 - SUPERSEDED] placeholder.txt,DOCUMENT,MERGE,HIGH,159,e3b0c44298fc1c149afbf4c8996fb92427ae41e4649b934ca495991b7852b855,,
[aa] Outputs\51.SAD\02.Diagrams\41.Modules\05.Modules\22.Media\Untitled folder\342.00.000.Media LM - LEGACY.drawio,TARGET\[60] Delivery\[40] Core Service\[10] Components and Modules\_media\Media LM - LEGACY.drawio,MEDIA,SPLIT,MEDIUM,139,875f7dc028df39d2624de2ffd8f329df450e88451f6b12a707c27f3cba533a9f,,
[aa] Outputs\51.SAD\02.Diagrams\41.Modules\05.Modules\22.Media\Untitled folder\342.00.001.Media LM - Document View - Title Page.drawio,TARGET\[60] Delivery\[40] Core Service\[10] Components and Modules\_media\Media LM - Document View - Title Page.drawio,MEDIA,SPLIT,MEDIUM,159,d9a8ae3079c4fdad0473b4b48910968ce29191eae7bb997e624566d70e801a79,,
[aa] Outputs\51.SAD\02.Diagrams\41.Modules\05.Modules\22.Media\Untitled folder\342.00.002.Media LM - Document View - Intended Audience.drawio,TARGET\[60] Delivery\[40] Core Service\[10] Components and Modules\_media\Media LM - Document View - Intended Audience.drawio,MEDIA,SPLIT,MEDIUM,166,ccfb93d6a36bf9bcdafcb6031a6c8ccb4b7432a59a046680f620ce9d7e719e9f,,
[aa] Outputs\51.SAD\02.Diagrams\41.Modules\05.Modules\22.Media\Untitled folder\342.00.031.Media LM - Indicative Epic Delivery Sequencing.drawio,TARGET\[60] Delivery\[40] Core Service\[10] Components and Modules\_media\Media LM - Indicative Epic Delivery Sequencing.drawio,MEDIA,SPLIT,MEDIUM,168,91a6abe3bdd517eece7e1d0d8d1979969c974637dc91d21ee7680c35836065ca,,
[aa] Outputs\51.SAD\02.Diagrams\41.Modules\05.Modules\22.Media\Untitled folder\342.00.061.Media LM - Common Ontology Options.drawio,TARGET\[60] Delivery\[40] Core Service\[10] Components and Modules\_media\Media LM - Common Ontology Options.drawio,MEDIA,SPLIT,MEDIUM,156,692d8c62e3c5e3f994af91fe641eb6692e536df6e477b4bd6da794c09d67560f,,
[aa] Outputs\51.SAD\02.Diagrams\41.Modules\05.Modules\22.Media\Untitled folder\342.00.100.Functionality View\342.00.101.Media LM - Functionality View - Functionality Groups.drawio,TARGET\[60] Delivery\[40] Core Service\[10] Components and Modules\_media\Media LM - Functionality View - Functionality Groups.drawio,MEDIA,MERGE,HIGH,174,fd907330332f49fe43c8eae6e75d16f7300fc4c30d43c9a52ada988e1358c694,,
[aa] Outputs\51.SAD\02.Diagrams\41.Modules\05.Modules\22.Media\Untitled folder\342.00.100.Functionality View\342.00.102.Media LM - Functionality View - Functionality Conceptual.drawio,TARGET\[60] Delivery\[40] Core Service\[10] Components and Modules\_media\Media LM - Functionality View - Functionality Conceptual.drawio,MEDIA,MERGE,HIGH,178,fd907330332f49fe43c8eae6e75d16f7300fc4c30d43c9a52ada988e1358c694,,
[aa] Outputs\51.SAD\02.Diagrams\41.Modules\05.Modules\22.Media\Untitled folder\342.00.100.Functionality View\342.00.103.Media LM - Functionality View - Media Functions.drawio,TARGET\[60] Delivery\[40] Core Service\[10] Components and Modules\_media\Media LM - Functionality View - Media Functions.drawio,MEDIA,MERGE,HIGH,169,bcf85b4dd564553eb651833822179029175dca442e165b5300435d9f5b256cc3,,
[aa] Outputs\51.SAD\02.Diagrams\41.Modules\05.Modules\22.Media\Untitled folder\342.00.121.Media LM - Development Views\342.00.131.Media LM - Development View - Decisions.drawio,TARGET\[60] Delivery\[40] Core Service\[10] Components and Modules\_media\Media LM - Development View - Decisions.drawio,MEDIA,SPLIT,MEDIUM,161,3300745e751df8a96435a532a4292285a955d16a05ef64e9f51e88a2cf77a7d0,,
[aa] Outputs\51.SAD\02.Diagrams\41.Modules\05.Modules\22.Media\Untitled folder\342.00.121.Media LM - Development Views\342.00.132.Media LM - Development View - DTOs.drawio,TARGET\[60] Delivery\[40] Core Service\[10] Components and Modules\_media\Media LM - Development View - DTOs.drawio,MEDIA,SPLIT,MEDIUM,156,3300745e751df8a96435a532a4292285a955d16a05ef64e9f51e88a2cf77a7d0,,
[aa] Outputs\51.SAD\02.Diagrams\41.Modules\05.Modules\22.Media\Untitled folder\342.00.121.Media LM - Development Views\342.00.133.Media LM - Development View - System Messages.drawio,TARGET\[60] Delivery\[40] Core Service\[10] Components and Modules\_media\Media LM - Development View - System Messages.drawio,MEDIA,SPLIT,MEDIUM,167,97afb41c2978299dadacbb1a37a48061fa0256f09fa05fc56364c55ba66b958c,,
[aa] Outputs\51.SAD\02.Diagrams\41.Modules\05.Modules\22.Media\Untitled folder\342.00.121.Media LM - Development Views\342.00.134.Media LM - Development View - Technologies.drawio,TARGET\[60] Delivery\[40] Core Service\[10] Components and Modules\_media\Media LM - Development View - Technologies.drawio,MEDIA,SPLIT,MEDIUM,164,c02461e347e7c024ae468962cec86bda64faa1831b63f0090ea9f879b470e23d,,
[aa] Outputs\51.SAD\02.Diagrams\41.Modules\05.Modules\22.Media\Untitled folder\342.00.121.Media LM - Development Views\342.00.135.Media LM - Development View - Development Patterns.drawio,TARGET\[60] Delivery\[40] Core Service\[10] Components and Modules\_media\Media LM - Development View - Development Patterns.drawio,MEDIA,SPLIT,MEDIUM,172,68a0fa0b4abdf8aa29dca925ecdb31d88e5d991b62408f4ebf4adda46574a698,,
[aa] Outputs\51.SAD\02.Diagrams\41.Modules\05.Modules\22.Media\Untitled folder\Context View\342.00.011.Media LM - Context View - System Capabilities.drawio,TARGET\[60] Delivery\[40] Core Service\[10] Components and Modules\_media\Media LM - Context View - System Capabilities.drawio,MEDIA,MERGE,HIGH,167,48ce90c62cd26bad40d634f198641c572f184055a64a11cf36840a846f2de4e1,,
[aa] Outputs\51.SAD\02.Diagrams\41.Modules\05.Modules\22.Media\Untitled folder\Context View\342.00.021.Media LM - System Context View - Capabilities.drawio,TARGET\[60] Delivery\[40] Core Service\[10] Components and Modules\_media\Media LM - System Context View - Capabilities.drawio,MEDIA,MERGE,HIGH,167,dc9d22abc2886878fbc525239fa3634b9114d787f98abb38606790c24e3b8ccf,,
[aa] Outputs\51.SAD\02.Diagrams\41.Modules\05.Modules\22.Media\Untitled folder\Context View\342.00.022.Media LM - Context View - Contraints - Protocols - Common Copyright Types.drawio,TARGET\[60] Delivery\[40] Core Service\[10] Components and Modules\_media\Media LM - Context View - Contraints - Protocols - Common Copyright Types.drawio,MEDIA,MERGE,HIGH,195,fdcbf8ee83e3f554f02ccb62d212ee9fe0369ca120e884eea5eb3093faeea0af,,
[aa] Outputs\51.SAD\02.Diagrams\41.Modules\05.Modules\22.Media\Untitled folder\Context View\342.00.040.Media LM - System Context View - Decisions.drawio,TARGET\[60] Delivery\[40] Core Service\[10] Components and Modules\_media\Media LM - System Context View - Decisions.drawio,MEDIA,MERGE,HIGH,164,f088385fa2abaceb71b672f4a0a95db46ea46087c94b98234e9b3c15eb8b5a66,,
[aa] Outputs\51.SAD\02.Diagrams\41.Modules\05.Modules\22.Media\Untitled folder\Context View\342.00.121.Media LM - System Context (Constraints) View - Protocols.drawio,TARGET\[60] Delivery\[40] Core Service\[10] Components and Modules\_media\Media LM - System Context (Constraints) View - Protocols.drawio,MEDIA,MERGE,HIGH,178,02927afd172acfddcc5659c4c090e37df705c2bb94366d6d442c56c90b98208e,,
[aa] Outputs\51.SAD\02.Diagrams\41.Modules\05.Modules\22.Media\Untitled folder\Information View\342.00.051.Media LM - Information View - Conceptual Model.drawio,TARGET\[60] Delivery\[40] Core Service\[10] Components and Modules\_media\Media LM - Information View - Conceptual Model.drawio,MEDIA,MERGE,HIGH,168,8fffdcbf640eb7f669f1929e5bb456a818bdb6e193eaeab49c907e597a9af448,,
[aa] Outputs\51.SAD\02.Diagrams\41.Modules\05.Modules\22.Media\Untitled folder\Information View\342.00.052.Media LM - Information View - ERD (HL).drawio,TARGET\[60] Delivery\[40] Core Service\[10] Components and Modules\_media\Media LM - Information View - ERD (HL).drawio,MEDIA,MERGE,HIGH,160,aab5df69551a80a27c7a7a49f378d9ce9d55f14f7d7eade209e3e847b9075c8d,,
[aa] Outputs\51.SAD\02.Diagrams\41.Modules\05.Modules\22.Media\Untitled folder\Information View\342.00.053.Media LM - Information View - ERD (HL) Description.drawio,TARGET\[60] Delivery\[40] Core Service\[10] Components and Modules\_media\Media LM - Information View - ERD (HL) Description.drawio,MEDIA,MERGE,HIGH,172,692d8c62e3c5e3f994af91fe641eb6692e536df6e477b4bd6da794c09d67560f,,
[aa] Outputs\51.SAD\02.Diagrams\41.Modules\05.Modules\22.Media\Untitled folder\Information View\342.00.054.Media LM - Information View - Resource Types.drawio,TARGET\[60] Delivery\[40] Core Service\[10] Components and Modules\_media\Media LM - Information View - Resource Types.drawio,MEDIA,MERGE,HIGH,166,299657a0866508260450d31b298c9881cdb970b631d5538c3c234575c5d61e79,,
[aa] Outputs\51.SAD\02.Diagrams\41.Modules\05.Modules\22.Media\Untitled folder\Information View\342.00.062.Media LM - Information View - Education Resource Identifier Desirable Attributes.drawio,TARGET\[60] Delivery\[40] Core Service\[10] Components and Modules\_media\Media LM - Information View - Education Resource Identifier Desirable Attributes.drawio,MEDIA,MERGE,HIGH,202,f8190e6ccf7e874e5c3850a7e474e74df8e7242baac2d23da590c84d3869a67a,,
[aa] Outputs\51.SAD\02.Diagrams\41.Modules\05.Modules\22.Media\Untitled folder\Information View\342.00.063.Media LM - Information View - Media Filtering.drawio,TARGET\[60] Delivery\[40] Core Service\[10] Components and Modules\_media\Media LM - Information View - Media Filtering.drawio,MEDIA,MERGE,HIGH,167,c17d1aa6ac15a44d3dd53a756f8b106a9cd209e8bde8ef5d4a868dd3eb4625b5,,
[aa] Outputs\51.SAD\02.Diagrams\41.Modules\05.Modules\22.Media\Untitled folder\Sequence Views\342.00.111.Media LM - Sequence View - Media Collaboration Workflow.drawio,TARGET\[60] Delivery\[40] Core Service\[10] Components and Modules\_media\Media LM - Sequence View - Media Collaboration Workflow.drawio,MEDIA,MERGE,HIGH,177,192da086c9fc87d829b1d3fafd3682504240d9ee884f1ac6a8dfd0d366020955,,
[aa] Outputs\51.SAD\02.Diagrams\41.Modules\05.Modules\23.Resources\00._Document View\README.md,TARGET\[60] Delivery\[40] Core Service\[10] Components and Modules\[94] 00._Document View\[20] README.md,DOCUMENT,MERGE,HIGH,145,fbaf6721a1005517669fe08fdc0aaf275e8eaf95163da1429688a3ffedd533a3,,
[aa] Outputs\51.SAD\02.Diagrams\41.Modules\05.Modules\23.Resources\00._Document View\_placeholder.txt,TARGET\[60] Delivery\[40] Core Service\[10] Components and Modules\[94] 00._Document View\[10 - SUPERSEDED] placeholder.txt,DOCUMENT,MERGE,HIGH,164,e3b0c44298fc1c149afbf4c8996fb92427ae41e4649b934ca495991b7852b855,,
[aa] Outputs\51.SAD\02.Diagrams\41.Modules\05.Modules\23.Resources\01.Context View\Context View - Project Specific - System Users.drawio,TARGET\[60] Delivery\[40] Core Service\[10] Components and Modules\_media\Context View - Project Specific - System Users.drawio,MEDIA,SPLIT,MEDIUM,168,cf234ef86b6833a8ab933eed65658c2772044abe3e86255d0687ed6889855c1d,,
[aa] Outputs\51.SAD\02.Diagrams\41.Modules\05.Modules\23.Resources\01.Context View\README.md,TARGET\[60] Delivery\[40] Core Service\[10] Components and Modules\[95] 01.Context View\[20] README.md,DOCUMENT,SPLIT,MEDIUM,143,fbaf6721a1005517669fe08fdc0aaf275e8eaf95163da1429688a3ffedd533a3,,
[aa] Outputs\51.SAD\02.Diagrams\41.Modules\05.Modules\23.Resources\01.Context View\_placeholder.txt,TARGET\[60] Delivery\[40] Core Service\[10] Components and Modules\[95] 01.Context View\[10 - SUPERSEDED] placeholder.txt,DOCUMENT,SPLIT,MEDIUM,162,e3b0c44298fc1c149afbf4c8996fb92427ae41e4649b934ca495991b7852b855,,
[aa] Outputs\51.SAD\02.Diagrams\41.Modules\05.Modules\23.Resources\02._Delivery View\README.md,TARGET\[60] Delivery\[40] Core Service\[10] Components and Modules\[96] 02._Delivery View\[20] README.md,DOCUMENT,MERGE,HIGH,145,fbaf6721a1005517669fe08fdc0aaf275e8eaf95163da1429688a3ffedd533a3,,
[aa] Outputs\51.SAD\02.Diagrams\41.Modules\05.Modules\23.Resources\02._Delivery View\_placeholder.txt,TARGET\[60] Delivery\[40] Core Service\[10] Components and Modules\[96] 02._Delivery View\[10 - SUPERSEDED] placeholder.txt,DOCUMENT,MERGE,HIGH,164,e3b0c44298fc1c149afbf4c8996fb92427ae41e4649b934ca495991b7852b855,,
[aa] Outputs\51.SAD\02.Diagrams\41.Modules\05.Modules\23.Resources\03._Qualities View\README.md,TARGET\[60] Delivery\[40] Core Service\[10] Components and Modules\[97] 03._Qualities View\[20] README.md,DOCUMENT,MERGE,HIGH,146,fbaf6721a1005517669fe08fdc0aaf275e8eaf95163da1429688a3ffedd533a3,,
[aa] Outputs\51.SAD\02.Diagrams\41.Modules\05.Modules\23.Resources\03._Qualities View\_placeholder.txt,TARGET\[60] Delivery\[40] Core Service\[10] Components and Modules\[97] 03._Qualities View\[10 - SUPERSEDED] placeholder.txt,DOCUMENT,MERGE,HIGH,165,e3b0c44298fc1c149afbf4c8996fb92427ae41e4649b934ca495991b7852b855,,
[aa] Outputs\51.SAD\02.Diagrams\41.Modules\05.Modules\23.Resources\04._Discovery View\Information Management.drawio,TARGET\[60] Delivery\[40] Core Service\[10] Components and Modules\_media\Information Management.drawio,MEDIA,MERGE,HIGH,144,f56672408c59ada6e857e571979b1ccc778a10665371cfae0957b7a936ba037f,,
[aa] Outputs\51.SAD\02.Diagrams\41.Modules\05.Modules\23.Resources\04._Discovery View\InfoSys - Info View Scene Concepts.drawio,TARGET\[60] Delivery\[40] Core Service\[10] Components and Modules\_media\InfoSys - Info View Scene Concepts.drawio,MEDIA,MERGE,HIGH,156,e4604ef15e9bc0af129f759a1e21119b159e93a5a65c75c10cac2778a9a920d2,,
[aa] Outputs\51.SAD\02.Diagrams\41.Modules\05.Modules\23.Resources\04._Discovery View\InfoSys - MIsc.drawio,TARGET\[60] Delivery\[40] Core Service\[10] Components and Modules\_media\InfoSys - MIsc.drawio,MEDIA,MERGE,HIGH,136,95c47073cc1a10ffc305a2b693686d2de4e0d931e741dbf49ef671e07b8c270d,,
[aa] Outputs\51.SAD\02.Diagrams\41.Modules\05.Modules\23.Resources\04._Discovery View\README.md,TARGET\[60] Delivery\[40] Core Service\[10] Components and Modules\[98] 04._Discovery View\[20] README.md,DOCUMENT,MERGE,HIGH,146,fbaf6721a1005517669fe08fdc0aaf275e8eaf95163da1429688a3ffedd533a3,,
[aa] Outputs\51.SAD\02.Diagrams\41.Modules\05.Modules\23.Resources\04._Discovery View\SEK - Information State.drawio,TARGET\[60] Delivery\[40] Core Service\[10] Components and Modules\_media\SEK - Information State.drawio,MEDIA,MERGE,HIGH,145,2afac9df4522a593c12b947281c6baf19f5f7e18cc0aefd8f45815c7f3389c53,,
[aa] Outputs\51.SAD\02.Diagrams\41.Modules\05.Modules\23.Resources\04._Discovery View\_placeholder.txt,TARGET\[60] Delivery\[40] Core Service\[10] Components and Modules\[98] 04._Discovery View\[10 - SUPERSEDED] placeholder.txt,DOCUMENT,MERGE,HIGH,165,e3b0c44298fc1c149afbf4c8996fb92427ae41e4649b934ca495991b7852b855,,
[aa] Outputs\51.SAD\02.Diagrams\41.Modules\05.Modules\23.Resources\05._Definitions View\README.md,TARGET\[60] Delivery\[40] Core Service\[10] Components and Modules\[99] 05._Definitions View\[20] README.md,DOCUMENT,MERGE,HIGH,148,fbaf6721a1005517669fe08fdc0aaf275e8eaf95163da1429688a3ffedd533a3,,
[aa] Outputs\51.SAD\02.Diagrams\41.Modules\05.Modules\23.Resources\05._Definitions View\_placeholder.txt,TARGET\[60] Delivery\[40] Core Service\[10] Components and Modules\[99] 05._Definitions View\[10 - SUPERSEDED] placeholder.txt,DOCUMENT,MERGE,HIGH,167,e3b0c44298fc1c149afbf4c8996fb92427ae41e4649b934ca495991b7852b855,,
[aa] Outputs\51.SAD\02.Diagrams\41.Modules\05.Modules\23.Resources\06._Capabilities View\README.md,TARGET\[60] Delivery\[40] Core Service\[10] Components and Modules\[100] 06._Capabilities View\[20] README.md,DOCUMENT,MERGE,HIGH,150,fbaf6721a1005517669fe08fdc0aaf275e8eaf95163da1429688a3ffedd533a3,,
[aa] Outputs\51.SAD\02.Diagrams\41.Modules\05.Modules\23.Resources\06._Capabilities View\_placeholder.txt,TARGET\[60] Delivery\[40] Core Service\[10] Components and Modules\[100] 06._Capabilities View\[10 - SUPERSEDED] placeholder.txt,DOCUMENT,MERGE,HIGH,169,e3b0c44298fc1c149afbf4c8996fb92427ae41e4649b934ca495991b7852b855,,
[aa] Outputs\51.SAD\02.Diagrams\41.Modules\05.Modules\23.Resources\07.Use Cases View\README.md,TARGET\[60] Delivery\[40] Core Service\[10] Components and Modules\[101] 07.Use Cases View\[20] README.md,DOCUMENT,MERGE,HIGH,146,fbaf6721a1005517669fe08fdc0aaf275e8eaf95163da1429688a3ffedd533a3,,
[aa] Outputs\51.SAD\02.Diagrams\41.Modules\05.Modules\23.Resources\07.Use Cases View\_placeholder.txt,TARGET\[60] Delivery\[40] Core Service\[10] Components and Modules\[101] 07.Use Cases View\[10 - SUPERSEDED] placeholder.txt,DOCUMENT,MERGE,HIGH,165,e3b0c44298fc1c149afbf4c8996fb92427ae41e4649b934ca495991b7852b855,,
[aa] Outputs\51.SAD\02.Diagrams\41.Modules\05.Modules\23.Resources\07.Use Cases View\00.Images\_placeholder.txt,TARGET\[60] Delivery\[40] Core Service\[10] Components and Modules\[102] 00.Images\[10 - SUPERSEDED] placeholder.txt,DOCUMENT,MERGE,HIGH,157,e3b0c44298fc1c149afbf4c8996fb92427ae41e4649b934ca495991b7852b855,,
[aa] Outputs\51.SAD\02.Diagrams\41.Modules\05.Modules\23.Resources\07.Use Cases View\044.9.Discovery View - #Operations\044.9.051.Analysis (Operations) View - Categorisation - Resource Operations.drawio,TARGET\[80] Operations\[10] Service\[10] Operation and Support\_media\Analysis (Operations) View - Categorisation - Resource Operations.drawio,MEDIA,MERGE,HIGH,183,fa6da3cfbea5f5cdb751296186e8270f231ceae600c6de9fdb60a34b539a71ae,,
[aa] Outputs\51.SAD\02.Diagrams\41.Modules\05.Modules\23.Resources\07.Use Cases View\044.9.Discovery View - #Operations\044.9.052.Analysis (Operations) View - Categorisation - Resource Collection Operations.drawio,TARGET\[80] Operations\[10] Service\[10] Operation and Support\_media\Analysis (Operations) View - Categorisation - Resource Collection Operations.drawio,MEDIA,MERGE,HIGH,194,fa6da3cfbea5f5cdb751296186e8270f231ceae600c6de9fdb60a34b539a71ae,,
[aa] Outputs\51.SAD\02.Diagrams\41.Modules\05.Modules\23.Resources\08._Functionality View\README.md,TARGET\[60] Delivery\[40] Core Service\[10] Components and Modules\[103] 08._Functionality View\[20] README.md,DOCUMENT,MERGE,HIGH,151,fbaf6721a1005517669fe08fdc0aaf275e8eaf95163da1429688a3ffedd533a3,,
[aa] Outputs\51.SAD\02.Diagrams\41.Modules\05.Modules\23.Resources\08._Functionality View\_placeholder.txt,TARGET\[60] Delivery\[40] Core Service\[10] Components and Modules\[103] 08._Functionality View\[10 - SUPERSEDED] placeholder.txt,DOCUMENT,MERGE,HIGH,170,e3b0c44298fc1c149afbf4c8996fb92427ae41e4649b934ca495991b7852b855,,
[aa] Outputs\51.SAD\02.Diagrams\41.Modules\05.Modules\23.Resources\08._Functionality View\00.Images\_placeholder.txt,TARGET\[60] Delivery\[40] Core Service\[10] Components and Modules\[104] 00.Images\[10 - SUPERSEDED] placeholder.txt,DOCUMENT,MERGE,HIGH,157,e3b0c44298fc1c149afbf4c8996fb92427ae41e4649b934ca495991b7852b855,,
[aa] Outputs\51.SAD\02.Diagrams\41.Modules\05.Modules\23.Resources\09._Interoperability View\README.md,TARGET\[60] Delivery\[50] Integrations\[40] Interoperability and Discovery\[82] README.md,DOCUMENT,MERGE,HIGH,130,fbaf6721a1005517669fe08fdc0aaf275e8eaf95163da1429688a3ffedd533a3,,
[aa] Outputs\51.SAD\02.Diagrams\41.Modules\05.Modules\23.Resources\09._Interoperability View\_placeholder.txt,TARGET\[60] Delivery\[50] Integrations\[40] Interoperability and Discovery\[68 - SUPERSEDED] placeholder.txt,DOCUMENT,MERGE,HIGH,149,e3b0c44298fc1c149afbf4c8996fb92427ae41e4649b934ca495991b7852b855,,
[aa] Outputs\51.SAD\02.Diagrams\41.Modules\05.Modules\23.Resources\10._Information View\README.md,TARGET\[60] Delivery\[40] Core Service\[10] Components and Modules\[105] 10._Information View\[20] README.md,DOCUMENT,MERGE,HIGH,149,fbaf6721a1005517669fe08fdc0aaf275e8eaf95163da1429688a3ffedd533a3,,
[aa] Outputs\51.SAD\02.Diagrams\41.Modules\05.Modules\23.Resources\10._Information View\SEK - Information State.drawio,TARGET\[60] Delivery\[40] Core Service\[10] Components and Modules\_media\SEK - Information State - 4ced6bc3.drawio,MEDIA,MERGE,HIGH,156,2afac9df4522a593c12b947281c6baf19f5f7e18cc0aefd8f45815c7f3389c53,,
[aa] Outputs\51.SAD\02.Diagrams\41.Modules\05.Modules\23.Resources\10._Information View\_placeholder.txt,TARGET\[60] Delivery\[40] Core Service\[10] Components and Modules\[105] 10._Information View\[10 - SUPERSEDED] placeholder.txt,DOCUMENT,MERGE,HIGH,168,e3b0c44298fc1c149afbf4c8996fb92427ae41e4649b934ca495991b7852b855,,
[aa] Outputs\51.SAD\02.Diagrams\41.Modules\05.Modules\23.Resources\10._Information View\00.Images\_placeholder.txt,TARGET\[60] Delivery\[40] Core Service\[10] Components and Modules\[106] 00.Images\[10 - SUPERSEDED] placeholder.txt,DOCUMENT,MERGE,HIGH,157,e3b0c44298fc1c149afbf4c8996fb92427ae41e4649b934ca495991b7852b855,,
[aa] Outputs\51.SAD\02.Diagrams\41.Modules\05.Modules\23.Resources\11._Sequence View\README.md,TARGET\[60] Delivery\[40] Core Service\[10] Components and Modules\[107] 11._Sequence View\[20] README.md,DOCUMENT,MERGE,HIGH,146,fbaf6721a1005517669fe08fdc0aaf275e8eaf95163da1429688a3ffedd533a3,,
[aa] Outputs\51.SAD\02.Diagrams\41.Modules\05.Modules\23.Resources\11._Sequence View\_placeholder.txt,TARGET\[60] Delivery\[40] Core Service\[10] Components and Modules\[107] 11._Sequence View\[10 - SUPERSEDED] placeholder.txt,DOCUMENT,MERGE,HIGH,165,e3b0c44298fc1c149afbf4c8996fb92427ae41e4649b934ca495991b7852b855,,
[aa] Outputs\51.SAD\02.Diagrams\41.Modules\05.Modules\23.Resources\12._Integration View\README.md,TARGET\[60] Delivery\[50] Integrations\[10] APIs and Endpoints\[80] README.md,DOCUMENT,MERGE,HIGH,118,fbaf6721a1005517669fe08fdc0aaf275e8eaf95163da1429688a3ffedd533a3,,
[aa] Outputs\51.SAD\02.Diagrams\41.Modules\05.Modules\23.Resources\12._Integration View\_placeholder.txt,TARGET\[60] Delivery\[50] Integrations\[10] APIs and Endpoints\[45 - SUPERSEDED] placeholder.txt,DOCUMENT,MERGE,HIGH,137,e3b0c44298fc1c149afbf4c8996fb92427ae41e4649b934ca495991b7852b855,,
[aa] Outputs\51.SAD\02.Diagrams\41.Modules\05.Modules\23.Resources\13._Deployment View\README.md,TARGET\[60] Delivery\[80] Release and Deployment\[20] Deployment\[32] README.md,DOCUMENT,MERGE,HIGH,120,fbaf6721a1005517669fe08fdc0aaf275e8eaf95163da1429688a3ffedd533a3,,
[aa] Outputs\51.SAD\02.Diagrams\41.Modules\05.Modules\23.Resources\13._Deployment View\_placeholder.txt,TARGET\[60] Delivery\[80] Release and Deployment\[20] Deployment\[12 - SUPERSEDED] placeholder.txt,DOCUMENT,MERGE,HIGH,139,e3b0c44298fc1c149afbf4c8996fb92427ae41e4649b934ca495991b7852b855,,
[aa] Outputs\51.SAD\02.Diagrams\41.Modules\05.Modules\23.Resources\14._Development View\README.md,TARGET\[60] Delivery\[40] Core Service\[10] Components and Modules\[108] 14._Development View\[20] README.md,DOCUMENT,MERGE,HIGH,149,fbaf6721a1005517669fe08fdc0aaf275e8eaf95163da1429688a3ffedd533a3,,
[aa] Outputs\51.SAD\02.Diagrams\41.Modules\05.Modules\23.Resources\14._Development View\_placeholder.txt,TARGET\[60] Delivery\[40] Core Service\[10] Components and Modules\[108] 14._Development View\[10 - SUPERSEDED] placeholder.txt,DOCUMENT,MERGE,HIGH,168,e3b0c44298fc1c149afbf4c8996fb92427ae41e4649b934ca495991b7852b855,,
[aa] Outputs\51.SAD\02.Diagrams\41.Modules\05.Modules\23.Resources\15._Implementation View\README.md,TARGET\[60] Delivery\[80] Release and Deployment\[20] Deployment\[34] README.md,DOCUMENT,MERGE,HIGH,120,fbaf6721a1005517669fe08fdc0aaf275e8eaf95163da1429688a3ffedd533a3,,
[aa] Outputs\51.SAD\02.Diagrams\41.Modules\05.Modules\23.Resources\15._Implementation View\_placeholder.txt,TARGET\[60] Delivery\[80] Release and Deployment\[20] Deployment\[14 - SUPERSEDED] placeholder.txt,DOCUMENT,MERGE,HIGH,139,e3b0c44298fc1c149afbf4c8996fb92427ae41e4649b934ca495991b7852b855,,
[aa] Outputs\51.SAD\02.Diagrams\41.Modules\05.Modules\23.Resources\16._Transition View\README.md,TARGET\[70] Transition\[50] Transition\[10] Cutover and Stabilisation\[40] README.md,DOCUMENT,MERGE,HIGH,125,fbaf6721a1005517669fe08fdc0aaf275e8eaf95163da1429688a3ffedd533a3,,
[aa] Outputs\51.SAD\02.Diagrams\41.Modules\05.Modules\23.Resources\16._Transition View\_placeholder.txt,TARGET\[70] Transition\[50] Transition\[10] Cutover and Stabilisation\[15 - SUPERSEDED] placeholder.txt,DOCUMENT,MERGE,HIGH,144,e3b0c44298fc1c149afbf4c8996fb92427ae41e4649b934ca495991b7852b855,,
[aa] Outputs\51.SAD\02.Diagrams\41.Modules\05.Modules\23.Resources\21._C&A View\README.md,TARGET\[60] Delivery\[40] Core Service\[10] Components and Modules\[109] 21._C&A View\[20] README.md,DOCUMENT,MERGE,HIGH,141,fbaf6721a1005517669fe08fdc0aaf275e8eaf95163da1429688a3ffedd533a3,,
[aa] Outputs\51.SAD\02.Diagrams\41.Modules\05.Modules\23.Resources\21._C&A View\_placeholder.txt,TARGET\[60] Delivery\[40] Core Service\[10] Components and Modules\[109] 21._C&A View\[10 - SUPERSEDED] placeholder.txt,DOCUMENT,MERGE,HIGH,160,e3b0c44298fc1c149afbf4c8996fb92427ae41e4649b934ca495991b7852b855,,
[aa] Outputs\51.SAD\02.Diagrams\41.Modules\05.Modules\24.People\346.People LM  - Contacts.drawio,TARGET\[60] Delivery\[40] Core Service\[10] Components and Modules\_media\People LM - Contacts.drawio,MEDIA,MERGE,HIGH,142,34aad4f84220d191ddbcf33a4b8a19c53102ebdd2cf14edf93464bdfba7bce7f,,
[aa] Outputs\51.SAD\02.Diagrams\41.Modules\05.Modules\24.People\00._Document View\README.md,TARGET\[60] Delivery\[40] Core Service\[10] Components and Modules\[110] 00._Document View\[20] README.md,DOCUMENT,MERGE,HIGH,146,fbaf6721a1005517669fe08fdc0aaf275e8eaf95163da1429688a3ffedd533a3,,
[aa] Outputs\51.SAD\02.Diagrams\41.Modules\05.Modules\24.People\00._Document View\_placeholder.txt,TARGET\[60] Delivery\[40] Core Service\[10] Components and Modules\[110] 00._Document View\[10 - SUPERSEDED] placeholder.txt,DOCUMENT,MERGE,HIGH,165,e3b0c44298fc1c149afbf4c8996fb92427ae41e4649b934ca495991b7852b855,,
[aa] Outputs\51.SAD\02.Diagrams\41.Modules\05.Modules\24.People\01._Context View\README.md,TARGET\[60] Delivery\[40] Core Service\[10] Components and Modules\[111] 01._Context View\[20] README.md,DOCUMENT,MERGE,HIGH,145,fbaf6721a1005517669fe08fdc0aaf275e8eaf95163da1429688a3ffedd533a3,,
[aa] Outputs\51.SAD\02.Diagrams\41.Modules\05.Modules\24.People\01._Context View\_placeholder.txt,TARGET\[60] Delivery\[40] Core Service\[10] Components and Modules\[111] 01._Context View\[10 - SUPERSEDED] placeholder.txt,DOCUMENT,MERGE,HIGH,164,e3b0c44298fc1c149afbf4c8996fb92427ae41e4649b934ca495991b7852b855,,
[aa] Outputs\51.SAD\02.Diagrams\41.Modules\05.Modules\24.People\02._Delivery View\README.md,TARGET\[60] Delivery\[40] Core Service\[10] Components and Modules\[112] 02._Delivery View\[20] README.md,DOCUMENT,MERGE,HIGH,146,fbaf6721a1005517669fe08fdc0aaf275e8eaf95163da1429688a3ffedd533a3,,
[aa] Outputs\51.SAD\02.Diagrams\41.Modules\05.Modules\24.People\02._Delivery View\_placeholder.txt,TARGET\[60] Delivery\[40] Core Service\[10] Components and Modules\[112] 02._Delivery View\[10 - SUPERSEDED] placeholder.txt,DOCUMENT,MERGE,HIGH,165,e3b0c44298fc1c149afbf4c8996fb92427ae41e4649b934ca495991b7852b855,,
[aa] Outputs\51.SAD\02.Diagrams\41.Modules\05.Modules\24.People\03._Qualities View\README.md,TARGET\[60] Delivery\[40] Core Service\[10] Components and Modules\[113] 03._Qualities View\[20] README.md,DOCUMENT,MERGE,HIGH,147,fbaf6721a1005517669fe08fdc0aaf275e8eaf95163da1429688a3ffedd533a3,,
[aa] Outputs\51.SAD\02.Diagrams\41.Modules\05.Modules\24.People\03._Qualities View\_placeholder.txt,TARGET\[60] Delivery\[40] Core Service\[10] Components and Modules\[113] 03._Qualities View\[10 - SUPERSEDED] placeholder.txt,DOCUMENT,MERGE,HIGH,166,e3b0c44298fc1c149afbf4c8996fb92427ae41e4649b934ca495991b7852b855,,
[aa] Outputs\51.SAD\02.Diagrams\41.Modules\05.Modules\24.People\04._Discovery View\README.md,TARGET\[60] Delivery\[40] Core Service\[10] Components and Modules\[114] 04._Discovery View\[20] README.md,DOCUMENT,MERGE,HIGH,147,fbaf6721a1005517669fe08fdc0aaf275e8eaf95163da1429688a3ffedd533a3,,
[aa] Outputs\51.SAD\02.Diagrams\41.Modules\05.Modules\24.People\04._Discovery View\_placeholder.txt,TARGET\[60] Delivery\[40] Core Service\[10] Components and Modules\[114] 04._Discovery View\[10 - SUPERSEDED] placeholder.txt,DOCUMENT,MERGE,HIGH,166,e3b0c44298fc1c149afbf4c8996fb92427ae41e4649b934ca495991b7852b855,,
[aa] Outputs\51.SAD\02.Diagrams\41.Modules\05.Modules\24.People\05._Definition View\README.md,TARGET\[60] Delivery\[40] Core Service\[10] Components and Modules\[115] 05._Definition View\[20] README.md,DOCUMENT,MERGE,HIGH,148,fbaf6721a1005517669fe08fdc0aaf275e8eaf95163da1429688a3ffedd533a3,,
[aa] Outputs\51.SAD\02.Diagrams\41.Modules\05.Modules\24.People\05._Definition View\_placeholder.txt,TARGET\[60] Delivery\[40] Core Service\[10] Components and Modules\[115] 05._Definition View\[10 - SUPERSEDED] placeholder.txt,DOCUMENT,MERGE,HIGH,167,e3b0c44298fc1c149afbf4c8996fb92427ae41e4649b934ca495991b7852b855,,
[aa] Outputs\51.SAD\02.Diagrams\41.Modules\05.Modules\24.People\06._Capabilities View\README.md,TARGET\[60] Delivery\[40] Core Service\[10] Components and Modules\[116] 06._Capabilities View\[20] README.md,DOCUMENT,MERGE,HIGH,150,fbaf6721a1005517669fe08fdc0aaf275e8eaf95163da1429688a3ffedd533a3,,
[aa] Outputs\51.SAD\02.Diagrams\41.Modules\05.Modules\24.People\06._Capabilities View\_placeholder.txt,TARGET\[60] Delivery\[40] Core Service\[10] Components and Modules\[116] 06._Capabilities View\[10 - SUPERSEDED] placeholder.txt,DOCUMENT,MERGE,HIGH,169,e3b0c44298fc1c149afbf4c8996fb92427ae41e4649b934ca495991b7852b855,,
[aa] Outputs\51.SAD\02.Diagrams\41.Modules\05.Modules\24.People\07._Use Cases View\README.md,TARGET\[60] Delivery\[40] Core Service\[10] Components and Modules\[117] 07._Use Cases View\[20] README.md,DOCUMENT,MERGE,HIGH,147,fbaf6721a1005517669fe08fdc0aaf275e8eaf95163da1429688a3ffedd533a3,,
[aa] Outputs\51.SAD\02.Diagrams\41.Modules\05.Modules\24.People\07._Use Cases View\_placeholder.txt,TARGET\[60] Delivery\[40] Core Service\[10] Components and Modules\[117] 07._Use Cases View\[10 - SUPERSEDED] placeholder.txt,DOCUMENT,MERGE,HIGH,166,e3b0c44298fc1c149afbf4c8996fb92427ae41e4649b934ca495991b7852b855,,
[aa] Outputs\51.SAD\02.Diagrams\41.Modules\05.Modules\24.People\08._Functionality View\README.md,TARGET\[60] Delivery\[40] Core Service\[10] Components and Modules\[118] 08._Functionality View\[20] README.md,DOCUMENT,MERGE,HIGH,151,fbaf6721a1005517669fe08fdc0aaf275e8eaf95163da1429688a3ffedd533a3,,
[aa] Outputs\51.SAD\02.Diagrams\41.Modules\05.Modules\24.People\08._Functionality View\_placeholder.txt,TARGET\[60] Delivery\[40] Core Service\[10] Components and Modules\[118] 08._Functionality View\[10 - SUPERSEDED] placeholder.txt,DOCUMENT,MERGE,HIGH,170,e3b0c44298fc1c149afbf4c8996fb92427ae41e4649b934ca495991b7852b855,,
[aa] Outputs\51.SAD\02.Diagrams\41.Modules\05.Modules\24.People\09._Interoperability View\README.md,TARGET\[60] Delivery\[50] Integrations\[40] Interoperability and Discovery\[84] README.md,DOCUMENT,MERGE,HIGH,130,fbaf6721a1005517669fe08fdc0aaf275e8eaf95163da1429688a3ffedd533a3,,
[aa] Outputs\51.SAD\02.Diagrams\41.Modules\05.Modules\24.People\09._Interoperability View\_placeholder.txt,TARGET\[60] Delivery\[50] Integrations\[40] Interoperability and Discovery\[70 - SUPERSEDED] placeholder.txt,DOCUMENT,MERGE,HIGH,149,e3b0c44298fc1c149afbf4c8996fb92427ae41e4649b934ca495991b7852b855,,
[aa] Outputs\51.SAD\02.Diagrams\41.Modules\05.Modules\24.People\10._Information View\README.md,TARGET\[60] Delivery\[40] Core Service\[10] Components and Modules\[119] 10._Information View\[20] README.md,DOCUMENT,MERGE,HIGH,149,fbaf6721a1005517669fe08fdc0aaf275e8eaf95163da1429688a3ffedd533a3,,
[aa] Outputs\51.SAD\02.Diagrams\41.Modules\05.Modules\24.People\10._Information View\_placeholder.txt,TARGET\[60] Delivery\[40] Core Service\[10] Components and Modules\[119] 10._Information View\[10 - SUPERSEDED] placeholder.txt,DOCUMENT,MERGE,HIGH,168,e3b0c44298fc1c149afbf4c8996fb92427ae41e4649b934ca495991b7852b855,,
[aa] Outputs\51.SAD\02.Diagrams\41.Modules\05.Modules\24.People\11._Sequence View\README.md,TARGET\[60] Delivery\[40] Core Service\[10] Components and Modules\[120] 11._Sequence View\[20] README.md,DOCUMENT,MERGE,HIGH,146,fbaf6721a1005517669fe08fdc0aaf275e8eaf95163da1429688a3ffedd533a3,,
[aa] Outputs\51.SAD\02.Diagrams\41.Modules\05.Modules\24.People\11._Sequence View\_placeholder.txt,TARGET\[60] Delivery\[40] Core Service\[10] Components and Modules\[120] 11._Sequence View\[10 - SUPERSEDED] placeholder.txt,DOCUMENT,MERGE,HIGH,165,e3b0c44298fc1c149afbf4c8996fb92427ae41e4649b934ca495991b7852b855,,
[aa] Outputs\51.SAD\02.Diagrams\41.Modules\05.Modules\24.People\12._Integration View\README.md,TARGET\[60] Delivery\[50] Integrations\[10] APIs and Endpoints\[85] README.md,DOCUMENT,MERGE,HIGH,118,fbaf6721a1005517669fe08fdc0aaf275e8eaf95163da1429688a3ffedd533a3,,
[aa] Outputs\51.SAD\02.Diagrams\41.Modules\05.Modules\24.People\12._Integration View\_placeholder.txt,TARGET\[60] Delivery\[50] Integrations\[10] APIs and Endpoints\[50 - SUPERSEDED] placeholder.txt,DOCUMENT,MERGE,HIGH,137,e3b0c44298fc1c149afbf4c8996fb92427ae41e4649b934ca495991b7852b855,,
[aa] Outputs\51.SAD\02.Diagrams\41.Modules\05.Modules\24.People\13._Deployment View\README.md,TARGET\[60] Delivery\[80] Release and Deployment\[20] Deployment\[36] README.md,DOCUMENT,MERGE,HIGH,120,fbaf6721a1005517669fe08fdc0aaf275e8eaf95163da1429688a3ffedd533a3,,
[aa] Outputs\51.SAD\02.Diagrams\41.Modules\05.Modules\24.People\13._Deployment View\_placeholder.txt,TARGET\[60] Delivery\[80] Release and Deployment\[20] Deployment\[16 - SUPERSEDED] placeholder.txt,DOCUMENT,MERGE,HIGH,139,e3b0c44298fc1c149afbf4c8996fb92427ae41e4649b934ca495991b7852b855,,
[aa] Outputs\51.SAD\02.Diagrams\41.Modules\05.Modules\24.People\14._Development View\README.md,TARGET\[60] Delivery\[40] Core Service\[10] Components and Modules\[121] 14._Development View\[20] README.md,DOCUMENT,MERGE,HIGH,149,fbaf6721a1005517669fe08fdc0aaf275e8eaf95163da1429688a3ffedd533a3,,
[aa] Outputs\51.SAD\02.Diagrams\41.Modules\05.Modules\24.People\14._Development View\_placeholder.txt,TARGET\[60] Delivery\[40] Core Service\[10] Components and Modules\[121] 14._Development View\[10 - SUPERSEDED] placeholder.txt,DOCUMENT,MERGE,HIGH,168,e3b0c44298fc1c149afbf4c8996fb92427ae41e4649b934ca495991b7852b855,,
[aa] Outputs\51.SAD\02.Diagrams\41.Modules\05.Modules\24.People\15._Implementation View\README.md,TARGET\[60] Delivery\[80] Release and Deployment\[20] Deployment\[38] README.md,DOCUMENT,MERGE,HIGH,120,fbaf6721a1005517669fe08fdc0aaf275e8eaf95163da1429688a3ffedd533a3,,
[aa] Outputs\51.SAD\02.Diagrams\41.Modules\05.Modules\24.People\15._Implementation View\_placeholder.txt,TARGET\[60] Delivery\[80] Release and Deployment\[20] Deployment\[18 - SUPERSEDED] placeholder.txt,DOCUMENT,MERGE,HIGH,139,e3b0c44298fc1c149afbf4c8996fb92427ae41e4649b934ca495991b7852b855,,
[aa] Outputs\51.SAD\02.Diagrams\41.Modules\05.Modules\24.People\16._Transition View\README.md,TARGET\[70] Transition\[50] Transition\[10] Cutover and Stabilisation\[45] README.md,DOCUMENT,MERGE,HIGH,125,fbaf6721a1005517669fe08fdc0aaf275e8eaf95163da1429688a3ffedd533a3,,
[aa] Outputs\51.SAD\02.Diagrams\41.Modules\05.Modules\24.People\16._Transition View\_placeholder.txt,TARGET\[70] Transition\[50] Transition\[10] Cutover and Stabilisation\[20 - SUPERSEDED] placeholder.txt,DOCUMENT,MERGE,HIGH,144,e3b0c44298fc1c149afbf4c8996fb92427ae41e4649b934ca495991b7852b855,,
[aa] Outputs\51.SAD\02.Diagrams\41.Modules\05.Modules\24.People\21._C & A View\README.md,TARGET\[60] Delivery\[40] Core Service\[10] Components and Modules\[122] 21._C & A View\[20] README.md,DOCUMENT,MERGE,HIGH,143,fbaf6721a1005517669fe08fdc0aaf275e8eaf95163da1429688a3ffedd533a3,,
[aa] Outputs\51.SAD\02.Diagrams\41.Modules\05.Modules\24.People\21._C & A View\_placeholder.txt,TARGET\[60] Delivery\[40] Core Service\[10] Components and Modules\[122] 21._C & A View\[10 - SUPERSEDED] placeholder.txt,DOCUMENT,MERGE,HIGH,162,e3b0c44298fc1c149afbf4c8996fb92427ae41e4649b934ca495991b7852b855,,
[aa] Outputs\51.SAD\02.Diagrams\41.Modules\05.Modules\32.Subscriptions\343.00.00.Account LM.drawio,TARGET\[60] Delivery\[40] Core Service\[10] Components and Modules\_media\Account LM.drawio,MEDIA,MERGE,HIGH,132,bccb49b46d3ebbb1143763b082e91802bbc6e5be19fd46223365749fbf91c8b0,,
[aa] Outputs\51.SAD\02.Diagrams\41.Modules\05.Modules\32.Subscriptions\344.00.Account LM - Payments.drawio,TARGET\[60] Delivery\[40] Core Service\[10] Components and Modules\_media\Account LM - Payments.drawio,MEDIA,MERGE,HIGH,143,b0adf58ce5fe07f6f6ab63108a008666b96a2a12cecd4dae9df79b70f2690f7c,,
[aa] Outputs\51.SAD\02.Diagrams\41.Modules\05.Modules\32.Subscriptions\00._Document View\README.md,TARGET\[60] Delivery\[40] Core Service\[10] Components and Modules\[123] 00._Document View\[20] README.md,DOCUMENT,MERGE,HIGH,146,fbaf6721a1005517669fe08fdc0aaf275e8eaf95163da1429688a3ffedd533a3,,
[aa] Outputs\51.SAD\02.Diagrams\41.Modules\05.Modules\32.Subscriptions\00._Document View\_placeholder.txt,TARGET\[60] Delivery\[40] Core Service\[10] Components and Modules\[123] 00._Document View\[10 - SUPERSEDED] placeholder.txt,DOCUMENT,MERGE,HIGH,165,e3b0c44298fc1c149afbf4c8996fb92427ae41e4649b934ca495991b7852b855,,
[aa] Outputs\51.SAD\02.Diagrams\41.Modules\05.Modules\32.Subscriptions\01._Context View\README.md,TARGET\[60] Delivery\[40] Core Service\[10] Components and Modules\[124] 01._Context View\[20] README.md,DOCUMENT,MERGE,HIGH,145,fbaf6721a1005517669fe08fdc0aaf275e8eaf95163da1429688a3ffedd533a3,,
[aa] Outputs\51.SAD\02.Diagrams\41.Modules\05.Modules\32.Subscriptions\01._Context View\_placeholder.txt,TARGET\[60] Delivery\[40] Core Service\[10] Components and Modules\[124] 01._Context View\[10 - SUPERSEDED] placeholder.txt,DOCUMENT,MERGE,HIGH,164,e3b0c44298fc1c149afbf4c8996fb92427ae41e4649b934ca495991b7852b855,,
[aa] Outputs\51.SAD\02.Diagrams\41.Modules\05.Modules\32.Subscriptions\02._Delivery View\README.md,TARGET\[60] Delivery\[40] Core Service\[10] Components and Modules\[125] 02._Delivery View\[20] README.md,DOCUMENT,MERGE,HIGH,146,fbaf6721a1005517669fe08fdc0aaf275e8eaf95163da1429688a3ffedd533a3,,
[aa] Outputs\51.SAD\02.Diagrams\41.Modules\05.Modules\32.Subscriptions\02._Delivery View\_placeholder.txt,TARGET\[60] Delivery\[40] Core Service\[10] Components and Modules\[125] 02._Delivery View\[10 - SUPERSEDED] placeholder.txt,DOCUMENT,MERGE,HIGH,165,e3b0c44298fc1c149afbf4c8996fb92427ae41e4649b934ca495991b7852b855,,
[aa] Outputs\51.SAD\02.Diagrams\41.Modules\05.Modules\32.Subscriptions\03._Qualities View\README.md,TARGET\[60] Delivery\[40] Core Service\[10] Components and Modules\[126] 03._Qualities View\[20] README.md,DOCUMENT,MERGE,HIGH,147,fbaf6721a1005517669fe08fdc0aaf275e8eaf95163da1429688a3ffedd533a3,,
[aa] Outputs\51.SAD\02.Diagrams\41.Modules\05.Modules\32.Subscriptions\03._Qualities View\_placeholder.txt,TARGET\[60] Delivery\[40] Core Service\[10] Components and Modules\[126] 03._Qualities View\[10 - SUPERSEDED] placeholder.txt,DOCUMENT,MERGE,HIGH,166,e3b0c44298fc1c149afbf4c8996fb92427ae41e4649b934ca495991b7852b855,,
[aa] Outputs\51.SAD\02.Diagrams\41.Modules\05.Modules\32.Subscriptions\04._Discovery View\README.md,TARGET\[60] Delivery\[40] Core Service\[10] Components and Modules\[127] 04._Discovery View\[20] README.md,DOCUMENT,MERGE,HIGH,147,fbaf6721a1005517669fe08fdc0aaf275e8eaf95163da1429688a3ffedd533a3,,
[aa] Outputs\51.SAD\02.Diagrams\41.Modules\05.Modules\32.Subscriptions\04._Discovery View\_placeholder.txt,TARGET\[60] Delivery\[40] Core Service\[10] Components and Modules\[127] 04._Discovery View\[10 - SUPERSEDED] placeholder.txt,DOCUMENT,MERGE,HIGH,166,e3b0c44298fc1c149afbf4c8996fb92427ae41e4649b934ca495991b7852b855,,
[aa] Outputs\51.SAD\02.Diagrams\41.Modules\05.Modules\32.Subscriptions\05._Definitions View\README.md,TARGET\[60] Delivery\[40] Core Service\[10] Components and Modules\[128] 05._Definitions View\[20] README.md,DOCUMENT,MERGE,HIGH,149,fbaf6721a1005517669fe08fdc0aaf275e8eaf95163da1429688a3ffedd533a3,,
[aa] Outputs\51.SAD\02.Diagrams\41.Modules\05.Modules\32.Subscriptions\05._Definitions View\_placeholder.txt,TARGET\[60] Delivery\[40] Core Service\[10] Components and Modules\[128] 05._Definitions View\[10 - SUPERSEDED] placeholder.txt,DOCUMENT,MERGE,HIGH,168,e3b0c44298fc1c149afbf4c8996fb92427ae41e4649b934ca495991b7852b855,,
[aa] Outputs\51.SAD\02.Diagrams\41.Modules\05.Modules\32.Subscriptions\06._Capabilities View\README.md,TARGET\[60] Delivery\[40] Core Service\[10] Components and Modules\[129] 06._Capabilities View\[20] README.md,DOCUMENT,MERGE,HIGH,150,fbaf6721a1005517669fe08fdc0aaf275e8eaf95163da1429688a3ffedd533a3,,
[aa] Outputs\51.SAD\02.Diagrams\41.Modules\05.Modules\32.Subscriptions\06._Capabilities View\_placeholder.txt,TARGET\[60] Delivery\[40] Core Service\[10] Components and Modules\[129] 06._Capabilities View\[10 - SUPERSEDED] placeholder.txt,DOCUMENT,MERGE,HIGH,169,e3b0c44298fc1c149afbf4c8996fb92427ae41e4649b934ca495991b7852b855,,
[aa] Outputs\51.SAD\02.Diagrams\41.Modules\05.Modules\32.Subscriptions\07._Use Cases View\README.md,TARGET\[60] Delivery\[40] Core Service\[10] Components and Modules\[130] 07._Use Cases View\[20] README.md,DOCUMENT,MERGE,HIGH,147,fbaf6721a1005517669fe08fdc0aaf275e8eaf95163da1429688a3ffedd533a3,,
[aa] Outputs\51.SAD\02.Diagrams\41.Modules\05.Modules\32.Subscriptions\07._Use Cases View\_placeholder.txt,TARGET\[60] Delivery\[40] Core Service\[10] Components and Modules\[130] 07._Use Cases View\[10 - SUPERSEDED] placeholder.txt,DOCUMENT,MERGE,HIGH,166,e3b0c44298fc1c149afbf4c8996fb92427ae41e4649b934ca495991b7852b855,,
[aa] Outputs\51.SAD\02.Diagrams\41.Modules\05.Modules\32.Subscriptions\08._Functionality View\README.md,TARGET\[60] Delivery\[40] Core Service\[10] Components and Modules\[131] 08._Functionality View\[20] README.md,DOCUMENT,MERGE,HIGH,151,fbaf6721a1005517669fe08fdc0aaf275e8eaf95163da1429688a3ffedd533a3,,
[aa] Outputs\51.SAD\02.Diagrams\41.Modules\05.Modules\32.Subscriptions\08._Functionality View\_placeholder.txt,TARGET\[60] Delivery\[40] Core Service\[10] Components and Modules\[131] 08._Functionality View\[10 - SUPERSEDED] placeholder.txt,DOCUMENT,MERGE,HIGH,170,e3b0c44298fc1c149afbf4c8996fb92427ae41e4649b934ca495991b7852b855,,
[aa] Outputs\51.SAD\02.Diagrams\41.Modules\05.Modules\32.Subscriptions\09._Interoperability View\README.md,TARGET\[60] Delivery\[50] Integrations\[40] Interoperability and Discovery\[86] README.md,DOCUMENT,MERGE,HIGH,130,fbaf6721a1005517669fe08fdc0aaf275e8eaf95163da1429688a3ffedd533a3,,
[aa] Outputs\51.SAD\02.Diagrams\41.Modules\05.Modules\32.Subscriptions\09._Interoperability View\_placeholder.txt,TARGET\[60] Delivery\[50] Integrations\[40] Interoperability and Discovery\[72 - SUPERSEDED] placeholder.txt,DOCUMENT,MERGE,HIGH,149,e3b0c44298fc1c149afbf4c8996fb92427ae41e4649b934ca495991b7852b855,,
[aa] Outputs\51.SAD\02.Diagrams\41.Modules\05.Modules\32.Subscriptions\10._Information View\README.md,TARGET\[60] Delivery\[40] Core Service\[10] Components and Modules\[132] 10._Information View\[20] README.md,DOCUMENT,MERGE,HIGH,149,fbaf6721a1005517669fe08fdc0aaf275e8eaf95163da1429688a3ffedd533a3,,
[aa] Outputs\51.SAD\02.Diagrams\41.Modules\05.Modules\32.Subscriptions\10._Information View\_placeholder.txt,TARGET\[60] Delivery\[40] Core Service\[10] Components and Modules\[132] 10._Information View\[10 - SUPERSEDED] placeholder.txt,DOCUMENT,MERGE,HIGH,168,e3b0c44298fc1c149afbf4c8996fb92427ae41e4649b934ca495991b7852b855,,
[aa] Outputs\51.SAD\02.Diagrams\41.Modules\05.Modules\32.Subscriptions\11._Sequence View\README.md,TARGET\[60] Delivery\[40] Core Service\[10] Components and Modules\[133] 11._Sequence View\[20] README.md,DOCUMENT,MERGE,HIGH,146,fbaf6721a1005517669fe08fdc0aaf275e8eaf95163da1429688a3ffedd533a3,,
[aa] Outputs\51.SAD\02.Diagrams\41.Modules\05.Modules\32.Subscriptions\11._Sequence View\_placeholder.md,TARGET\[60] Delivery\[40] Core Service\[10] Components and Modules\[133] 11._Sequence View\[10 - SUPERSEDED] placeholder.md,DOCUMENT,MERGE,HIGH,164,e3b0c44298fc1c149afbf4c8996fb92427ae41e4649b934ca495991b7852b855,,
[aa] Outputs\51.SAD\02.Diagrams\41.Modules\05.Modules\32.Subscriptions\12._Integration View\README.md,TARGET\[60] Delivery\[50] Integrations\[10] APIs and Endpoints\[90] README.md,DOCUMENT,MERGE,HIGH,118,fbaf6721a1005517669fe08fdc0aaf275e8eaf95163da1429688a3ffedd533a3,,
[aa] Outputs\51.SAD\02.Diagrams\41.Modules\05.Modules\32.Subscriptions\12._Integration View\_placeholder.txt,TARGET\[60] Delivery\[50] Integrations\[10] APIs and Endpoints\[55 - SUPERSEDED] placeholder.txt,DOCUMENT,MERGE,HIGH,137,e3b0c44298fc1c149afbf4c8996fb92427ae41e4649b934ca495991b7852b855,,
[aa] Outputs\51.SAD\02.Diagrams\41.Modules\05.Modules\32.Subscriptions\13._Deployment View\README.md,TARGET\[60] Delivery\[80] Release and Deployment\[20] Deployment\[40] README.md,DOCUMENT,MERGE,HIGH,120,fbaf6721a1005517669fe08fdc0aaf275e8eaf95163da1429688a3ffedd533a3,,
[aa] Outputs\51.SAD\02.Diagrams\41.Modules\05.Modules\32.Subscriptions\13._Deployment View\_placeholder.txt,TARGET\[60] Delivery\[80] Release and Deployment\[20] Deployment\[20 - SUPERSEDED] placeholder.txt,DOCUMENT,MERGE,HIGH,139,e3b0c44298fc1c149afbf4c8996fb92427ae41e4649b934ca495991b7852b855,,
[aa] Outputs\51.SAD\02.Diagrams\41.Modules\05.Modules\32.Subscriptions\14._Development View\README.md,TARGET\[60] Delivery\[40] Core Service\[10] Components and Modules\[134] 14._Development View\[20] README.md,DOCUMENT,MERGE,HIGH,149,fbaf6721a1005517669fe08fdc0aaf275e8eaf95163da1429688a3ffedd533a3,,
[aa] Outputs\51.SAD\02.Diagrams\41.Modules\05.Modules\32.Subscriptions\14._Development View\_placeholder.txt,TARGET\[60] Delivery\[40] Core Service\[10] Components and Modules\[134] 14._Development View\[10 - SUPERSEDED] placeholder.txt,DOCUMENT,MERGE,HIGH,168,e3b0c44298fc1c149afbf4c8996fb92427ae41e4649b934ca495991b7852b855,,
[aa] Outputs\51.SAD\02.Diagrams\41.Modules\05.Modules\32.Subscriptions\15._Implementation View\README.md,TARGET\[60] Delivery\[80] Release and Deployment\[20] Deployment\[42] README.md,DOCUMENT,MERGE,HIGH,120,fbaf6721a1005517669fe08fdc0aaf275e8eaf95163da1429688a3ffedd533a3,,
[aa] Outputs\51.SAD\02.Diagrams\41.Modules\05.Modules\32.Subscriptions\15._Implementation View\_placeholder.txt,TARGET\[60] Delivery\[80] Release and Deployment\[20] Deployment\[22 - SUPERSEDED] placeholder.txt,DOCUMENT,MERGE,HIGH,139,e3b0c44298fc1c149afbf4c8996fb92427ae41e4649b934ca495991b7852b855,,
[aa] Outputs\51.SAD\02.Diagrams\41.Modules\05.Modules\32.Subscriptions\16._Transition View\README.md,TARGET\[70] Transition\[50] Transition\[10] Cutover and Stabilisation\[50] README.md,DOCUMENT,MERGE,HIGH,125,fbaf6721a1005517669fe08fdc0aaf275e8eaf95163da1429688a3ffedd533a3,,
[aa] Outputs\51.SAD\02.Diagrams\41.Modules\05.Modules\32.Subscriptions\16._Transition View\_placeholder.txt,TARGET\[70] Transition\[50] Transition\[10] Cutover and Stabilisation\[25 - SUPERSEDED] placeholder.txt,DOCUMENT,MERGE,HIGH,144,e3b0c44298fc1c149afbf4c8996fb92427ae41e4649b934ca495991b7852b855,,
[aa] Outputs\51.SAD\02.Diagrams\41.Modules\05.Modules\32.Subscriptions\21._C&A View\README.md,TARGET\[60] Delivery\[40] Core Service\[10] Components and Modules\[135] 21._C&A View\[20] README.md,DOCUMENT,MERGE,HIGH,141,fbaf6721a1005517669fe08fdc0aaf275e8eaf95163da1429688a3ffedd533a3,,
[aa] Outputs\51.SAD\02.Diagrams\41.Modules\05.Modules\32.Subscriptions\21._C&A View\_placeholder.txt,TARGET\[60] Delivery\[40] Core Service\[10] Components and Modules\[135] 21._C&A View\[10 - SUPERSEDED] placeholder.txt,DOCUMENT,MERGE,HIGH,160,e3b0c44298fc1c149afbf4c8996fb92427ae41e4649b934ca495991b7852b855,,
[aa] Outputs\51.SAD\02.Diagrams\41.Modules\98.Legacy\311.00.Service - Base System Logical Module - LEGACY.drawio,TARGET\[90] Closure\[10] Retirement\[10] Planning and Exit\_media\Service - Base System Logical Module - LEGACY.drawio,MEDIA,MERGE,HIGH,159,8df9bbab25ad75c5e00998f1f5d1ab6124791df4156389559fd044805df9e3e1,,
[aa] Outputs\51.SAD\02.Diagrams\41.Modules\98.Legacy\311.06.00.Delivery Considerations (SOURCE).drawio,TARGET\[90] Closure\[10] Retirement\[10] Planning and Exit\_media\Delivery Considerations (SOURCE).drawio,MEDIA,MERGE,HIGH,146,479f6dcd84de06a112375d80a5206a10bebd1db61cb4a96d3db739464220c75f,,
[aa] Outputs\51.SAD\02.Diagrams\41.Modules\98.Legacy\311.41.00.Deployment (LEGACY).drawio,TARGET\[90] Closure\[10] Retirement\[10] Planning and Exit\_media\Deployment (LEGACY).drawio,MEDIA,MERGE,HIGH,133,408524ef58ea2a3ebd9fff6f8a8e638b5676ea024bbd944b21608cc798e0deba,,
